"poster_no","opportunity_space","feeling","poster_group","poster_status","poster_product","poster_file","group_size","rank_in_group","grade","score","response","source_category"
"1","Getting the visa","Frustration","Frustration poster","assigned","Air India — travel","air indian .jpg","2","1","A","80","Getting things like ‘stamped’ bank statements in order to apply for visas to travel is the worst and a total waste of time. Chasing my bank RM, physically going to the bank, being used as a field to be pitched insurance & other financial products while I wait and being made to feel ungrateful for not buying yet another product from my bank while they are doing the supremely important job of certifying that I’m not lying about my bank balance is very tiring. And this dance happens often since no nation cares to give an indian passport holder a visa without doing these hoops.","Money, investing and insurance"
"1","Getting the visa","Frustration","Frustration poster","assigned","Air India — travel","air indian .jpg","2","2","B","71","applying for visas is one of the most demeaning processes. whether it is schengen or even small developing countries, their system treats indians with a lot of suspicion. schengen is the worst - they need tons of physical documents, attested by bank, wait in queues and then there is always a chance they will reject (thankfully hasn't happened with us). and charge a bomb and give a visa for 2 months max. it is a huge racket","Travel and holidays"
"2","Getting the visa","Procrastinate","Procrastinate poster","assigned","Cathay Pacific — Asia travel","cathy pacific.jpg","2","1","B","74","planning and booking hotels, visa, convincing people nt to cancel last minute, getting their leaves permitted","Travel and holidays"
"2","Getting the visa","Procrastinate","Procrastinate poster","assigned","Cathay Pacific — Asia travel","cathy pacific.jpg","2","2","B","69","doing the research of best stock and keeping the amount for that and at last moment feeling lazy to pay and buy it and procrastinate it for another day.  Also using different mode of payment for different categories, like bills using visa card, shopping using master card as each of them has reward point for different types of payment.","Money, investing and insurance"
"3","Managing the family's health","Frustration","Frustration poster 1/5","assigned","Anacin painkiller — medicine","anacin.webp","10","1","A","88","The Task: Getting cashless health insurance pre-authorization approved during a family emergency.  Where I was: Pacing the billing desk of a hospital at 11:30 PM.  What happened: The hospital's insurance desk refused to initiate admission paperwork without a physical copy of a policy schedule and an elusive ""settlement query clearance"" from the Third-Party Administrator (TPA).  What I had to deal with: Waiting 45 minutes on hold with customer support, hunting through years of forwarded email threads to find policy numbers, and running back and forth between doctors for manual stamp signatures on discharge estimates—all while just wanting to focus on family.","Money, investing and insurance"
"3","Managing the family's health","Frustration","Frustration poster 1/5","assigned","Anacin painkiller — medicine","anacin.webp","10","2","A","88","Booking a hotel is a nightmare in India. Outside India, you can be assured about the quality of a mid-priced hotel. But in India, the hotel tariffs are too high and there is hardly any amenities. Especially if I want to book a double or a 2-bedroom place. Airbnbs often give wrong information like location or take the booking and cancel if they need to. Most hotels seem to be managed by middle-men who have no experience with hospitality and are so transactional that I need to sign a separate no-liability contract before I enter their property. One time I booked a villa only to find out they charge by person (even though I booked the villa, only 2 people can enter the premises unless I pay more)","Travel and holidays"
"3","Managing the family's health","Frustration","Frustration poster 1/5","assigned","Anacin painkiller — medicine","anacin.webp","10","3","A","88","I keep on facing minor health issues from time to time , probably due to the type of lifestyle I have been living   And I know I need to get a full body check up but the whole process of finding a genuine doctor with a genuine pricing  And then going all the way there  It's all very tedious  Waiting in the line or anything at all about the healthcare just annoys me   Moreover I wish I could order basic OTCs over blinkit or something   Like if I need disprins or paracetamols , it should be more deliverable","Health and medical"
"3","Managing the family's health","Frustration","Frustration poster 1/5","assigned","Anacin painkiller — medicine","anacin.webp","10","4","A","86","Figuring out what I needed to do when I was really unwell. I was in my hostel room, feeling awful, and had to work out what medication I could take, when I should take it, whether I needed food or rest, and at what point I should actually seek medical help. At the same time, I was trying to communicate with people around me and get enough rest. What made it frustrating was that even when I was sick, I still had to make all those small decisions myself. Being pampered by my parents all these years make it real hard for me to live alone.","Health and medical"
"3","Managing the family's health","Frustration","Frustration poster 1/5","assigned","Anacin painkiller — medicine","anacin.webp","10","5","A","86","Medical reports I had to get a blood test done and then collect the report. I had to keep checking when it would be ready and then remember to download and save it. It was a small task, but surprisingly easy to forget. 2. Finding a doctor I needed to find a doctor for a minor issue. I ended up checking Google, reading reviews, comparing timings, and calling a few clinics before deciding. It took much longer than I expected. 3. Medicine reminders I had to take medicines for a few days, but remembering the timings was annoying. With a busy schedule, I sometimes had to stop what I was doing just to check whether it was time to take them. 4. Medical documents I needed an old medical report and spent quite a while searching through my phone, WhatsApp, and email to find it. I knew I had received it somewhere, but finding the exact file was the frustrating part","Health and medical"
"3","Managing the family's health","Frustration","Frustration poster 1/5","assigned","Anacin painkiller — medicine","anacin.webp","10","6","A","86","Lol, you cannot solve mine. My situation is unique. I am a college student, and I can cook (I do so because I don't like mess food), but managing all that is time-consuming, plus I have to worry my roommate is not in the room when I do so as to not inconvenience him since our room is small and cooking produces odor and is kind of a hindrance for bystanders. See? Told you. It is self-created misery, but at least I eat healthy (and save money too).","Food and eating out"
"3","Managing the family's health","Frustration","Frustration poster 1/5","assigned","Anacin painkiller — medicine","anacin.webp","10","7","A","85","Bills, receipts, prescriptions, lab test reports - over the years and for different family members. Such a hassle to track and organise them all even though there are digital tools to store them. Yet the uploading and storing and labelling is a pain.  Add to that the headache of keeping track of different labs, the kind of tests to take, the comparing of prices, and bundles, if any.","Health and medical"
"3","Managing the family's health","Frustration","Frustration poster 1/5","assigned","Anacin painkiller — medicine","anacin.webp","10","8","A","84","The regular dental check up. I never do that on time. Everything feels alright or manageable till a time.  Plus, i hate the feeling of lying on a dental clinic in an inclined position with the mouth agape listening to the sound that comes off the dentist's tools. I keep postponing that. Some day a tooth will ache and I end up going through what I dread the most.","Health and medical"
"3","Managing the family's health","Frustration","Frustration poster 1/5","assigned","Anacin painkiller — medicine","anacin.webp","10","9","A","83","Makin appointments with doctors, planning a visit to them, planning my work and rest of the day around it. Then planning to get the tests done and fina a new time for follow up appointment. Pretty frustrating and time consuming.","Health and medical"
"3","Managing the family's health","Frustration","Frustration poster 1/5","assigned","Anacin painkiller — medicine","anacin.webp","10","10","A","83","I had to manage my father's medical appointment. So I had to go to the clinic first to check if doctor is available today and at what time and what's the current que. Then based on that I had to take my father to clinic then he had to go through the lab tests and then we need to wait for it. Then doctor reviews my the result and examine my father. Then he prescribes medicines for which again I need to wait medical store. It consumes almost entire day.","Health and medical"
"4","Managing the family's health","Frustration","Frustration poster 2/5","assigned","Cadbury Drinking Chocolate — bedtime drink","cadbury drinking chocolate.jpeg","10","1","A","82","A few days ago, I was trying to book a doctor’s appointment because I’d been having persistent back pain. I was at home, trying to figure out which specialist to go to, checking timings, calling the clinic, and then coordinating the appointment with my dad. The annoying part was that every step was separate — finding the right doctor, checking availability, getting the address, remembering the appointment time, and then keeping track of what I needed to take with me. None of it was difficult individually, but when you’re already uncomfortable, having to deal with all those little things yourself is frustrating. I remember thinking that I’d much rather just tell an assistant, “Find me a good specialist and get this appointment sorted,” and have it handle the rest.","Health and medical"
"4","Managing the family's health","Frustration","Frustration poster 2/5","assigned","Cadbury Drinking Chocolate — bedtime drink","cadbury drinking chocolate.jpeg","10","2","A","82","most in the ordering the medicine i usually go the platform name Zeno while ordering the medicines dr call and give the confirmation and after that we get final confirmation of medicine this is the complete tedious task dr always call by any time not by the time of booking the medicine it should be the easy process instead of just dm on the whatsaap its done no need to call or wait for the futher process","Health and medical"
"4","Managing the family's health","Frustration","Frustration poster 2/5","assigned","Cadbury Drinking Chocolate — bedtime drink","cadbury drinking chocolate.jpeg","10","3","A","82","I have this gray business idea of starting a lifestyle  and function department in my existing hospital. Being curious and from a medical background ground with trans disciplinary approach to life it thought I should be the one learning and reading about it.  The hobbie ir curiosity del dive on longevity turned into learning something. But I found it hard to structure the learning, put in the working blocks of time required and and there was very little accountability. I would have loved some help in keeping on track by curating a structure self paced programme and give me reminders","Learning and hobbies"
"4","Managing the family's health","Frustration","Frustration poster 2/5","assigned","Cadbury Drinking Chocolate — bedtime drink","cadbury drinking chocolate.jpeg","10","4","A","82","I was at home trying to book a doctor’s appointment for a family member. The clinic kept giving me different available times, so I had to call them, check the doctor’s schedule, confirm which documents were needed, and then follow up again when they didn’t send the appointment confirmation. It wasn’t difficult medically, but it was frustrating because it involved several small calls and messages just to get one simple appointment sorted.","Health and medical"
"4","Managing the family's health","Frustration","Frustration poster 2/5","assigned","Cadbury Drinking Chocolate — bedtime drink","cadbury drinking chocolate.jpeg","10","5","A","81","I was trying to get a medical appointment sorted while juggling everything else going on that day. I had to check the available timings, coordinate with the person involved, call the clinic, and then follow up because I didn’t get a confirmation when I expected one. I kept WhatsApp open because I was waiting for a reply, then had to send another message and eventually call. None of the individual steps was difficult, but the whole thing was fragmented and easy to lose track of. What annoyed me most was having to remember what I was waiting for and who I needed to chase, rather than actually getting the health-related task done.","Health and medical"
"4","Managing the family's health","Frustration","Frustration poster 2/5","assigned","Cadbury Drinking Chocolate — bedtime drink","cadbury drinking chocolate.jpeg","10","6","A","80","I've been facing iron B12 Vitamin D deficiency for the past 1 .5 years now, and i can't take medicines directly because of the phobia i have of the capsule getting stuck in my throat. this always makes me not take supplements on timely basis and it's a pain to crush each medicine and then gulp it with water. some capsules even can't be taken and i need to rely on syrups for the same. hence, i end up with not at all taking any supplement and still have a persistent deficiencies","Health and medical"
"4","Managing the family's health","Frustration","Frustration poster 2/5","assigned","Cadbury Drinking Chocolate — bedtime drink","cadbury drinking chocolate.jpeg","10","7","A","80","I have pcod and to deal with it ,is frustrating and painful","Health and medical"
"4","Managing the family's health","Frustration","Frustration poster 2/5","assigned","Cadbury Drinking Chocolate — bedtime drink","cadbury drinking chocolate.jpeg","10","8","B","79","It is frustrating when either every alternate day or after a fixed time, I have to purchase a same set of medicines for my parents and other elders in my home.","Health and medical"
"4","Managing the family's health","Frustration","Frustration poster 2/5","assigned","Cadbury Drinking Chocolate — bedtime drink","cadbury drinking chocolate.jpeg","10","9","B","79","Once I tried to get health insurance for my parents. It was a boring and time consuming task where I had to look at benefits of each insurance scheme offered by different providers and balance cost efficiency with more coverage. But, I felt Ditto insurance helped me in that process.","Money, investing and insurance"
"4","Managing the family's health","Frustration","Frustration poster 2/5","assigned","Cadbury Drinking Chocolate — bedtime drink","cadbury drinking chocolate.jpeg","10","10","B","78","I want to eat healthy now but I am simply unable to either find or decide or follow through on healthy eating, and then I end up regretting the unhealthy feeling I get in my stomach after eating junk.","Food and eating out"
"5","Managing the family's health","Frustration","Frustration poster 3/5","assigned","Cadbury Drinking Chocolate — relax drink","cadbury drinking chocolate2.jpeg","10","1","B","78","I was diagnosed with PCOS. I first started noticing symptoms in my early teenage years, so I always had a feeling that something was wrong. I started experiencing facial hair and have to shave it off every other day. I also deal with extremely painful period cramps. On top of that, I've experienced significant hair loss over the past few years.","Health and medical"
"5","Managing the family's health","Frustration","Frustration poster 3/5","assigned","Cadbury Drinking Chocolate — relax drink","cadbury drinking chocolate2.jpeg","10","2","B","77","Go to the doctor, wait in a very long queue just to get a generic medicine for which doctor did not even diagnose me physically. Post that, wait in another queue for a prescribed medicine is very frustrating for me","Health and medical"
"5","Managing the family's health","Frustration","Frustration poster 3/5","assigned","Cadbury Drinking Chocolate — relax drink","cadbury drinking chocolate2.jpeg","10","3","B","77","I’ve noticed I tend to procrastinate medical and health checkups even when I know I should get them done. The task itself isn’t difficult, but it feels exhausting: finding a suitable clinic, checking availability, booking an appointment, figuring out when I can fit it into my schedule, and then actually going. I usually tell myself I’ll do it “next week,” and the small amount of effort keeps getting pushed further down the list. What I’d really want is an assistant that could handle the logistics for me and turn “I should get this checked” into an actual appointment without making me think about every little step.","Health and medical"
"5","Managing the family's health","Frustration","Frustration poster 3/5","assigned","Cadbury Drinking Chocolate — relax drink","cadbury drinking chocolate2.jpeg","10","4","B","77","Going to the hospital, waiting for my test to get done and it's usually never on time, getting the test - it's very annoying and I have to take out an entire day out because I have no way of knowing if things will happen on time and how much time they will take","Health and medical"
"5","Managing the family's health","Frustration","Frustration poster 3/5","assigned","Cadbury Drinking Chocolate — relax drink","cadbury drinking chocolate2.jpeg","10","5","B","76","Like most of the time, it becomes difficult for me to go out and get medicines so I try to Google and decide from what all medicines I have. Sometimes I don't take any in fear of any side effects.","Health and medical"
"5","Managing the family's health","Frustration","Frustration poster 3/5","assigned","Cadbury Drinking Chocolate — relax drink","cadbury drinking chocolate2.jpeg","10","6","B","76","Since my college campus is a little away from the city, getting access to doctors and medicines is a little difficult. Many medicines are not available and online orders take 3-4 days to get delivered.","Health and medical"
"5","Managing the family's health","Frustration","Frustration poster 3/5","assigned","Cadbury Drinking Chocolate — relax drink","cadbury drinking chocolate2.jpeg","10","7","B","76","Being intolerant to a lot of things make it frustrating for me to eat outside, constantly looking at the menus to make sure I get no such allergy which will be frustrating","Health and medical"
"5","Managing the family's health","Frustration","Frustration poster 3/5","assigned","Cadbury Drinking Chocolate — relax drink","cadbury drinking chocolate2.jpeg","10","8","B","75","To extract wisdom teeth last month at the dentist clinic, I shouted in pain, like never before. Every one surprised.","Health and medical"
"5","Managing the family's health","Frustration","Frustration poster 3/5","assigned","Cadbury Drinking Chocolate — relax drink","cadbury drinking chocolate2.jpeg","10","9","B","75","had to deal with pain and what if there are better alternatives of treatment and doctors","Health and medical"
"5","Managing the family's health","Frustration","Frustration poster 3/5","assigned","Cadbury Drinking Chocolate — relax drink","cadbury drinking chocolate2.jpeg","10","10","B","74","I bought some medicines but forgot to eat them.....they were kept as it is and one day my mum saw the medicines and scolded me","Health and medical"
"6","Managing the family's health","Frustration","Frustration poster 4/5","assigned","Anacin pain-relief medicine","ANACIN pain relief medicine.jpg","10","1","B","74","Taking Dr appointments through the insurance apps (under our OPD Health Insurance), getting Dr confirmation on appointment and completing the process on app which includes upload of prescription etc","Health and medical"
"6","Managing the family's health","Frustration","Frustration poster 4/5","assigned","Anacin pain-relief medicine","ANACIN pain relief medicine.jpg","10","2","B","74","Searching for a best insurance or investing method ,like to direct invest in share market to purchase stocks or to go through mutual fund ,and while purchasing a health insurance its difficult to comapre each plan from different company.","Money, investing and insurance"
"6","Managing the family's health","Frustration","Frustration poster 4/5","assigned","Anacin pain-relief medicine","ANACIN pain relief medicine.jpg","10","3","B","73","About three years ago, I fractured my leg, and it frustrated me a lot because I couldn’t do things on my own. I had to depend on others for even simple tasks, which was very irritating and difficult for me. This continued for almost a year.","Health and medical"
"6","Managing the family's health","Frustration","Frustration poster 4/5","assigned","Anacin pain-relief medicine","ANACIN pain relief medicine.jpg","10","4","B","73","For quite a days I'm unwell with cold, cough, fever, body pain so I'm now well versed with medicine and stuff.","Health and medical"
"6","Managing the family's health","Frustration","Frustration poster 4/5","assigned","Anacin pain-relief medicine","ANACIN pain relief medicine.jpg","10","5","B","72","I recently had to visit a dentist for a tooth removal procedure post which i was given some med prescription and told a list of to dos and not to dos to help in the post-procedure part. I found it hard to remember the things doc told me. Also their written handwriting is illegible so you can easily misinterpret it.","Health and medical"
"6","Managing the family's health","Frustration","Frustration poster 4/5","assigned","Anacin pain-relief medicine","ANACIN pain relief medicine.jpg","10","6","B","72","Too cumbersome to understand and evaluate different term insurances, health insurances, mutual funds etc and where to put money in. Also, geopolitical events keep messing up the timing of investing","Money, investing and insurance"
"6","Managing the family's health","Frustration","Frustration poster 4/5","assigned","Anacin pain-relief medicine","ANACIN pain relief medicine.jpg","10","7","B","72","The health insurance claim even for cashless facilities is an unnecessary drag, 80% of the process can be done through a tap with an automated flow","Money, investing and insurance"
"6","Managing the family's health","Frustration","Frustration poster 4/5","assigned","Anacin pain-relief medicine","ANACIN pain relief medicine.jpg","10","8","B","72","I hate going to the hospital and waiting there for longer. If someone could update the token list based on the booking, i wouldnt have to wait that long","Health and medical"
"6","Managing the family's health","Frustration","Frustration poster 4/5","assigned","Anacin pain-relief medicine","ANACIN pain relief medicine.jpg","10","9","B","71","Tough to shortlist and finalise the right Doctor Who may charge more, but doesn’t go for unnecessary tests and diagnosis","Health and medical"
"6","Managing the family's health","Frustration","Frustration poster 4/5","assigned","Anacin pain-relief medicine","ANACIN pain relief medicine.jpg","10","10","B","70","I find myself frequently spending hours searching online to cross-reference my symptoms with various medical conditions. It’s an exhausting and anxiety-inducing cycle because I’m never quite sure if I’m finding accurate information or just spiraling down a rabbit hole of worst-case scenarios, leaving me more confused than when I started.","Health and medical"
"7","Managing the family's health","Frustration","Frustration poster 5/5","assigned","Powerin headache medicine","POWERIN headache medicine.jpg","3","1","B","69","I was on vacation, away from my usual pharmacy, when I realized my insulin supply was running low. I called around to the nearest pharmacies — [none had my specific insulin in stock / didn't stock the brand at all], and I was stuck between rationing what I had left and losing hours trying to find a working option in an unfamiliar place. [What did you actually do next — call your regular pharmacy back home to courier it, ask a local doctor for an alternative prescription, drive further out to a bigger pharmacy, or something else?] What should be a five-minute refill turned into [however long it actually took] of phone calls and uncertainty, in a situation where running out isn't really optional.""","Health and medical"
"7","Managing the family's health","Frustration","Frustration poster 5/5","assigned","Powerin headache medicine","POWERIN headache medicine.jpg","3","2","B","69","The hospital I chose to take help with using my mediclaim for ""the new india assurance company ltd"" didn't have cashless facilities available. I had to do all the attesting, photography of documents, arranging them. All the paperwork manually.","Health and medical"
"7","Managing the family's health","Frustration","Frustration poster 5/5","assigned","Powerin headache medicine","POWERIN headache medicine.jpg","3","3","B","68","I was in my hostel and don't know why my skin starts getting irritated and after few minutes some red spots starts appearing I got so tense I thought it can be dangoo and for that I had to rush to the hospital but at the end it was just an allergy","Health and medical"
"8","Managing the family's health","Repetitive","Repetitive poster 1/4","assigned","Sanzyme digestive medicine","SANZYME  digest fast.jpg","10","1","A","89","There are a couple of options that I go over every single time. There's a hotel from Indore & a local joint near me & both of them deliver to my place. One is slightly more healthy (less oil etc) while the other is economical. Swiggy has a few staples that I go to but offers are inconsistent each time. EatClub is a go-to as well but I get bored of it so it can't be a regular. And then there is my hostel mess- the last resort. This analysis paralysis is essentially just me weighing up the factors (cost, healthiness, protein intake, delivery time, preparation style) to see what matters more on the day. If this can be visually scored or maybe mapped, it would make my decision easier to establish a sort of timetable.","Food and eating out"
"8","Managing the family's health","Repetitive","Repetitive poster 1/4","assigned","Sanzyme digestive medicine","SANZYME  digest fast.jpg","10","2","A","88","Honestly, the one that gets me every time is getting a basic health checkup done before hostel or travel requirements. I call the clinic, get put on hold forever, and when I finally get through, they tell me I still need to come in person because the doctor wants to physically check vitals and can't sign off on the form otherwise. So, I show up, wait in a queue that isn't moving for a good forty minutes, fill out the same details I've filled out a dozen times before, get my BP and weight checked in under two minutes, and then have to pay the consultation fee in cash because the bank server for UPI payments is ""down"" again, so I'm scrambling to find an ATM nearby before they close for lunch. What shouldve taken ten minutes turns into an entire afternoon gone, just to get a stamp confirming I'm medically fit for something I already knew I was fit for. Every single time.","Health and medical"
"8","Managing the family's health","Repetitive","Repetitive poster 1/4","assigned","Sanzyme digestive medicine","SANZYME  digest fast.jpg","10","3","A","88","I have to cut on sugar maida oil and other junk food while sitting on the same table with my peers. Deny on being offered something sugary every time it's so frustrating.","Health and medical"
"8","Managing the family's health","Repetitive","Repetitive poster 1/4","assigned","Sanzyme digestive medicine","SANZYME  digest fast.jpg","10","4","A","88","I was sitting at my desk trying to calculate my deductions before the tax-filing deadline, buried across four different banking apps and email accounts trying to track down investment proofs.  I had recurring SIP statements in one app, health insurance premium receipts buried as encrypted PDFs across Gmail search results, fixed deposit interest certificates behind net banking logins with forgotten passwords, and a mix of forgotten recurring subscriptions charging my credit cards via auto-debit mandates.  I spent nearly three hours manually opening password-protected PDFs using different combinations of my PAN and date of birth, keying numbers into an Excel sheet to check if my numbers matched the annual information statement, and trying to cancel two auto-renewing subscriptions that didn't have an obvious ""cancel mandate"" button anywhere on the app.","Money, investing and insurance"
"8","Managing the family's health","Repetitive","Repetitive poster 1/4","assigned","Sanzyme digestive medicine","SANZYME  digest fast.jpg","10","5","A","87","I have a chronic stomach infection that requires me to take a certain type of medicine, which is neither a tablet nor a syrup, three times a day. As an active college student, amongst the chaos of going to classes, managing my day around the college, having lunch at the mess, and running back to classes, it drains me out, and often reminders to have the medicine in time slips from my mind. Most days instead of taking the meds three times a day, I take them one time. Now multiply this routine from the past 4 years. It's frustrating and tiresome and somehow still adversely affecting my health.","Health and medical"
"8","Managing the family's health","Repetitive","Repetitive poster 1/4","assigned","Sanzyme digestive medicine","SANZYME  digest fast.jpg","10","6","A","86","This month, I had to manage several health-related tasks. I had a root canal treatment, which involved scheduling dental appointments, going for multiple visits, and managing the follow-up care. I was also dealing with irregular periods, which meant keeping track of my cycle and considering when I should consult a doctor. On top of that, I caught a cold and fever due to the change in weather, so I had to manage medicines, rest, and recovery. Keeping track of all these appointments, symptoms, medicines, and follow-ups was stressful and time-consuming.","Health and medical"
"8","Managing the family's health","Repetitive","Repetitive poster 1/4","assigned","Sanzyme digestive medicine","SANZYME  digest fast.jpg","10","7","A","86","Searching for good doctors and allied staff for my health related problems . Purchasing medicine online and comparing many websites for discounts and alternative brands and dealing with 2nd thought like""should I buy form this brand"" and refilling again each time they get over Deciding what supplements to take and when Maintaining records over aperiod of time","Health and medical"
"8","Managing the family's health","Repetitive","Repetitive poster 1/4","assigned","Sanzyme digestive medicine","SANZYME  digest fast.jpg","10","8","A","86","Within a few days of joining college, I started itching all over. Intense enough that I was scratching constantly, in my hostel room, in the canteen, in class. I didn't really register it for the first month. My schedule was too packed to get to a dermatologist, so I called our family doctor instead. He heard me describe it over the phone, couldn't see anything, and put me on something temporary until I could get home. It worked, but the day I forgot a dose the itching came straight back, so I was managing it entirely on memory in a hostel with no routine. When I finally got home and saw a dermatologist, she ordered a set of blood tests. It turned out to be an allergy. Her instruction was: observe your lifestyle closely and work out what triggers it. That's the part I still haven't done properly. I was asked to find a pattern across everything I eat, wear, wash with and sleep on, with nothing to record it in and nothing to compare it against. So I've been guessing. My two suspects are the paneer I get at lunch and dinner most days, or the hard water in the hostel bathrooms. I still don't actually know which.","Health and medical"
"8","Managing the family's health","Repetitive","Repetitive poster 1/4","assigned","Sanzyme digestive medicine","SANZYME  digest fast.jpg","10","9","A","85","A situation that comes to mind was when someone in my family had to visit a doctor for a routine health issue. I was helping them manage the whole process—finding the right doctor, checking available appointment slots, coordinating the timing with everyone, keeping track of the reports and prescriptions, and following up when we needed clarification from the hospital. The frustrating part wasn’t any one task; it was having information scattered across WhatsApp messages, calls, PDFs, and appointment confirmations. I had to repeatedly check what had been done, what was still pending, and what needed to happen next. That was one of those moments where I thought a simple assistant could have taken over the coordination—keeping all the information together, reminding us about appointments and medicines, and telling us what needed attention next—while we focused on the person rather than the logistics.","Health and medical"
"8","Managing the family's health","Repetitive","Repetitive poster 1/4","assigned","Sanzyme digestive medicine","SANZYME  digest fast.jpg","10","10","A","85","Every time I have to go to meet a doctor for a medical appointment at a fixed time, I realise that there is no value or respec for my time. The wait time can be endless, and the desire to walk out is strong. However, I end up swallowing the irritation and sitting...my need is stronger.","Health and medical"
"9","Managing the family's health","Repetitive","Repetitive poster 2/4","assigned","Saridon headache painkiller","Saridon headache painkiller.jpg","10","1","A","83","Whenever I feel unwell, I usually end up going through the same routine. I book a doctor's appointment immediately, ask the doctor several questions to understand what is happening, follow the prescribed advice, get enough rest, and avoid foods or activities that might make things worse. I keep repeating these steps whenever I have a health issue, and most of it feels like a routine that takes time rather than something that requires much thought.","Health and medical"
"9","Managing the family's health","Repetitive","Repetitive poster 2/4","assigned","Saridon headache painkiller","Saridon headache painkiller.jpg","10","2","A","82","I was supposed to remind my parents about a couple of tests that are to be taken, some medicines that I have to buy on the way back; despite a bazillion reminders, all of us have successfully forgotten to get it to after several procrastinations.","Health and medical"
"9","Managing the family's health","Repetitive","Repetitive poster 2/4","assigned","Saridon headache painkiller","Saridon headache painkiller.jpg","10","3","A","81","It was late at night when I got a reminder that my health insurance was due for renewal. I opened the policy, saw a long list of exclusions, deductibles, and terms I barely remembered, and then started comparing it with a couple of other plans online.  I kept switching between tabs, trying to figure out whether I was already adequately covered, whether I should increase the coverage, and whether paying more for another plan actually made sense. I also had to find an old policy document and some personal details to complete the process.  I told myself I’d finish it the next day. Then the next week. Eventually, I just renewed the existing policy because making the decision felt harder than postponing it.  That’s the kind of financial task I repeatedly avoid—not because it takes hours, but because I’m afraid of making the wrong decision.","Money, investing and insurance"
"9","Managing the family's health","Repetitive","Repetitive poster 2/4","assigned","Saridon headache painkiller","Saridon headache painkiller.jpg","10","4","A","80","I had to schedule a doctor’s appointment and manage the follow-up process. I was trying to find an available slot, coordinate the timing, keep track of the appointment details, and remember when to follow up. It was a small task, but managing all the calls, messages and reminders was frustrating.","Health and medical"
"9","Managing the family's health","Repetitive","Repetitive poster 2/4","assigned","Saridon headache painkiller","Saridon headache painkiller.jpg","10","5","A","80","I must help order the medicine for elderly. It is ordered every month, but I have to remember the date until stocks last, check the stocks and then order.  I also remind my parents and grand-parents to do their health check-up. Have to follow-up multiple times before they agree for an appointment.","Health and medical"
"9","Managing the family's health","Repetitive","Repetitive poster 2/4","assigned","Saridon headache painkiller","Saridon headache painkiller.jpg","10","6","A","80","Every time I need to order medicine, I have to check which medicines I have taken in the past, which medical shops have them available, which brands or medicines have suited me well before, and where I can get the best discounts. Having to search through all of this every time I place an order is a hectic and time-consuming task.","Health and medical"
"9","Managing the family's health","Repetitive","Repetitive poster 2/4","assigned","Saridon headache painkiller","Saridon headache painkiller.jpg","10","7","B","79","Scheduling doctor appointments, refilling prescriptions & supplements, booking tests - all are repetitive but need me to take out the time and do them.","Health and medical"
"9","Managing the family's health","Repetitive","Repetitive poster 2/4","assigned","Saridon headache painkiller","Saridon headache painkiller.jpg","10","8","B","79","Tracking my parents health and blood tests along with full body check ups. I have to follow up with them constantly and remind them as well","Health and medical"
"9","Managing the family's health","Repetitive","Repetitive poster 2/4","assigned","Saridon headache painkiller","Saridon headache painkiller.jpg","10","9","B","78","It's very painful - like going through the pros and cons of enhancing a Health insurance policy, whether a term policy is worth it, whether to go for an IPO, whether to renew a recurring deposit.. a lot of things I have to decide on..","Money, investing and insurance"
"9","Managing the family's health","Repetitive","Repetitive poster 2/4","assigned","Saridon headache painkiller","Saridon headache painkiller.jpg","10","10","B","77","So, my friend was diagones with Diabetes and high BP  even if his health was fine I had to take him to the hospital regularly within 2-3 weeks  all those things tests can be done at home but we had to be there to get to listen what doctor diagnosed from those reports","Health and medical"
"10","Managing the family's health","Repetitive","Repetitive poster 3/4","assigned","Eutheria pain relief","eutheria pain relief .jpg","10","1","B","77","Ordering every day - What to order, from where to order while keeping a tab on health and expenses","Food and eating out"
"10","Managing the family's health","Repetitive","Repetitive poster 3/4","assigned","Eutheria pain relief","eutheria pain relief .jpg","10","2","B","76","Going to doctor, keep track of medical bills, ordering medical drugs repeatatively etc","Health and medical"
"10","Managing the family's health","Repetitive","Repetitive poster 3/4","assigned","Eutheria pain relief","eutheria pain relief .jpg","10","3","B","76","I had to get a blood test done and then keep checking when the report would be ready. I had to call the lab, search through WhatsApp messages for the details, and later remember to share the report with the doctor.","Health and medical"
"10","Managing the family's health","Repetitive","Repetitive poster 3/4","assigned","Eutheria pain relief","eutheria pain relief .jpg","10","4","B","76","Very limited knowledge to begin with and the anxiety around where to invest or even how to get started. I had a friend who is working at Groww, download the app and start an SIP for me. All I know is that every month there is some money going into it and I just don't know what to do next or where to invest next rather. Same with insurance, not confident with the way health insurance providers scam you.","Money, investing and insurance"
"10","Managing the family's health","Repetitive","Repetitive poster 3/4","assigned","Eutheria pain relief","eutheria pain relief .jpg","10","5","B","76","Trying to eat healthier is a cycle that runs in loops. Plan, order, give up, repeat","Food and eating out"
"10","Managing the family's health","Repetitive","Repetitive poster 3/4","assigned","Eutheria pain relief","eutheria pain relief .jpg","10","6","B","75","I am obese and diabetic. So following a healthy routine is non-negotiable and I am following it out of self-motivation and does not require any reminders and alarms!","Health and medical"
"10","Managing the family's health","Repetitive","Repetitive poster 3/4","assigned","Eutheria pain relief","eutheria pain relief .jpg","10","7","B","75","I schedule my weekly appointments with my therapist, talk to her, and set up appointments, and also go to my hair doctor, so it's just a pain.","Health and medical"
"10","Managing the family's health","Repetitive","Repetitive poster 3/4","assigned","Eutheria pain relief","eutheria pain relief .jpg","10","8","B","74","Not remembering if I took my medicine or not/having to keep track of it.","Health and medical"
"10","Managing the family's health","Repetitive","Repetitive poster 3/4","assigned","Eutheria pain relief","eutheria pain relief .jpg","10","9","B","73","as a student i want to maintain a healthy diet but living alone its not possible, so i have to keep checking every day for what's healthy near me, which i would eat happily","Food and eating out"
"10","Managing the family's health","Repetitive","Repetitive poster 3/4","assigned","Eutheria pain relief","eutheria pain relief .jpg","10","10","B","72","I need to eat healthy meals but they should not be repetitive. i keep running out of ideas and have no time to think","Food and eating out"
"11","Managing the family's health","Repetitive","Repetitive poster 4/4","assigned","ENO fruit salt antacid","ENO acidity ad.jpg","10","1","B","72","Every day I have to waste time on thinking what healthy option should I order during my work","Food and eating out"
"11","Managing the family's health","Repetitive","Repetitive poster 4/4","assigned","ENO fruit salt antacid","ENO acidity ad.jpg","10","2","B","72","I was sitting at my kitchen table during my lunch break, on hold with my doctor’s office for 20 minutes just to get a routine prescription refill approved. When they finally answered, they told me I had to call the pharmacy instead. I spent my whole break bouncing between the two places and getting absolutely nowhere.","Health and medical"
"11","Managing the family's health","Repetitive","Repetitive poster 4/4","assigned","ENO fruit salt antacid","ENO acidity ad.jpg","10","3","B","71","I get sore throat and cough very easily which brings in body weakness, so I have to take steam regularly. My nose feels blocked if I don't and I might even fall sick","Health and medical"
"11","Managing the family's health","Repetitive","Repetitive poster 4/4","assigned","ENO fruit salt antacid","ENO acidity ad.jpg","10","4","B","70","Reminding myself to take my medicines on time","Health and medical"
"11","Managing the family's health","Repetitive","Repetitive poster 4/4","assigned","ENO fruit salt antacid","ENO acidity ad.jpg","10","5","B","70","Keeping track of my health goals on weekly basis","Fitness and wellness"
"11","Managing the family's health","Repetitive","Repetitive poster 4/4","assigned","ENO fruit salt antacid","ENO acidity ad.jpg","10","6","B","69","I was at a pharmacy getting a medicine I have been taking since my teenage years yet every time I have to show the prescription to get it. I can do it without the prescription as well since it's something I have to take over a long duration","Health and medical"
"11","Managing the family's health","Repetitive","Repetitive poster 4/4","assigned","ENO fruit salt antacid","ENO acidity ad.jpg","10","7","B","68","Unending waiting at clinic - no respect for appointment time . Usually it takes half a day for routine review","Health and medical"
"11","Managing the family's health","Repetitive","Repetitive poster 4/4","assigned","ENO fruit salt antacid","ENO acidity ad.jpg","10","8","B","67","Repetitive administrative tasks such as following up with insurance agent, monthly medical expenses, etc.","Health and medical"
"11","Managing the family's health","Repetitive","Repetitive poster 4/4","assigned","ENO fruit salt antacid","ENO acidity ad.jpg","10","9","B","67","Daily timers to get it done on time","Health and medical"
"11","Managing the family's health","Repetitive","Repetitive poster 4/4","assigned","ENO fruit salt antacid","ENO acidity ad.jpg","10","10","B","66","I find it difficult to take my vitamins daily.","Health and medical"
"12","Managing the family's health","Overwhelm","Overwhelm poster 1/4","assigned","Saridon headache tablet","saridon 2.jpg","10","1","A","89","This year has been unfortunate. Last month, it was me but in April, it was my spouse. She had to undergo a major surgery. The process was stressful and there is a ton of research which she had done and met multiple (7-8) doctors to get a solid opinion and the right kind of diagnosis and procedure as it was a planned surgery. The insurance process was scary, uncertain and painful while managing all of it. And, then I had to go through it for my own hospital admission last month. The documents, back and forth, process, follow ups are laborious. Would have pulled my hair apart, has it not been for Codex and Claude.  I have been exploring ideas for quite sometime without going back to a job. So, keeping track of my expenses, investments and the ESOP converting to shares which become concentrated portfolio holdings. Need to rebalance is a big necessity but that is something I don't want to involve an advisor. I need a baseline strategy which I can evaluate and decide before I can think of a paid advisor if necessary. Again, Chat and Claude to the rescue.","Money, investing and insurance"
"12","Managing the family's health","Overwhelm","Overwhelm poster 1/4","assigned","Saridon headache tablet","saridon 2.jpg","10","2","A","89","My grandma was unwell and I was in Gurugram. He was in Telangana.  The doctor asked for his previous reports. They were scattered across three places: a folder at home nobody could find, a WhatsApp forward from six months ago buried under 3,000 messages, and one physical paper that my mother was holding in her hand but could not read because it was in English.  I spent 45 minutes on a call, directing my family to scroll, search, and photograph documents while I tried to piece together his medical history in real time.  The doctor waited.  We found most of it. Not all of it.  The frustrating part was not the distance. It was that every single report existed somewhere. Nothing was lost. It was just scattered, unreadable, and impossible to find fast when it actually mattered.","Health and medical"
"12","Managing the family's health","Overwhelm","Overwhelm poster 1/4","assigned","Saridon headache tablet","saridon 2.jpg","10","3","A","88","all these are very repetitive and also difficult. when I wanted to get an health insurance, I did my research and lost in so many options. Tried using Ditto and found some good options yet couldn't convince my family to take the policy. We know its important and help from expert is needed but still lot of us trust friends and family for suggestions, which is very frustrating","Money, investing and insurance"
"12","Managing the family's health","Overwhelm","Overwhelm poster 1/4","assigned","Saridon headache tablet","saridon 2.jpg","10","4","A","85","After a family member was discharged from the hospital, I had to manage the follow up care at home. Getting the medicines right, keeping track of timings, arranging the follow up appointment, and figuring out what symptoms needed attention became surprisingly stressful.  The frustrating part was that every small question meant calling the hospital, waiting for someone to respond, or going through confusing instructions when all I wanted was a clear checklist of what to do next.","Health and medical"
"12","Managing the family's health","Overwhelm","Overwhelm poster 1/4","assigned","Saridon headache tablet","saridon 2.jpg","10","5","A","85","Insurance for extended family is a mess. Got into multiple calls with Ditto but couldn’t finally take a health insurance plan for my brothers family. If only I have an assistant who visit them directly in Vijayawada and get it done while I’m still in Hyderabad","Money, investing and insurance"
"12","Managing the family's health","Overwhelm","Overwhelm poster 1/4","assigned","Saridon headache tablet","saridon 2.jpg","10","6","A","85","Regarding Insurance, I have been wanting to buy a personal life and health insurance for the last 3 years. But it is a one-time decision which needs a lot of research to understand what fits my needs and also point the best deals. I never got to start it because of the intensive, time-consuming process.   Regarding  investing, I do the evaluation of my fund performance,  asset allocation for changes once in a year or 6 months. Again this is an intensive and self-discovery process based on past learning and publicly available knowledge. It takes an entire day or two when I do this. I procrastinate for some months and finally do it out of the fear that I am losing money because of bad allocation which is when I get to it finally.","Money, investing and insurance"
"12","Managing the family's health","Overwhelm","Overwhelm poster 1/4","assigned","Saridon headache tablet","saridon 2.jpg","10","7","A","85","I was settled away from my doctor’s location and had been managing my consultations online. Then the doctor suddenly shifted to mostly offline consultations, so I had to find a new doctor. What followed was messy, explaining my medical history all over again, figuring out new medicines, adjusting to new people and a different way of consulting, and making sure I wasn’t missing anything in the transition. It was much more stressful than I expected for what initially seemed like a simple change.","Health and medical"
"12","Managing the family's health","Overwhelm","Overwhelm poster 1/4","assigned","Saridon headache tablet","saridon 2.jpg","10","8","A","85","I was admitted to hospital for 4 days last month. It was a high fever, low BP issue which led me there. During the stay, despite multiple tests and a hefty bill covered by insurance, my illness was not discovered and was given a generic viral fever. However, the symptoms continued after discharge with joint pains and I was pissed and scared. Took a blood test at home on my own as per AI and it turned out to be Chikungunya which has 30-40% cases turn into long term arthritis. I had to act and follow up with the doctors to setup appointments, decide on taking medicines like HCQ which have side effects. Eventually, the decision was a tough nut with low trust in doctors whose attention to me was not high when consulting in OPD. Not everyone can have a trusted family friend who is a good doctor.","Health and medical"
"12","Managing the family's health","Overwhelm","Overwhelm poster 1/4","assigned","Saridon headache tablet","saridon 2.jpg","10","9","A","85","Ordering medicines - anywhere;   Friction 1: Figuring out how much is left - and how much to order - largely derived from last order & current consumption   Friction 2: Building the cart & adding substitutes if primary not available   Friction 3: Figuring out the most optimal platform for ordering given the discounts & bank offers available on my cards for best pricing","Health and medical"
"12","Managing the family's health","Overwhelm","Overwhelm poster 1/4","assigned","Saridon headache tablet","saridon 2.jpg","10","10","A","83","On the insurance side, from time to time, I'd like to compare what different health insurance plans are like, because health insurance is one that changes with age. Also, as new family members/ kids get added to it, a comparative lens comes into the picture every once in a while.  On the investment side, I am more of a passive investor. I put in mutual funds or equities directly, and much of my learning is basically that 'every few months I come across something which catches my attention'. I research a little bit about it. A lot of my research now happens using Claude and Gemini, and then I kind of invest in it. However, it's also scatterbrained because of different voices, and then I have to synthesize it and put it.  It would be good to have something of an agent which advises us from time to time and can also look at the portfolio without taking any actions on it. I would rather not give the agent any access to managing the portfolio, but rather just analyzing it and identifying areas that can be improved, because much of the mutual fund landscape has been flat for the last couple of years.","Money, investing and insurance"
"13","Managing the family's health","Overwhelm","Overwhelm poster 2/4","assigned","Farex baby food — infant nutrition","farex.jpeg","10","1","A","83","I was trying to compare different health insurance policies for my family. I had opened multiple tabs, was comparing premiums, coverage, waiting periods, exclusions, and claim benefits, but every policy seemed to use different terms. I eventually made an Excel sheet just to compare them properly. The annoying part was that the cheapest option looked good initially, but once I checked the exclusions and waiting periods, it wasn't actually the best deal. I ended up spending way more time understanding the fine print than I expected.","Money, investing and insurance"
"13","Managing the family's health","Overwhelm","Overwhelm poster 2/4","assigned","Farex baby food — infant nutrition","farex.jpeg","10","2","A","82","Money (Budgeting & Cash Flow): Standing in line at a grocery store checkout with a declining card, having to move funds between accounts on a phone app to cover basic daily expenses while worrying about upcoming bill auto-debits.  Investing: Reviewing a bank account statement, noticing excess cash sitting idle earning near-zero interest while inflation reduces purchasing power, and attempting to navigate brokerage account setup forms and risk questionnaires.  Insurance: Dealing with unexpected medical care, severe vehicle damage, or property loss, followed by navigating complex policy claims, itemizing out-of-pocket expenses, and negotiating deductible payouts with claims adjusters.","Money, investing and insurance"
"13","Managing the family's health","Overwhelm","Overwhelm poster 2/4","assigned","Farex baby food — infant nutrition","farex.jpeg","10","3","A","82","My health insurance renewal came up last month. I wanted to compare plans because the premium had increased, but the details were spread across long PDFs, emails and calls with agents. I kept telling myself I would sit down and compare the exclusions, waiting periods and add-ons properly. I finally ran out of time and renewed the same policy without knowing whether it was still the best option.","Money, investing and insurance"
"13","Managing the family's health","Overwhelm","Overwhelm poster 2/4","assigned","Farex baby food — infant nutrition","farex.jpeg","10","4","A","82","I was at home and needed to deal with a health-related issue for a family member. I had to coordinate appointments, follow up with the doctor, keep track of test reports, and remind people about medicines and next steps. It became frustrating because the information and communication were spread across multiple messages and calls. I would have happily handed the follow-ups and coordination to an assistant so I could focus on the person instead.","Health and medical"
"13","Managing the family's health","Overwhelm","Overwhelm poster 2/4","assigned","Farex baby food — infant nutrition","farex.jpeg","10","5","A","81","I had to book a doctor’s appointment for something that wasn’t urgent, but the whole process was unnecessarily annoying. I had to figure out which doctor to see, check availability across different days, call the clinic because the online booking wasn’t clear, and then keep track of the appointment and documents I needed. It probably took 20, 30 minutes of back and forth for something that should have taken five","Health and medical"
"13","Managing the family's health","Overwhelm","Overwhelm poster 2/4","assigned","Farex baby food — infant nutrition","farex.jpeg","10","6","A","81","I can't decide what to order- I want healthy food but there are hardly any delivery options.","Food and eating out"
"13","Managing the family's health","Overwhelm","Overwhelm poster 2/4","assigned","Farex baby food — infant nutrition","farex.jpeg","10","7","A","80","I travel 5 days a week and eating out is a routine, figuring out what to order, ordering from safe and healthy places, and then collecting. It’s very painful but extremely necessary.","Food and eating out"
"13","Managing the family's health","Overwhelm","Overwhelm poster 2/4","assigned","Farex baby food — infant nutrition","farex.jpeg","10","8","A","80","I have to plan buying medicines and i always remember when i have 1 tablet left. I have to plan 3 monthly checkups and that also i forget and sometimes miss - i have a plan to compare how my reports are looking and act on all changes suggested - i miss that too","Health and medical"
"13","Managing the family's health","Overwhelm","Overwhelm poster 2/4","assigned","Farex baby food — infant nutrition","farex.jpeg","10","9","B","79","I had to get a medical consultation and ended up spending more time figuring out where to go, when the doctor was available, what documents I needed, and then following up for the appointment than actually dealing with the problem. I remember thinking that I just wanted someone to handle the coordination for me.","Health and medical"
"13","Managing the family's health","Overwhelm","Overwhelm poster 2/4","assigned","Farex baby food — infant nutrition","farex.jpeg","10","10","B","79","I was at home trying to book a doctor’s appointment for a family member. I had to compare doctors, check available slots, find the clinic location, and coordinate a time that worked for everyone.","Health and medical"
"14","Managing the family's health","Overwhelm","Overwhelm poster 3/4","assigned","Nutramul kids health drink","nutramul.jpeg","10","1","B","78","I was sitting in the hospital waiting room at 2 AM trying to get a health insurance pre-authorization for an emergency procedure. The hospital desk said the insurance company rejected the initial paperwork because of a missing diagnostic code. I spent an hour on hold with a customer care agent who kept repeating scripted answers, while my phone battery was at 4%. I had to deal with the overwhelming anxiety of not knowing if I'd have to pay a massive bill out of pocket right then and there.","Money, investing and insurance"
"14","Managing the family's health","Overwhelm","Overwhelm poster 3/4","assigned","Nutramul kids health drink","nutramul.jpeg","10","2","B","77","I was at home trying to deal with a health-related issue, and I had to figure out what to do next—whether I should wait, take something, or contact a doctor. I ended up searching through information, checking symptoms, and worrying about whether I was making the right decision. It was stressful because there was no one immediately available to guide me, and I had to handle everything myself.","Health and medical"
"14","Managing the family's health","Overwhelm","Overwhelm poster 3/4","assigned","Nutramul kids health drink","nutramul.jpeg","10","3","B","75","What to eat that is healthy and also within budget.Seaching on food apps takes too much time","Food and eating out"
"14","Managing the family's health","Overwhelm","Overwhelm poster 3/4","assigned","Nutramul kids health drink","nutramul.jpeg","10","4","B","75","Busy with work, but have to think of a healthy food that cook can prepare which is liked by all in the family and ingredients are avaialble and cook knows how to make it perfectly","Groceries and household"
"14","Managing the family's health","Overwhelm","Overwhelm poster 3/4","assigned","Nutramul kids health drink","nutramul.jpeg","10","5","B","75","Not able to figure out the issues I had, search for a doctor, take out time to visit it amongst my busy schedule","Health and medical"
"14","Managing the family's health","Overwhelm","Overwhelm poster 3/4","assigned","Nutramul kids health drink","nutramul.jpeg","10","6","B","74","i keep puttin off getting some tests done as im unsure of how to go abotu doign it and im also afraid of what follow up work thedoctor will give if there is a problem. i im afraid of bad news","Health and medical"
"14","Managing the family's health","Overwhelm","Overwhelm poster 3/4","assigned","Nutramul kids health drink","nutramul.jpeg","10","7","B","73","Identifying right insurance(health, life, motor) to pick, comparing quotes and handling annoying calls. For investment, identifying well performing mf / stock, monitoring performance, rebalancing.","Money, investing and insurance"
"14","Managing the family's health","Overwhelm","Overwhelm poster 3/4","assigned","Nutramul kids health drink","nutramul.jpeg","10","8","B","72","Regular checkups for dental, blood, and other age-related checkups that need to be scheduled; previous reports need to be compared; and updates to doctors; and actions thereafter","Health and medical"
"14","Managing the family's health","Overwhelm","Overwhelm poster 3/4","assigned","Nutramul kids health drink","nutramul.jpeg","10","9","B","72","The exact medicines left, to buy and when to schedule the tests and doc visits. The pills dont come in packs of one, often I cant find where did the other strips go, when is the expiry for that once in a year but sure to be used meds, what happens when docs change the meds and am left hanging with unused meds. And then the tests - individual ones are pai to cover everything different docs want, and combined one have useless mix in it and then actually comparing it to the last tests done.","Health and medical"
"14","Managing the family's health","Overwhelm","Overwhelm poster 3/4","assigned","Nutramul kids health drink","nutramul.jpeg","10","10","B","71","Trying to figure out a healthy evening drink that is easily digestible and a good energy boost for my elderly parents","Health and medical"
"15","Managing the family's health","Overwhelm","Overwhelm poster 4/4","assigned","Glaxo Baby talc — baby care","BABY.jpg","6","1","B","71","I’m trying to fix up my digestive issues. I’ve been trying to find and search for wellness centers and clinics that are credible. Endless searching scrolling de Research find me a couple of options. I have to then call verify the validity and understand whether that’s right for me.","Fitness and wellness"
"15","Managing the family's health","Overwhelm","Overwhelm poster 4/4","assigned","Glaxo Baby talc — baby care","BABY.jpg","6","2","B","69","Multiple reports - shared on whatsapp, difficult to keep track - different phone number for different reports etc","Health and medical"
"15","Managing the family's health","Overwhelm","Overwhelm poster 4/4","assigned","Glaxo Baby talc — baby care","BABY.jpg","6","3","B","68","Figuring out whether to take some diagnosis preemptively and what's needed for me.","Health and medical"
"15","Managing the family's health","Overwhelm","Overwhelm poster 4/4","assigned","Glaxo Baby talc — baby care","BABY.jpg","6","4","B","68","Figuring out of the 10 medicines that I have for stomach pain which one to take at 2am when I'm alone and everyone is asleep","Health and medical"
"15","Managing the family's health","Overwhelm","Overwhelm poster 4/4","assigned","Glaxo Baby talc — baby care","BABY.jpg","6","5","B","67","I had a medical report with a lot of unfamiliar terms and numbers, and I had to figure out what was actually important, what needed attention, and what questions I should ask the doctor. I ended up searching different things online and getting more confused because every result seemed to say something different.","Health and medical"
"15","Managing the family's health","Overwhelm","Overwhelm poster 4/4","assigned","Glaxo Baby talc — baby care","BABY.jpg","6","6","B","67","Filing health insurance claims which requires too many manual steps - take photos, check for clear pic, upload to laptop, create summary word file, write summary, convert to pdf, compress to less than an arbitrary small number of MB, find insurance password and details, login, fill form (repetitive details company should already have), follow up","Health and medical"
"16","Managing the family's health","Procrastinate","Procrastinate poster 1/2","assigned","Horlicks — energy for kids","Horlicks.jpg","10","1","A","86","I was helping a family member coordinate a hospital visit. We had the appointment date, but then there were several smaller things to keep track of — confirming the appointment, checking what documents/reports were needed, making sure previous reports were available, and remembering when to get the required tests done. Most of the information was scattered across WhatsApp messages, calls and pieces of paper. We kept telling each other “don't forget this,” but there wasn't really one person responsible for tracking everything. The stressful part was that missing one small thing could mean another trip to the hospital or delaying the appointment.","Health and medical"
"16","Managing the family's health","Procrastinate","Procrastinate poster 1/2","assigned","Horlicks — energy for kids","Horlicks.jpg","10","2","A","86","I was trying to book a specialist appointment for my parent after a blood test showed something unusual. The hospital app showed slots, but none were actually available when I called. I had to contact three hospitals, send the same reports on WhatsApp multiple times, check whether the doctor was covered by insurance, and rearrange the appointment when it was cancelled at the last minute.","Health and medical"
"16","Managing the family's health","Procrastinate","Procrastinate poster 1/2","assigned","Horlicks — energy for kids","Horlicks.jpg","10","3","A","84","I was at home during summer break from college and the one thing that bugged me was my health condition and I wanted to go for a full body check up. I didn't know which was the best medical health checkup best fit for the price money, what platform to choose from either online apps or walk in checkup, trust issues,time constraints and reliability of the medical checkup. This made me surf on the web a lot and thus it caused my procrastination","Health and medical"
"16","Managing the family's health","Procrastinate","Procrastinate poster 1/2","assigned","Horlicks — energy for kids","Horlicks.jpg","10","4","B","79","Figuring out if what my doctor is saying is correct, re-checking the diagnosis, being told I should have gone to a better hospital/doctor, suggestions from well-wishers about what food to eat, what to avoid, when to sleep, intermittent fasting, yoga, pilates, protein etc etc etc","Health and medical"
"16","Managing the family's health","Procrastinate","Procrastinate poster 1/2","assigned","Horlicks — energy for kids","Horlicks.jpg","10","5","B","78","We want good food but our mess is not serving us good food...so our ""acha khana"" is getting delayed and delayed till we get home","Health and medical"
"16","Managing the family's health","Procrastinate","Procrastinate poster 1/2","assigned","Horlicks — energy for kids","Horlicks.jpg","10","6","B","71","I keep forgetting to apply a cream or medicine on time","Beauty and self-care"
"16","Managing the family's health","Procrastinate","Procrastinate poster 1/2","assigned","Horlicks — energy for kids","Horlicks.jpg","10","7","B","71","I usually delay my medical tests associated with policy, as free benefits. And same for parents","Health and medical"
"16","Managing the family's health","Procrastinate","Procrastinate poster 1/2","assigned","Horlicks — energy for kids","Horlicks.jpg","10","8","B","71","I’d been told to get some blood work done, but kept putting it off. First I had to figure out which tests were actually prescribed, find the lab, check whether I needed to fast, choose a time to go, and then remember to actually go in the morning before eating. Every individual step was easy, but somehow the whole thing kept getting postponed.","Health and medical"
"16","Managing the family's health","Procrastinate","Procrastinate poster 1/2","assigned","Horlicks — energy for kids","Horlicks.jpg","10","9","B","69","I dont like to invest my time on those and often forget to take care of the issues","Health and medical"
"16","Managing the family's health","Procrastinate","Procrastinate poster 1/2","assigned","Horlicks — energy for kids","Horlicks.jpg","10","10","B","68","I usually forget to take my medicines, that too very often I would skip taking my medicines for like 3-4 days.","Health and medical"
"17","Managing the family's health","Procrastinate","Procrastinate poster 2/2","TO SOURCE","— TO SOURCE —","","1","1","B","68","I have to do a blood test every 3 months, but I keep forgetting to get it done.","Health and medical"
"18","Managing the family's health","No feeling","No feeling poster 1/6","TO SOURCE","— TO SOURCE —","","10","1","A","88","I was down with a 102°F fever in my hostel room at midnight and managed to drag myself to the campus health center. The doctor gave me a handwritten prescription, but the campus dispensary was completely out of stock for the main antibiotic. I had to sit there shivering, taking a blurry photo of the doctor's messy handwriting, and WhatsApping it to three different pharmacies outside the campus gates, desperately calling them to check who had it in stock and if they could delivery it past the security checkposts.","Health and medical"
"18","Managing the family's health","No feeling","No feeling poster 1/6","TO SOURCE","— TO SOURCE —","","10","2","A","85","Nothing i love to deal and scratch my head on personal finacnces , it might be my age , but I love the money. Investing shows me how money grow . Insurance , with aging parents and Grandparents , you understand the need of Insurance for hospital bills and unknown circumstances , hence we need to learn to make wise choice in those,","Money, investing and insurance"
"18","Managing the family's health","No feeling","No feeling poster 1/6","TO SOURCE","— TO SOURCE —","","10","3","A","83","I always become super optimistic for the next day, a night before. I would plan things like, drinking 4 litres of water, eating healthy, no sugar, learning new language, practising my exisitng skills to refine them. Turns out,sometimes I end up missing my bottle, bed rotting, watching netflix and chilling. I just need a little more energy the next day to complete those tasks.","Learning and hobbies"
"18","Managing the family's health","No feeling","No feeling poster 1/6","TO SOURCE","— TO SOURCE —","","10","4","A","81","inculcating healthy habits and food recipes which I have seen on IG / FB, saved it and then forgotten","Food and eating out"
"18","Managing the family's health","No feeling","No feeling poster 1/6","TO SOURCE","— TO SOURCE —","","10","5","B","79","For ordering my meals,  I feel to eat healthy and all but keeps getting cheaper junk food , also if there is a system in which i will take a subscription meals","Fitness and wellness"
"18","Managing the family's health","No feeling","No feeling poster 1/6","TO SOURCE","— TO SOURCE —","","10","6","B","78","I was at home trying to arrange a doctor’s appointment for a family member. I had to check the doctor’s availability, call the clinic, confirm the appointment time, collect the previous reports and prescriptions, and then follow up because the clinic hadn’t confirmed everything properly. It became a lot of small tasks and messages just to get one appointment sorted. I remember thinking that it would have been much easier if someone could have handled the coordination and follow-ups for me.","Health and medical"
"18","Managing the family's health","No feeling","No feeling poster 1/6","TO SOURCE","— TO SOURCE —","","10","7","B","78","I am trying to get into shape so that implies I have to eat healthy but the lack of time and my laziness to not carry around a weight in my bag makes me pick me for alternate options like fast food my primary choice.","Food and eating out"
"18","Managing the family's health","No feeling","No feeling poster 1/6","TO SOURCE","— TO SOURCE —","","10","8","B","77","We have to order basic things like medicines,food from outside as in our college pharmacy and canteen is not there...so we have to pay extra delivery charges","Money, investing and insurance"
"18","Managing the family's health","No feeling","No feeling poster 1/6","TO SOURCE","— TO SOURCE —","","10","9","B","76","Health issues due to allergies and subsequent conundrum of arrangement for doctor appointments, following the medication, diet and other requirements to hope that we are not under the weather soon","Health and medical"
"18","Managing the family's health","No feeling","No feeling poster 1/6","TO SOURCE","— TO SOURCE —","","10","10","B","76","PART 1 I had to undergo a rhinoplasty/ septoplasty (injury reasons), and after consulting a few doctors, the opinions were differing, Moreover, a specialized plastic surgeon or ENT surgeon had varied opinions  PART 2 Payment to hospital, invoking insurance (& understanding the policy), deductibles, Standing in a long line to pay the money, all quite a mess","Health and medical"
"19","Managing the family's health","No feeling","No feeling poster 2/6","TO SOURCE","— TO SOURCE —","","10","1","B","76","I want to understand what I am eating, it is healthy, would it impact my cholestrol or any other health parameter. This requires carefully reading labels and then googling if this is good or not.","Fitness and wellness"
"19","Managing the family's health","No feeling","No feeling poster 2/6","TO SOURCE","— TO SOURCE —","","10","2","B","75","when i was in my schooling , right during my finals i got a typhoid fever i was literally suffering i was so weak and sick, and yet i had to study , practice and go every morning before my exam to the hospital and get injections and evening injections .. that was pure hell for me.. i had no choice but do it.. i had to take heavy antibiotics so that i could make it to my exams and get a good grades","Health and medical"
"19","Managing the family's health","No feeling","No feeling poster 2/6","TO SOURCE","— TO SOURCE —","","10","3","B","75","My tooth was paining like hell, and I had to cure that.","Health and medical"
"19","Managing the family's health","No feeling","No feeling poster 2/6","TO SOURCE","— TO SOURCE —","","10","4","B","75","For better performance, I prefer to go in a particular schedule for warmup and excercises. so after some days , it start feeling repetetive and boring , still for health i must accompolish that tasks everyday same time.","Fitness and wellness"
"19","Managing the family's health","No feeling","No feeling poster 2/6","TO SOURCE","— TO SOURCE —","","10","5","B","75","When I went away for UG in a  different city, I had to be in long queues, get permission, wait for doctor, which I never did my entire life coming from a medico family.","Health and medical"
"19","Managing the family's health","No feeling","No feeling poster 2/6","TO SOURCE","— TO SOURCE —","","10","6","B","75","I was heavy had health issues, i had to reduce weight so tracking right nutrient","Health and medical"
"19","Managing the family's health","No feeling","No feeling poster 2/6","TO SOURCE","— TO SOURCE —","","10","7","B","75","scheduling blood test, booking doctor check up and ordering meds etc. keeping a tab","Health and medical"
"19","Managing the family's health","No feeling","No feeling poster 2/6","TO SOURCE","— TO SOURCE —","","10","8","B","74","taking my diabetic pills on time and.medication","Health and medical"
"19","Managing the family's health","No feeling","No feeling poster 2/6","TO SOURCE","— TO SOURCE —","","10","9","B","74","i am a healthy gym freak person eating out make me feel bad but i have to do it for others.","Food and eating out"
"19","Managing the family's health","No feeling","No feeling poster 2/6","TO SOURCE","— TO SOURCE —","","10","10","B","74","I want to eat healthy, but also tasty, but also not something I ate yesterday.. it takes me 30-45 minutes to decide what to order","Food and eating out"
"20","Managing the family's health","No feeling","No feeling poster 3/6","TO SOURCE","— TO SOURCE —","","10","1","B","73","The major problem in the Investing is the to access to the Stock market fluctuation of both Indian and International market if any major falls happens on Monday the time I check my stock on weekend the stock recovered. The infomation asymmetry in the Insurance pricing and claims part with the hospital if we say insurance then our total bill increase by 30 to 40% eventually we are paying it from our own pocket only.","Money, investing and insurance"
"20","Managing the family's health","No feeling","No feeling poster 3/6","TO SOURCE","— TO SOURCE —","","10","2","B","73","People say eating out is unhealthy, eating out is unhygienic, eating out shouldn't be regular- I agree. But for me personally, I atleast eat one meal outside every alternate day. Especially when my home is in the major restaurant hub in the city surrounded by atleast 100-200 restaurants. I like to try and explore every restaurant out there. I think I've explored 70-80% already and aim to explore till 100%","Food and eating out"
"20","Managing the family's health","No feeling","No feeling poster 3/6","TO SOURCE","— TO SOURCE —","","10","3","B","72","when i was in my adolescence i had alot of hormonal imbalance and i used to have alot of acne .. and i consulted a doctor.. she gave the right medicine , and some tips , and also some beauty products, they help me alot.. and even today they work magic on my skin","Beauty and self-care"
"20","Managing the family's health","No feeling","No feeling poster 3/6","TO SOURCE","— TO SOURCE —","","10","4","B","72","i just felt ill with fever and my expenses at private hospuital went to 5000rs","Health and medical"
"20","Managing the family's health","No feeling","No feeling poster 3/6","TO SOURCE","— TO SOURCE —","","10","5","B","72","I am suffering from PCOS.My friend keeps asking me to visit a doctor, but I keep procrasting due to the high fees....","Health and medical"
"20","Managing the family's health","No feeling","No feeling poster 3/6","TO SOURCE","— TO SOURCE —","","10","6","B","72","I have deal with my post operational pains during my college days","Health and medical"
"20","Managing the family's health","No feeling","No feeling poster 3/6","TO SOURCE","— TO SOURCE —","","10","7","B","71","Doctor cannot diagnose without test. First go to doctor for consultation, (after long wait for appointments) then go for tests, then go back to doctor for diagnosis, and then start treatment. In most cases the treatment was predictable from the very beginning.","Health and medical"
"20","Managing the family's health","No feeling","No feeling poster 3/6","TO SOURCE","— TO SOURCE —","","10","8","B","70","not much options outside and the food is unhealthy and makes u feel like crap after eating it","Food and eating out"
"20","Managing the family's health","No feeling","No feeling poster 3/6","TO SOURCE","— TO SOURCE —","","10","9","B","70","i think i picked the wrong category. this is more of a mental health issue for me - compulsion to add things to cart when a sale is running","Shopping and deals"
"20","Managing the family's health","No feeling","No feeling poster 3/6","TO SOURCE","— TO SOURCE —","","10","10","B","70","It's like i have a problem which makes me have to go to the hospital once a few months for followups , there is a huge que there and i have to stand for like 2hrs because the seats are full and all that for just the same prescription by the doctor and 2min consultation","Health and medical"
"21","Managing the family's health","No feeling","No feeling poster 4/6","TO SOURCE","— TO SOURCE —","","10","1","B","70","Finding perfect stock for investing and Getting better insurance based on my earning linke Health, Life and Investing","Money, investing and insurance"
"21","Managing the family's health","No feeling","No feeling poster 4/6","TO SOURCE","— TO SOURCE —","","10","2","B","70","The planning and then wait and uncertainty at the hospital. And fights with the TPAs","Health and medical"
"21","Managing the family's health","No feeling","No feeling poster 4/6","TO SOURCE","— TO SOURCE —","","10","3","B","70","One doctors appointment is like opening pandora's box to several other tests and appointments and medicines to buy - i don't have time for this","Health and medical"
"21","Managing the family's health","No feeling","No feeling poster 4/6","TO SOURCE","— TO SOURCE —","","10","4","B","69","For my health insurance, checking cash free hospitals and actually confirming what conditions I need to follow to be eligible for Cash Free Treatment.","Health and medical"
"21","Managing the family's health","No feeling","No feeling poster 4/6","TO SOURCE","— TO SOURCE —","","10","5","B","69","I was in AIIMS and they had this system of getting permissions from PMABY desks for approvals for treatment of patient.","Health and medical"
"21","Managing the family's health","No feeling","No feeling poster 4/6","TO SOURCE","— TO SOURCE —","","10","6","B","68","I had a serious medical issue two years ago. First, I tried allopathic treatment, but it didn’t work. Then, I switched to Ayurvedic treatment, and now I have recovered completely.","Health and medical"
"21","Managing the family's health","No feeling","No feeling poster 4/6","TO SOURCE","— TO SOURCE —","","10","7","B","68","i keep getting into incidents  where  i get  hurt and   i did go to hospital many times  during  my   1 -2-3 sems","Health and medical"
"21","Managing the family's health","No feeling","No feeling poster 4/6","TO SOURCE","— TO SOURCE —","","10","8","B","68","Getting prescriptions for the insurance portals for a chronic condition.  Waiting for medications endlessly despite ordering them","Health and medical"
"21","Managing the family's health","No feeling","No feeling poster 4/6","TO SOURCE","— TO SOURCE —","","10","9","B","68","Waiting for Doctor for two hours, just for ten minutes consultation, despite having prior appointment","Health and medical"
"21","Managing the family's health","No feeling","No feeling poster 4/6","TO SOURCE","— TO SOURCE —","","10","10","B","68","I just don't work out which screws over my health","Fitness and wellness"
"22","Managing the family's health","No feeling","No feeling poster 5/6","TO SOURCE","— TO SOURCE —","","10","1","B","68","Going for health checkup kill me becaause of big queue","Health and medical"
"22","Managing the family's health","No feeling","No feeling poster 5/6","TO SOURCE","— TO SOURCE —","","10","2","B","67","Medical tests and doctor's appointment in a separate that is not my home","Health and medical"
"22","Managing the family's health","No feeling","No feeling poster 5/6","TO SOURCE","— TO SOURCE —","","10","3","B","66","I was in my hostel room and my health start to decline","Health and medical"
"22","Managing the family's health","No feeling","No feeling poster 5/6","TO SOURCE","— TO SOURCE —","","10","4","B","66","I should be getting my checkups done, and my posture corrected, but I don't have the energy to","Health and medical"
"22","Managing the family's health","No feeling","No feeling poster 5/6","TO SOURCE","— TO SOURCE —","","10","5","B","66","insurance- have to fill up forms, it's easier on the app but needs me to submit a lot of details, pictures of prescription, bill etc. and I keep procastinating","Health and medical"
"22","Managing the family's health","No feeling","No feeling poster 5/6","TO SOURCE","— TO SOURCE —","","10","6","B","66","Handling stocks of medicines. remembering to take them","Health and medical"
"22","Managing the family's health","No feeling","No feeling poster 5/6","TO SOURCE","— TO SOURCE —","","10","7","B","66","Make up is not suitable for good appearance if we are healthy and happier from both inside and outside then we look more beautiful","Beauty and self-care"
"22","Managing the family's health","No feeling","No feeling poster 5/6","TO SOURCE","— TO SOURCE —","","10","8","B","65","I had to get a few blood tests done. I kept procastinating it and eventally did not go for the test","Health and medical"
"22","Managing the family's health","No feeling","No feeling poster 5/6","TO SOURCE","— TO SOURCE —","","10","9","B","65","Due to work loads, sleep cycle is hampered and having work is also hampered when i dont sleep.","Health and medical"
"22","Managing the family's health","No feeling","No feeling poster 5/6","TO SOURCE","— TO SOURCE —","","10","10","B","65","Looking up the medicines of the same formula but different brands because I got them prescribed at a different state of the country than the one I am in now.","Health and medical"
"23","Managing the family's health","No feeling","No feeling poster 6/6","TO SOURCE","— TO SOURCE —","","1","1","B","65","I had to wait collect a token even after taking an appointment and I had to wait for my turn. After that there was huge queue for the medicine counter.","Health and medical"
"24","Buying the insurance","Overwhelm","Overwhelm poster 1/3","assigned","LIC life insurance policy","lic insurance policy.jpg","10","1","A","87","When it comes to money, investing, and insurance, I find it frustrating to choose the right option. There are so many insurance plans and investment products in the market, and every one of them has its own advantages and disadvantages. With insurance, I have to collect different quotations, compare coverage, exclusions, premiums, and benefits, and then make a decision. Having more choices gives us more opportunities, but it also creates more confusion and anxiety.  I experienced something similar when I was planning to invest in digital gold. My research suggested that gold prices were already high and could fall in the future, so I chose digital silver instead because the market trends showed strong growth. But later, silver prices started falling while gold continued to rise. It was frustrating to realize that even after spending so much time researching and studying investment strategies, the outcome could still be completely different.  The more choices we have, the more time and energy we spend trying to make the “right” decision and sometimes we still don't know whether it was the right one.","Money, investing and insurance"
"24","Buying the insurance","Overwhelm","Overwhelm poster 1/3","assigned","LIC life insurance policy","lic insurance policy.jpg","10","2","A","86","A few weeks ago, I was trying to figure out what I had actually spent that month and what I was supposed to be doing with my money.  I had expenses in UPI, card payments, bank transactions, a SIP somewhere, an insurance payment coming up, and about three different “I'll check this later” tabs open. I was sitting with my laptop, phone and bank app open, trying to reconstruct my own finances like I was investigating a minor financial crime.  The annoying part wasn't making one payment. It was remembering what needed attention, when, why, and whether I was doing the sensible thing with my money.  I wished I could just hand it to someone and say: “Look at everything, tell me what I need to pay, what I’m forgetting, what I’m investing, and what I should probably stop ignoring.”  Basically, I don't need someone to manage my money. I need someone to manage the mental load of managing my money.","Money, investing and insurance"
"24","Buying the insurance","Overwhelm","Overwhelm poster 1/3","assigned","LIC life insurance policy","lic insurance policy.jpg","10","3","A","86","Had to open my first demat account to invest a small amount from a summer internship stipend. Picked a broker because a friend used it, didn't read the fine print, and got stuck for a week on KYC re-verification because my Aadhaar address didn't match my current college address. Meanwhile the stock I wanted to buy moved 8%. Then, separately, my dad kept telling me to ""just get term insurance now while you're young and premiums are low"" .I ignored it for months because I didn't understand the difference between term and endowment plans, and every time I tried to compare policies online the comparison sites were clearly pushing whichever plan paid them the highest commission.","Money, investing and insurance"
"24","Buying the insurance","Overwhelm","Overwhelm poster 1/3","assigned","LIC life insurance policy","lic insurance policy.jpg","10","4","A","85","One time, I was trying to buy insurance online and compare different plans. I had to go through several websites, enter the same personal and financial information repeatedly, and read through complicated terms and conditions to understand what was actually covered. I remember feeling frustrated because the prices looked similar at first, but the coverage, exclusions, and hidden conditions were quite different. I ended up spending much longer than expected trying to figure out which option was actually worth paying for. It made me realize how difficult it can be to make financial decisions when the information isn't presented in a simple and transparent way.","Money, investing and insurance"
"24","Buying the insurance","Overwhelm","Overwhelm poster 1/3","assigned","LIC life insurance policy","lic insurance policy.jpg","10","5","A","81","To track the performance of my investments and should I put money or pull out. Insurance renewal time comparing the quotations and inclusions. I don't trust third party apps and work with direct MF websites or insurance company websites.","Money, investing and insurance"
"24","Buying the insurance","Overwhelm","Overwhelm poster 1/3","assigned","LIC life insurance policy","lic insurance policy.jpg","10","6","A","81","I was trying to understand my insurance policy and compare whether renewing it was actually worth the premium. I had to search through old emails and policy documents, figure out what was covered and what wasn’t, check the renewal amount, and compare it with other plans. The annoying part was that the important details were spread across different documents and websites, so I kept going back and forth just to answer a few basic questions. I would have happily handed this off to someone who could organize everything, compare the options, and tell me what actually needed my attention.","Money, investing and insurance"
"24","Buying the insurance","Overwhelm","Overwhelm poster 1/3","assigned","LIC life insurance policy","lic insurance policy.jpg","10","7","B","79","I have had a tab open on my laptop for six weeks.  It is a comparison of term insurance plans I started researching after a conversation with my father where he pointed out that I have no cover and no savings and I am 22 years old living in a different city.  The tab has been open since then. I have not closed it because closing it feels like giving up. I have not acted on it because every time I open it I realize I need to understand one more thing before I can decide, and that one more thing leads to three more tabs.  I now have a browser with nine tabs on term insurance, two on ELSS funds, and one on whether I should even be buying insurance before I start investing.  The tab from six weeks ago is still the first one.  I know exactly what I am doing. I cannot stop doing it.","Money, investing and insurance"
"24","Buying the insurance","Overwhelm","Overwhelm poster 1/3","assigned","LIC life insurance policy","lic insurance policy.jpg","10","8","B","79","There is so much information and advice available for me to decide on which stock to invest in, but that information also paralyses me in a way. I can't figure out for myself, based on my portfolio and my goals, what should be my next bet! It just feels cognitively heavy every month when I'm unable to decide what to do with the money I have left in my account at the start of every month.   It is similar with insurance. I get so many calls from insurance agents, and everybody is sending me quotes. I also have a couple of friends who are in the insurance business, and they have advice for me too. But no two agents have the same proposal, and it gets frustrating for me to decide which one is the best.   I use Claude or ChatGPT to share all the quotes I've received, and it has the context of which car I have, when I bought it, and what my preferences are. But I just wish there was an easy way to handle this.","Money, investing and insurance"
"24","Buying the insurance","Overwhelm","Overwhelm poster 1/3","assigned","LIC life insurance policy","lic insurance policy.jpg","10","9","B","78","Planning where to eat with friends becomes a whole research task. I go through restaurants I’ve saved on Instagram, then Google whether they’re actually open, check how far they are from everyone, what cuisine people feel like eating, whether it’s for lunch or dinner, and whether it fits the budget. I use Google and ChatGPT more than Zomato, and sometimes still have to call the restaurant to confirm timings, reservations or entry/cover charges. Then all of that goes back into the group chat before we finally decide or finaly just go to the usual hang out spot","Food and eating out"
"24","Buying the insurance","Overwhelm","Overwhelm poster 1/3","assigned","LIC life insurance policy","lic insurance policy.jpg","10","10","B","77","Buying an insurance scheme. So much complicated wording and similar plans. Doing so much research to choose the right one. And the annoying calls from Policybazaar in the meantime.","Health and medical"
"25","Buying the insurance","Overwhelm","Overwhelm poster 2/3","assigned","LIC children's assurance policy","life insuarance.jpg","10","1","B","75","Getting my documents together when tax filing season comes around is a pain. As also going through insurance companies' portals to figure out my current premiums (they bury the number behind too many clicks)","Money, investing and insurance"
"25","Buying the insurance","Overwhelm","Overwhelm poster 2/3","assigned","LIC children's assurance policy","life insuarance.jpg","10","2","B","74","Insurance - every time there is some new angle, clause, stupid rule that I have to figure out. Purchasing and using insurance is a nightmare.","Health and medical"
"25","Buying the insurance","Overwhelm","Overwhelm poster 2/3","assigned","LIC children's assurance policy","life insuarance.jpg","10","3","B","74","schedule a yearly blood test (look at all the options and pick one. this is really confusing. lots of providers and lots of full body checks. so i just want an at-home test. in hiospital, what tests are covered etc). Get the results.  Find and compare to previous results (find the old file. if its a different provider, formats are completely different . feed everythign top chat gpt to find some patterns) buy a supplement.","Health and medical"
"25","Buying the insurance","Overwhelm","Overwhelm poster 2/3","assigned","LIC children's assurance policy","life insuarance.jpg","10","4","B","71","I was at home trying to deal with an insurance claim. I had to find the policy documents, figure out what was actually covered, call the insurer, wait on hold, explain the situation again, and then chase them for an update because I hadn’t heard back. It was a bunch of small, confusing tasks that took way more time and energy than they should have.","Health and medical"
"25","Buying the insurance","Overwhelm","Overwhelm poster 2/3","assigned","LIC children's assurance policy","life insuarance.jpg","10","5","B","71","I was at home trying to review my investments and insurance details. I had information spread across different apps, emails, PDFs, and WhatsApp messages. I had to search for policy documents, check renewal dates, compare investment performance, and figure out whether I was missing anything important. The annoying part was not any one task—it was gathering all the information first and then making sense of it.","Money, investing and insurance"
"25","Buying the insurance","Overwhelm","Overwhelm poster 2/3","assigned","LIC children's assurance policy","life insuarance.jpg","10","6","B","69","The Scenario: Navigating Black Friday ChaosThe Location: A crowded electronics retail store at 5:00 AM.The Event: A highly anticipated doorbuster sale on a premium television.The Challenge: Managing overwhelming crowds, long checkout lines, and conflicting stock informatio","Shopping and deals"
"25","Buying the insurance","Overwhelm","Overwhelm poster 2/3","assigned","LIC children's assurance policy","life insuarance.jpg","10","7","B","68","Can't figure out what my past insurance policy or existing policy benefits are, while buying a new one for family or myself","Money, investing and insurance"
"25","Buying the insurance","Overwhelm","Overwhelm poster 2/3","assigned","LIC children's assurance policy","life insuarance.jpg","10","8","B","68","For indie craft makers that I like to discover it is always a struggle to figure out if they are genuine merchants or not","Shopping and deals"
"25","Buying the insurance","Overwhelm","Overwhelm poster 2/3","assigned","LIC children's assurance policy","life insuarance.jpg","10","9","B","68","There are so many complicated tools at my disposal and I simply don’t know which one is the right one to move forward on. I signed up for an insurance policy for a pretty hefty sum without knowing half of what I was getting into. I’ve now spent two years trying to get out of it.","Money, investing and insurance"
"25","Buying the insurance","Overwhelm","Overwhelm poster 2/3","assigned","LIC children's assurance policy","life insuarance.jpg","10","10","B","67","I had to renew an insurance policy and kept putting it off. I had to find the old policy document, check what was actually covered, compare the renewal premium with other options, figure out whether the coverage still made sense, and then complete the payment. None of the individual steps was particularly difficult, but there were too many small things to figure out, so I kept telling myself I’d do it later. I eventually ended up doing it at the last minute.","Money, investing and insurance"
"26","Buying the insurance","Overwhelm","Overwhelm poster 3/3","assigned","Bombay Motor Car Co — cars & motor insurance","bombay motor car co.jpg","5","1","B","67","I was at home trying to sort out my investments and insurance documents. I had to find the details of an old policy, check when the premium was due, and then figure out where the payment actually had to be made. The information was spread across emails, PDFs and different apps, and I kept switching between them because I wasn’t even sure which document had the latest details. Eventually I just saved everything in one folder and dealt with it manually. The annoying part wasn’t the payment itself — it was figuring out what I needed to do in the first place.","Money, investing and insurance"
"26","Buying the insurance","Overwhelm","Overwhelm poster 3/3","assigned","Bombay Motor Car Co — cars & motor insurance","bombay motor car co.jpg","5","2","B","66","Insurance requires a lot of research. Investing too, so to take out time and do it is bit hard","Money, investing and insurance"
"26","Buying the insurance","Overwhelm","Overwhelm poster 3/3","assigned","Bombay Motor Car Co — cars & motor insurance","bombay motor car co.jpg","5","3","B","66","Checking bills, insurance break-up and cost comparison","Health and medical"
"26","Buying the insurance","Overwhelm","Overwhelm poster 3/3","assigned","Bombay Motor Car Co — cars & motor insurance","bombay motor car co.jpg","5","4","B","66","Just the damn discovery process - going on 3 different apps etc to get best collection","Shopping and deals"
"26","Buying the insurance","Overwhelm","Overwhelm poster 3/3","assigned","Bombay Motor Car Co — cars & motor insurance","bombay motor car co.jpg","5","5","B","66","My car and bike both seem to have too many insurance updates, service requirements, small issues like tyre pressure check, starting problems. I also take care of stuff for my dad’s car and bike in another city. There’s never a moment of peace.","Getting around and vehicles"
"27","Buying the insurance","Frustration","Frustration poster 1/2","TO SOURCE","— TO SOURCE —","","10","1","A","89","My mother and I fell ill last June with a viral infection. We had high fever which followed with severe body pain. Post the fever, both of us had severe pain in our bones, to the extent that i was practically limping for over a month post the infection. It was like I had no strength in my legs - basic activities like sitting on the floor or climbing up on a stool were unachievable! As a 40 yr old, my legs actually felt like 85yrs +. I started a gym routine 6 months later to help me build strength; but i still feel that my legs havent fully recovered and there are occassions when i dread sitting on the floor & getting up again.  Mom had a similar experience but more concentrated on her hands...she is 75+ and now a year later, her finger bones have started twisting similar to arthritis.   My frustration is that we have no real diagnostic explanation for the issue beyond ""viral infection""; consequently we have no real cure beyond self-experimenting with supplements & vitamins.","Health and medical"
"27","Buying the insurance","Frustration","Frustration poster 1/2","TO SOURCE","— TO SOURCE —","","10","2","A","89","The biggest frustration is the monthly budget, as it requires tracking down every single item purchased on Blinkit, Amazon and countless items paid through UPI. Add to that any adhoc expense that comes up, for eg the broken faucet needing a replacement, the curtain rod that was brought down by the kid hanging on it, or Olympiad fees that is to be paid because every other parent has done so. This is on top of EMI's, LIC payments , SIP's. So the acts of planning, budgeting, tracking,  investing is a big mess and its get done right in bits and pieces, but there definitely is a feeling of lack of control, as one is just responding to all the stimuli, it would be so much better if one feels like you are in charge of all of the above decisions.","Money, investing and insurance"
"27","Buying the insurance","Frustration","Frustration poster 1/2","TO SOURCE","— TO SOURCE —","","10","3","A","83","One example was when I was trying to learn something new online and had to figure out where to start. I had a general idea of what I wanted to learn, but once I started looking, there were too many courses, YouTube videos, articles, and different recommendations. Every resource seemed to assume a different level of knowledge, so it was difficult to figure out which one was actually worth my time.  I ended up spending almost as much time searching for the right resources as I did actually learning. I would start one video, realize it was too basic, switch to another one that was too advanced, and then save a bunch of links that I never came back to. I also had to make my own notes and keep track of what topics I had already covered so I wouldn't keep repeating the same material.  The frustrating part was that I wasn't struggling with the subject itself as much as I was struggling with organizing the learning process. I would have liked someone to understand what I already knew, create a sensible learning path, find good resources, explain difficult parts when I got stuck, and keep track of my progress. That would have saved a lot of time and made the whole learning experience much more structured.","Learning and hobbies"
"27","Buying the insurance","Frustration","Frustration poster 1/2","TO SOURCE","— TO SOURCE —","","10","4","A","82","I was deciding whether to buy into a mid-cap NBFC before results. First I got stuck on ""provision coverage ratio"" and ""AUM churn"" no source explained these in the context of the actual company, just generic definitions I had to piece together myself. Then I tried checking if mutual funds were already buying it through SEBI mandates monthly disclosures, but it's 40+ AMCs each in their own excel format with no common schema, so I had 18 tabs open manually noting ""bought/sold/unchanged"" since the percentage figures move with price and don't tell you what the fund manager actually did. By midnight I had fundamentals, some news, and half a picture of fund activity, with no way to weigh the three against each other so I just went with gut feel, which defeated the point. What I needed wasn't more data, it was several angles argued out properly instead of one tired brain doing it all badly.","Money, investing and insurance"
"27","Buying the insurance","Frustration","Frustration poster 1/2","TO SOURCE","— TO SOURCE —","","10","5","B","79","It was during the recovery after my accident, I had to apply some iodine solution on the wounds and had to eat around 7 different pills 3 times a day while I had seviour pain","Health and medical"
"27","Buying the insurance","Frustration","Frustration poster 1/2","TO SOURCE","— TO SOURCE —","","10","6","B","79","I was trying to sort out an investment/insurance-related issue online and ended up stuck between different documents, calls, and people giving me slightly different answers. I had to dig through old emails and policy details, figure out what was actually applicable, and keep following up because nobody seemed to have the full picture. The frustrating part was knowing it was my money, but still feeling like I needed someone else to explain what was happening before I could make a confident decision.","Money, investing and insurance"
"27","Buying the insurance","Frustration","Frustration poster 1/2","TO SOURCE","— TO SOURCE —","","10","7","B","76","i always look for opportunities to earn money,learn stock markets,to keep my family secure through insurance","Money, investing and insurance"
"27","Buying the insurance","Frustration","Frustration poster 1/2","TO SOURCE","— TO SOURCE —","","10","8","B","76","paying insurance premiums especially on lic is a pain because the digital experience is broken and full of friction. Also gathering all the docs needs for tax filing is my annual pain.","Money, investing and insurance"
"27","Buying the insurance","Frustration","Frustration poster 1/2","TO SOURCE","— TO SOURCE —","","10","9","B","74","I was at a diagnostic center billing counter trying to collect itemized, stamped tax invoices for tests prescribed on a handwritten slip. The lab only provided faded thermal receipts and unformatted WhatsApp PDFs, which my insurance portal kept rejecting. I had to wait 40 minutes for reprints, take photos on my phone, convert them through a scanner app, and manually re-enter invoice numbers and line items into a portal that kept timing out.","Health and medical"
"27","Buying the insurance","Frustration","Frustration poster 1/2","TO SOURCE","— TO SOURCE —","","10","10","B","72","Stuck in a KYC loop trying to set up a SIP, address mismatch, blurry scan, reupload, repeat. Also dug through email for an insurance policy number because the agent just sent a WhatsApp forward with no context. Pure admin sludge.","Money, investing and insurance"
"28","Buying the insurance","Frustration","Frustration poster 2/2","TO SOURCE","— TO SOURCE —","","4","1","B","71","Insurance claims - So, to claim any expenses from the insurers, there is a whole lot of documentation, especially in a particular format, which needs to be collated and organised to ensure the claim process is smooth. The policy and guidance are also so elaborate and boring - it is hard to track what applies to a particular situation and have the documents ready accordingly. Even after checking with a few people, the insurers came back with a whole list of requirements, and the whole claim process took around 1-1.5 months for closure.","Money, investing and insurance"
"28","Buying the insurance","Frustration","Frustration poster 2/2","TO SOURCE","— TO SOURCE —","","4","2","B","70","Filing for insurance claims is tedious, the plethora of documentation and information required puts me off","Health and medical"
"28","Buying the insurance","Frustration","Frustration poster 2/2","TO SOURCE","— TO SOURCE —","","4","3","B","69","As you grow up, you can go through the motions, or you can proactively get involved to start finding better solutions, better ways to execute those, plan for the future and cover your needs for the present","Money, investing and insurance"
"28","Buying the insurance","Frustration","Frustration poster 2/2","TO SOURCE","— TO SOURCE —","","4","4","B","65","I love trying out new things but the discovery of them is really hard. Even when you discover them, if you are serious about it and need a structured way for getting better at it, there is no personalised way to do it.","Learning and hobbies"
"29","Buying the insurance","Repetitive","Repetitive poster 1/2","TO SOURCE","— TO SOURCE —","","10","1","A","93","Honestly, the one that gets me every time is settling up after a group trip or event. Everyone pays for random bits on different apps, one person books the cabs, someone else covers the hotel deposit, another pays for dinner, and somehow, I'm always the one who ends up remembering who paid what. Half the group says ""I'll Gpay you later"" and then just... doesn't, so I'm sending the same ""hey, pending amount"" text three or four times over a week, redoing the math every time because nobody actually agreed on a split to begin with, it was always just ""we'll figure it out at the end."" By the time everyone's finally paid up, I've genuinely forgotten why the number was what it was in the first place, and at some point, I just let the odd fifty rupees go rather than send a fifth reminder.","Money, investing and insurance"
"29","Buying the insurance","Repetitive","Repetitive poster 1/2","TO SOURCE","— TO SOURCE —","","10","2","A","83","Keeping track of all investments, ensuring that the family members are aware of everything - in case of eventualities. Keeping family abreast of the insurance benefits my job provide, bill payments, investments maturing, tracking their performance - all these seem really harrowing.","Money, investing and insurance"
"29","Buying the insurance","Repetitive","Repetitive poster 1/2","TO SOURCE","— TO SOURCE —","","10","3","A","81","1. Monthly: Analysing and logging credit card spending and paying credit card bills. Timeconsuming, tiresome, and essential.   2. Annual: Keeping track of investments, PPF, insurance, tax, and other recurring payments, making those payments, and then keeping the proofs in particular folders.  3. Long-term: I simply do not have the time to invest in anything other than FDs.","Money, investing and insurance"
"29","Buying the insurance","Repetitive","Repetitive poster 1/2","TO SOURCE","— TO SOURCE —","","10","4","A","80","It's a very manual process. People new to investing or insurance are very skeptical to take any wrong steps. Hence payments or installments are often not in auto-pay mode. So each time when i get a reminder to invest it feels like a hassle.","Money, investing and insurance"
"29","Buying the insurance","Repetitive","Repetitive poster 1/2","TO SOURCE","— TO SOURCE —","","10","5","B","79","Transferring money to my PPF account, keep track of maturing FD, any insurances due","Money, investing and insurance"
"29","Buying the insurance","Repetitive","Repetitive poster 1/2","TO SOURCE","— TO SOURCE —","","10","6","B","79","Ensuring the paperwork on my financial accounts/investments/cards/insurance are kept uptodate. The frequent issues that I have to address is nominations; either/or; email and mobile regd; new account opening where required. Payment of premiums and SIPs are automatic fortunately and I have also consolidated my banking relationships and now work with just two banks where most of my stuff is booked. There are some incredible advisors who help people keep a track of these things but there scope is limited to investments and insurance.","Money, investing and insurance"
"29","Buying the insurance","Repetitive","Repetitive poster 1/2","TO SOURCE","— TO SOURCE —","","10","7","B","77","I got a job in 2024. Since then, I have been thinking about investing, but I did not start until the start of this year. Now I had connected with one of my friends who had started helping people invest. Now I share the portfolio each week, and he advises what to do next. Similarly, I had to get insurance for my parents, but I wasn't sure which plan to choose, and I hadn't taken it yet, even though I had to.","Money, investing and insurance"
"29","Buying the insurance","Repetitive","Repetitive poster 1/2","TO SOURCE","— TO SOURCE —","","10","8","B","76","I have been working upon my skills more due to the recent job trends while also maintaining academics. Actually, there are endless topics to cover and learn more, so basically i frustrated because, i don't get enough time to complete my daily target.","Learning and hobbies"
"29","Buying the insurance","Repetitive","Repetitive poster 1/2","TO SOURCE","— TO SOURCE —","","10","9","B","75","I had an insurance policy renewal sitting in my email that I’d been meaning to deal with. I opened it, realised I didn’t remember exactly what was covered, then started looking for the old policy document and previous payment details. I told myself I’d compare it properly before renewing it, got distracted, and closed everything. A few days later I was still telling myself I’d “do it this weekend.”","Money, investing and insurance"
"29","Buying the insurance","Repetitive","Repetitive poster 1/2","TO SOURCE","— TO SOURCE —","","10","10","B","72","I had been getting repeated calls to renew my car insurance. I had to put in some thought into which insurance would be the best, make sure I'm not overpaying, and whether it covers all that I need. I kept on procrastinating to the point that I applied zero thought to it when I finally renewed my insurance.","Money, investing and insurance"
"30","Buying the insurance","Repetitive","Repetitive poster 2/2","TO SOURCE","— TO SOURCE —","","3","1","B","72","Trying to reconcile and pay multiple fragmented monthly insurance premium renewals and business tax compliance filings across different government and corporate portals, only to have transactions fail midway due to gateway timeouts or reauthentication errors, forcing me to restart the entire multistep verification process from scratch.","Money, investing and insurance"
"30","Buying the insurance","Repetitive","Repetitive poster 2/2","TO SOURCE","— TO SOURCE —","","3","2","B","69","Insurance expired, find a new provider or renew with same, ask for best premium, etc. Most of time i do it after it is expired","Money, investing and insurance"
"30","Buying the insurance","Repetitive","Repetitive poster 2/2","TO SOURCE","— TO SOURCE —","","3","3","B","66","I’ve been trying to buy insurance - each time I try to see what works I get deluged with 100 ai bot calls and no actual information","Health and medical"
"31","Buying the insurance","Procrastinate","Procrastinate poster","TO SOURCE","— TO SOURCE —","","4","1","B","79","Keeping track of all the insurance payments, understanding all the various investments and how they are doing. Trying to learn a bit about stocks and play the market more as a side hobby.  I have put my yearly expenses in my budget and I have a budget app but it is a pain to get to and mostly I am delayed on one hand. On the other hand, I am wondering if expense analysis is the best use of my time. All this together makes me feel not on top of my money","Money, investing and insurance"
"31","Buying the insurance","Procrastinate","Procrastinate poster","TO SOURCE","— TO SOURCE —","","4","2","B","78","My task involved the renewal of an insurance plan that I kept putting off because I was reluctant to complete the paper work, analyze my choices, and determine the items that needed to be renewed. I thought of this matter several times, avoided it, and finally got down to work once the deadline was approaching.","Money, investing and insurance"
"31","Buying the insurance","Procrastinate","Procrastinate poster","TO SOURCE","— TO SOURCE —","","4","3","B","75","I had applied for term insurance which got rejected. I was to reapply after 6 months. It has been an year since those 6 months passed. Never made up my mind to do it again  I make monthly spends tracker which sometimes gets postponed by several months. There are still a few intervening months pending in the past 3 years","Money, investing and insurance"
"31","Buying the insurance","Procrastinate","Procrastinate poster","TO SOURCE","— TO SOURCE —","","4","4","B","67","One thing I keep putting off is checking my expenses and deciding where to put my savings. Usually, I’ll be sitting on my phone at night, see my bank balance, and think, “I should really start investing properly.” Then I open a few apps, look at mutual funds or insurance options, get confused by all the terms and numbers, and tell myself I’ll understand it properly tomorrow. And somehow, tomorrow becomes next week.","Money, investing and insurance"
"32","Buying the insurance","No feeling","No feeling poster 1/2","TO SOURCE","— TO SOURCE —","","10","1","B","76","I like to learn in a very particular manner, I am not a cover-to-cover reader nor am a tutorial binge watcher. I learn in a very non standard way, I start with a fun item (a party trivia, a mini project that brings pride) then dive deeper.   So planning, learning and tracking becomes challenging. Also I dont like to follow standard advices and learn it all. I like to customise my buffet,","Learning and hobbies"
"32","Buying the insurance","No feeling","No feeling poster 1/2","TO SOURCE","— TO SOURCE —","","10","2","B","74","I handle my entire families finances. This includes 5 entities, several wealth managers and several financial products. Keeping confidentiality, by not sharing it on an app like mprofit, but yet have complete control of all documents, updates and current value of all investments and insurances. I don't have any due date calendar of what's maturing etc. Many many things here.","Money, investing and insurance"
"32","Buying the insurance","No feeling","No feeling poster 1/2","TO SOURCE","— TO SOURCE —","","10","3","B","72","for insurance, remembering to register for the annual insurance every year, and paying the premium. for investing, choosing the right opportunities, the rigth time etc","Money, investing and insurance"
"32","Buying the insurance","No feeling","No feeling poster 1/2","TO SOURCE","— TO SOURCE —","","10","4","B","72","Paying insurance premiums (for myself, parents, etc) on an archaic (L I C) website","Money, investing and insurance"
"32","Buying the insurance","No feeling","No feeling poster 1/2","TO SOURCE","— TO SOURCE —","","10","5","B","71","Changing basic details in bank accounts or insurance policies like nominee , phone number , address is such a task. I had two bank accounts in the same bank , Since neither had a specific purpose i got one of them closed after delinking everything from it like demat account etc. A few months later I redeemed a few Mutual Funds unit which turns out will still be credited into the closed bank account as it did not get de link. For the next whole month I used to get troubled going to the AMC offices and filling the same form explaining the problem again an again","Money, investing and insurance"
"32","Buying the insurance","No feeling","No feeling poster 1/2","TO SOURCE","— TO SOURCE —","","10","6","B","70","Putting my bills to insurance claim. Arranging them in folders to keep my and family history.","Health and medical"
"32","Buying the insurance","No feeling","No feeling poster 1/2","TO SOURCE","— TO SOURCE —","","10","7","B","69","I manage our insurance fairly well. But for investing, I am a total noob and beyond the basics, I just keep postponing the important stuff and this bothers me a lot.","Money, investing and insurance"
"32","Buying the insurance","No feeling","No feeling poster 1/2","TO SOURCE","— TO SOURCE —","","10","8","B","69","I am unable to take out time to learn them , i have covered the base but not able to get advanced in it","Learning and hobbies"
"32","Buying the insurance","No feeling","No feeling poster 1/2","TO SOURCE","— TO SOURCE —","","10","9","B","69","Insurance: Getting a claim done. The bot couldn't answer, no person available , kept sending me back to the same link. Banking: human interface has no knowledge. Unaware of rules, regulations, bureaucratic.","Money, investing and insurance"
"32","Buying the insurance","No feeling","No feeling poster 1/2","TO SOURCE","— TO SOURCE —","","10","10","B","67","I don't know how to choose which policy.","Money, investing and insurance"
"33","Buying the insurance","No feeling","No feeling poster 2/2","TO SOURCE","— TO SOURCE —","","1","1","B","65","Trying to get the best Premium Economy seats for the lowest prices","Travel and holidays"
"34","Getting the slot","Overwhelm","Overwhelm poster","assigned","Escorts medical/X-ray equipment — clinic","public health instrument.jpg","8","1","A","81","I wanted to book a bnb for Goa but almost every bnb looked the same and had the same address in north goa which made me anxious about the credibility of the stay and it was so frustrating that I started in the morning and till evening I could not finalise the stay as everything was so confusing and the reviews also didnt feel genuine.","Travel and holidays"
"34","Getting the slot","Overwhelm","Overwhelm poster","assigned","Escorts medical/X-ray equipment — clinic","public health instrument.jpg","8","2","A","81","One recurring task is planning outings with friends. Recently, I had to organize a weekend plan, which meant checking everyone’s availability, deciding on a place, comparing prices, looking at reviews, and figuring out transportation. Different people had different preferences and budgets, so getting everyone to agree took several rounds of messages. I also had to make the actual booking and coordinate the timing afterward. None of these tasks were individually difficult, but together they became surprisingly time-consuming. I would have preferred an assistant that could understand everyone’s preferences, suggest suitable options, coordinate with the group, and handle the booking once we agreed.","Going out and entertainment"
"34","Getting the slot","Overwhelm","Overwhelm poster","assigned","Escorts medical/X-ray equipment — clinic","public health instrument.jpg","8","3","B","78","I was trying to plan a dinner/movie outing with a group of friends. I had to figure out everyone’s availability, decide on a place, check timings and prices, and then keep messaging the group because nobody was responding at the same time. By the time everyone agreed, the original slot was either full or the plan had changed again. I ended up checking multiple apps, sending screenshots and repeatedly asking, “So are we doing this or not?” It was much more effort than the actual outing.","Going out and entertainment"
"34","Getting the slot","Overwhelm","Overwhelm poster","assigned","Escorts medical/X-ray equipment — clinic","public health instrument.jpg","8","4","B","76","Like I did a paid internship and so I have money in my bank account but right now I am in my MBA college which is very hectic schedule and I don't have any knowledge of what to do with my money as I want it to grow, I actually want to invest in share market but don't want to lose. I also want to make money badly doing something I enjoy.","Money, investing and insurance"
"34","Getting the slot","Overwhelm","Overwhelm poster","assigned","Escorts medical/X-ray equipment — clinic","public health instrument.jpg","8","5","B","74","I had to arrange a haircut before an event, and it turned into more work than expected. I had to figure out which salon to go to, check reviews and prices, look at available appointment times, and message the salon to confirm. Then I had to coordinate the timing around everything else I had planned. Nothing was particularly difficult, but it was one of those small tasks that took several messages and decisions when I just wanted it sorted.","Beauty and self-care"
"34","Getting the slot","Overwhelm","Overwhelm poster","assigned","Escorts medical/X-ray equipment — clinic","public health instrument.jpg","8","6","B","73","I am trying to learn how to build an agent for personal consumption through claude and chatgpt, i have made several attempts in the past but i either was not able to complete it because it didnt work, or that it demanded too much of my time or too many of my tokens or both. I eventually quit and i just use skills to streamline my life at work.","Learning and hobbies"
"34","Getting the slot","Overwhelm","Overwhelm poster","assigned","Escorts medical/X-ray equipment — clinic","public health instrument.jpg","8","7","B","72","Figuring out which restaurant is trending and my family will like as well. Getting reservation","Going out and entertainment"
"34","Getting the slot","Overwhelm","Overwhelm poster","assigned","Escorts medical/X-ray equipment — clinic","public health instrument.jpg","8","8","B","66","huge queue during weekends, a lot of options but can't figure out what I want for my taste, long process","Shopping and deals"
"35","Getting the slot","Frustration","Frustration poster","TO SOURCE","— TO SOURCE —","","7","1","A","90","Where I was: Standing outside a crowded, trendy microbrewery on a Saturday night at 8:30 PM, shouting over the loud music and traffic.What happened: I had used Zomato Dineout to book a table for four, but when we arrived, the receptionist told us our reservation was ""tentative"" because the restaurant was overbooked.The mess I dealt with: We were told to wait 45 minutes on the sidewalk. I had to deal with two hangry friends, a chaotic valet parking line blocking the street, and a receptionist who kept prioritizing people who seemed to know the manager. Trying to find a backup restaurant on Swiggy SteppinOut at the last minute while standing in high heels/uncomfortable clothes was a total nightmare.","Going out and entertainment"
"35","Getting the slot","Frustration","Frustration poster","TO SOURCE","— TO SOURCE —","","7","2","A","86","I stick almost exclusively to my usual local spots because trying new places is rarely worth the hassle. The last time I tried somewhere new, I spent 20 minutes looking for parking, waited another 30 minutes for a table, and ended up with an overpriced meal that wasn't as good as my regular order at my go-to spot. I’d rather deal with predictable quality than risk wasting time and money on disappointment.","Food and eating out"
"35","Getting the slot","Frustration","Frustration poster","TO SOURCE","— TO SOURCE —","","7","3","A","83","Booking a cab/auto is very tedious- this makes going out a tiring process in terms of getting transport, makes me frustrated with the constant cancellations","Going out and entertainment"
"35","Getting the slot","Frustration","Frustration poster","TO SOURCE","— TO SOURCE —","","7","4","A","81","When i book an overnight bus, I like to book a single seat sleeper (preferrably near the 1st or 2nd row). This simple requirement is never factored in services like redbus, which only allow for single seat (or) sleeper. I end up always manually going through all the buses w/ single seat, and check which of them have a seat of my liking.","Getting around and vehicles"
"35","Getting the slot","Frustration","Frustration poster","TO SOURCE","— TO SOURCE —","","7","5","B","78","i have a hobby of reading. But nowadays i am unable new and interesting books according to my genre. Also when i like a book and look to purchase it online, i have to surf through the internet to find the perfect publication and translation.","Learning and hobbies"
"35","Getting the slot","Frustration","Frustration poster","TO SOURCE","— TO SOURCE —","","7","6","B","70","Its a pain to stick to the same schedule and eat right. So much information and cognitive load.","Fitness and wellness"
"35","Getting the slot","Frustration","Frustration poster","TO SOURCE","— TO SOURCE —","","7","7","B","68","It's hard to find the peaceful time and let the creativity flow through my head because of all the hectic schedule and deadlines","Learning and hobbies"
"36","Getting the slot","Repetitive","Repetitive poster","TO SOURCE","— TO SOURCE —","","3","1","A","90","he Task: Finalizing a restaurant, reserving a table for a large group, and settling the bill afterward.  Where I was: Packed in a cab on a Saturday evening with seven friends, refreshing three restaurant apps at 8:30 PM.  What happened: No one could agree on a cuisine, everywhere was fully booked with a 60-minute waitlist, and the one place that took reservations canceled due to an overbooked patio. At dinner's end, one person paid a ₹9,000 bill, and the next 45 minutes devolved into an awkward breakdown of taxes, service charges, who drank what, and tracking who hadn't paid back on UPI.  What I had to deal with: Endless back-and-forth WhatsApp polling, calling five host desks while shouting over traffic, and sending three days of passive-aggressive payment reminder texts to close out the split","Food and eating out"
"36","Getting the slot","Repetitive","Repetitive poster","TO SOURCE","— TO SOURCE —","","3","2","A","83","I was at a café with someone I really liked, and the hardest part wasn’t choosing the food it was pretending I didn’t care where we sat. 😭  I quietly wanted the corner table, kept refreshing the waitlist, timed our arrival, and even asked the staff “Any chance that table opens up?” while acting completely casual.  We spent two hours talking, and the food was almost an afterthought. The real task was orchestrating the tiny details so the moment felt effortless… while stressing over every single one of them.","Food and eating out"
"36","Getting the slot","Repetitive","Repetitive poster","TO SOURCE","— TO SOURCE —","","3","3","B","70","""Trying to book an appointment with my usual salon/stylist, finding zero open slots for weeks, and having to constantly reschedule around my work hours.""","Beauty and self-care"
"37","Getting the slot","Procrastinate","Procrastinate poster","TO SOURCE","— TO SOURCE —","","3","1","A","86","I Needed a haircut before a interview and left it to the last minute went to the usual campus-area salon only to find a 40-minute wait with no way to book ahead, no app, nothing, just first-come-first-serve on a plastic chair. Ended up either waiting and cutting it close on time, or going to a different, more expensive salon nearby that I'd never used before, with no reviews I trusted, just hoping it'd be fine. Separately, ran out of a basic thing like a decent face wash or sunscreen and kept putting off buying more because it meant either a 20-minute trip to the store or scrolling through twenty near-identical options on Amazon/Nykaa with no idea which one was actually good versus just well-marketed.","Beauty and self-care"
"37","Getting the slot","Procrastinate","Procrastinate poster","TO SOURCE","— TO SOURCE —","","3","2","A","80","Planning a batch trip. The WhatsApp group has 15 people arguing about dates and budgets. I keep putting off booking the actual train tickets because nobody will commit, and now the Tatkal window is our only hope.","Going out and entertainment"
"37","Getting the slot","Procrastinate","Procrastinate poster","TO SOURCE","— TO SOURCE —","","3","3","B","68","Going for a haircut or a salon appointment, I keep putting it off because finding the time and deciding where to go feels like too much effort","Beauty and self-care"
"38","Getting the slot","No feeling","No feeling poster 1/2","TO SOURCE","— TO SOURCE —","","10","1","A","91","Going home for Diwali. Train ticket already waitlisted, so I needed a bus.  Searched RedBus, three options showed ""available,"" clicked all three, two were full by the time I reached payment. Booked the third, got a confirmation, showed up at the stand — bus was 2.5 hours late, no update anywhere, just 40 people standing and refreshing the same useless tracking page.  Called the number on the ticket. Someone picked up, said ""bas aane wali hai"" and hung up.  It arrived. But that 2.5 hours of not knowing anything — whether to wait, book something else, call someone — that's the part that kills you.","Getting around and vehicles"
"38","Getting the slot","No feeling","No feeling poster 1/2","TO SOURCE","— TO SOURCE —","","10","2","A","82","Last weekend, a few of us were trying to make plans to go out. We had a vague idea of where we wanted to go, but then the WhatsApp messages started: “What time?”, “Where exactly?”, “Who’s coming?”, “Is there parking?”, “Should we book?”, and everyone had a different preference. I ended up checking Google Maps, Instagram, restaurant pages and booking apps, then sending options to the group and waiting for everyone to agree. By the time we actually decided, I’d spent more time coordinating the outing than thinking about what I wanted to do.","Going out and entertainment"
"38","Getting the slot","No feeling","No feeling poster 1/2","TO SOURCE","— TO SOURCE —","","10","3","A","81","Was looking for a restaurant booking as wife said. Booked a slot 1 hr back just to know that I booked a different outlet. Then waited for an hour to get a seat in the outlet of my wife’s choice.","Going out and entertainment"
"38","Getting the slot","No feeling","No feeling poster 1/2","TO SOURCE","— TO SOURCE —","","10","4","B","78","Last month, hostel gang decided to go out for dinner. 7 people, 19 messages, zero decisions for 25 minutes.  Everyone had an opinion on the restaurant, nobody wanted to actually book the table. I ended up calling Kebab Express myself, they said ""walk-in only,"" we went anyway, waited 40 minutes standing outside, two people left midway.  Whole thing would've been solved if someone just — checked, booked, confirmed, sent the address. Done. Instead it was a group chat war followed by a queue.","Going out and entertainment"
"38","Getting the slot","No feeling","No feeling poster 1/2","TO SOURCE","— TO SOURCE —","","10","5","B","75","Needing to book a ticket to a F1 race I have to consistently log in to the website and refresh it. Also for movies, it's almost always the need to book at a nearby PVR exactly 30 minutes before the show for the best seats.","Going out and entertainment"
"38","Getting the slot","No feeling","No feeling poster 1/2","TO SOURCE","— TO SOURCE —","","10","6","B","73","from where to order, what to order, where to book reservations","Food and eating out"
"38","Getting the slot","No feeling","No feeling poster 1/2","TO SOURCE","— TO SOURCE —","","10","7","B","73","its like sometimes I want to book a ticket to an event but its long ahead so end up forgetting when the tickets open and lose my chance to attend the event","Going out and entertainment"
"38","Getting the slot","No feeling","No feeling poster 1/2","TO SOURCE","— TO SOURCE —","","10","8","B","73","Booking a flight - gettnig the price, airline, stops and timing combo right.","Getting around and vehicles"
"38","Getting the slot","No feeling","No feeling poster 1/2","TO SOURCE","— TO SOURCE —","","10","9","B","72","Getting an appointment. I am usually busy with work so i get late on booking my appointments","Health and medical"
"38","Getting the slot","No feeling","No feeling poster 1/2","TO SOURCE","— TO SOURCE —","","10","10","B","71","I was in Vellore, and the queue for the temple was massive and in middle of afternoon, and I had to do it either way becuase it was religion and also my parents told me to","Travel and holidays"
"39","Getting the slot","No feeling","No feeling poster 2/2","TO SOURCE","— TO SOURCE —","","3","1","B","71","Finding and booking accommodation. I know what I want, but can't find best match","Travel and holidays"
"39","Getting the slot","No feeling","No feeling poster 2/2","TO SOURCE","— TO SOURCE —","","3","2","B","68","Conflicting appointments, inefficient travel time ; missed opportunity enroute to attend other appointments","Going out and entertainment"
"39","Getting the slot","No feeling","No feeling poster 2/2","TO SOURCE","— TO SOURCE —","","3","3","B","67","It's about the waiting, irrespective of whether you have an appointment or not you have to wait and the place is crowded with sometimes no place to sit","Health and medical"
"40","Sticking to the goal","Repetitive","Repetitive poster 1/10","assigned","Lure Beauty Mask — skincare","Lure beauty mask.jpeg","10","1","A","87","Yeah I really need some daily guidance on how my body is responding to me beginning exercise as understanding helps me stick to my plans a lot, because without understanding I might feel tired or sleepy all the time while not being able to sleep quickly when I start gym after a long time for example, and I would really like it if I could have an AI coach that could guide me through my journey.","Fitness and wellness"
"40","Sticking to the goal","Repetitive","Repetitive poster 1/10","assigned","Lure Beauty Mask — skincare","Lure beauty mask.jpeg","10","2","A","86","One of the hardest things I’ve dealt with was trying to stay consistent with fitness while everything else in my life felt uncertain. I would make a plan to work out regularly, but college, deadlines, stress, poor sleep, and just feeling mentally drained kept getting in the way. I’d start strong for a few days, miss one or two sessions, and then feel like I had already failed and stop altogether. There were also days when I would compare myself to people who seemed much fitter and more disciplined, which honestly made me feel worse instead of motivating me. Eventually I realized the real problem wasn’t finding the perfect workout or diet, it was building a routine I could actually maintain. I started focusing on small things like walking more, exercising consistently even when it was short, improving my sleep, and being less obsessed with immediate results. It’s still messy and I’m not perfectly consistent, but I’ve learned that wellness is more about taking care of yourself over time than trying to transform yourself overnight.","Fitness and wellness"
"40","Sticking to the goal","Repetitive","Repetitive poster 1/10","assigned","Lure Beauty Mask — skincare","Lure beauty mask.jpeg","10","3","A","85","Most evenings, when I’m finally done with classes and other work, I realise I still have to think about my hair-growth routine. I have to remember when I last washed my hair, whether I used oil, when I’m supposed to apply my hair-care products, and what I used the previous time. Sometimes I’m too tired and skip it; other times I can’t remember whether I already did something and end up checking my phone or trying to reconstruct it from memory. Then there’s the constant question of whether I’m actually being consistent enough to see any change. It’s not one difficult task — it’s the repeated remembering, tracking and adjusting that gets annoying. I’d happily hand that entire routine to an assistant that could keep track of it, remind me at the right time and show me whether I’m actually staying consistent.","Health and medical"
"40","Sticking to the goal","Repetitive","Repetitive poster 1/10","assigned","Lure Beauty Mask — skincare","Lure beauty mask.jpeg","10","4","A","85","I constantly procrastinate on daily workouts because the routine feels deeply repetitive and boring, but the friction starts long before the gym. Last Tuesday, I was sitting at my hostel desk staring at a generic workout PDF I downloaded, feeling completely unmotivated by the static list of exercises. I wanted to switch things up and try something new like an outdoor sport or a local group class, but finding options meant opening five different platforms, checking slot availability, comparing student rates, and calculating travel time. Dealing with that exhausting planning loop on top of a heavy college schedule makes me give up entirely. I just end up putting it off, closed the apps, and skipped the workout altogether.","Fitness and wellness"
"40","Sticking to the goal","Repetitive","Repetitive poster 1/10","assigned","Lure Beauty Mask — skincare","Lure beauty mask.jpeg","10","5","A","85","everyday its my manual fitness schedule for daily morning workouts, Hope i could automate it. for food think of pesonal dietitian who plan food as per our health conditions","Fitness and wellness"
"40","Sticking to the goal","Repetitive","Repetitive poster 1/10","assigned","Lure Beauty Mask — skincare","Lure beauty mask.jpeg","10","6","A","84","I wanted to improve my singing, so one evening I decided to practice a song I liked. I spent quite a bit of time searching YouTube for the right tutorial, karaoke/instrumental track, and videos explaining the difficult parts. Then I kept stopping and restarting because I wasn’t sure whether I was singing the notes correctly. I also wanted to practice regularly but usually ended up doing it only when I had free time. I wish I had an assistant that could help me choose songs suited to my voice, guide my practice, point out where I’m going wrong, and keep track of my progress.","Learning and hobbies"
"40","Sticking to the goal","Repetitive","Repetitive poster 1/10","assigned","Lure Beauty Mask — skincare","Lure beauty mask.jpeg","10","7","A","84","I walked into the college gym after classes intending to finish my regular split, but it was completely packed. Every single bench, dumbbell set, and cable machine had someone either on it or taking long rests between sets. I spent more time standing around waiting or having to swap out planned exercises for random machines just to get something done, which completely threw off my workout.","Fitness and wellness"
"40","Sticking to the goal","Repetitive","Repetitive poster 1/10","assigned","Lure Beauty Mask — skincare","Lure beauty mask.jpeg","10","8","A","84","A task I’ve repeatedly wanted to get done is simply going to the gym and maintaining a consistent workout routine. I’ve had days where I genuinely planned to work out, sometimes even deciding the time the night before, but then college work, other commitments, or a packed day got in the way. And honestly, sometimes there was enough time but I was just too tired or lazy to get myself moving.  The frustrating part is that I actually want to be fitter and know what I should be doing. The problem is turning that intention into a consistent habit when my schedule keeps changing and motivation isn’t always there.","Fitness and wellness"
"40","Sticking to the goal","Repetitive","Repetitive poster 1/10","assigned","Lure Beauty Mask — skincare","Lure beauty mask.jpeg","10","9","A","83","I have chosen a very tough routine for the gym so it usually takes more than 1 hour to complete all the exercises in the gym , I feel tired after doing this , I usually do it in the college gym , so I have to deal with both rigorous academics and fitness and i often skip gym for meeting my deadlines in college","Fitness and wellness"
"40","Sticking to the goal","Repetitive","Repetitive poster 1/10","assigned","Lure Beauty Mask — skincare","Lure beauty mask.jpeg","10","10","A","83","Going out means taking the car out, navigating the traffic, going to a crowded mall or restaurant or cinema, tackle other human beings for a table while managing the kids and then placing an order and then waiting for it to be delivered while praying that kids don't put a tantrum or ask to be taken to washroom which inevitably does happen, then the food comes but now it's just a chore, so you want to get done with it and rush back home. At home, it's pretty much the same scene, but atleast you are in your pajamas and vest , and there no traffic, washroom is 10 steps from wherever you are, and you can fall asleep wherever you wish.","Going out and entertainment"
"41","Sticking to the goal","Repetitive","Repetitive poster 2/10","assigned","New Code 10 hair tonic — grooming","New code.jpeg","10","1","A","83","Trying to track my protein and calorie intake while eating at the college mess. Every day, I stand in line trying to visually estimate how much protein is actually in a watery scoop of dal or a random piece of paneer. I open my fitness app, type in a generic 'hostel food' entry, and guess the portion size. It requires zero actual thought at this point, but it's a repetitive, tedious guessing game I play every single afternoon just to keep my streak going","Fitness and wellness"
"41","Sticking to the goal","Repetitive","Repetitive poster 2/10","assigned","New Code 10 hair tonic — grooming","New code.jpeg","10","2","A","82","I was trying to stick to a regular workout routine during college, but my schedule kept changing because of classes, assignments and other commitments. I would plan to work out at a particular time, then something would come up and the whole plan would shift. After missing a few days, I had to figure out when I could realistically fit the next workout in, rather than simply following the routine I had planned. The frustrating part was that the problem wasn't knowing what exercise to do—it was consistently finding the right time and getting myself to follow through.","Fitness and wellness"
"41","Sticking to the goal","Repetitive","Repetitive poster 2/10","assigned","New Code 10 hair tonic — grooming","New code.jpeg","10","3","A","82","I often struggle with managing my time and end up pushing things to later.  I might plan to work out or do something productive, but then I start scrolling on my phone and lose track of time.  I also tend to eat throughout the day without keeping track of what I have eaten, and only realise later that I have completely lost track.  By the end of the day, I feel like I should have managed my time and habits better, but I keep telling myself I will do it properly tomorrow.","Fitness and wellness"
"41","Sticking to the goal","Repetitive","Repetitive poster 2/10","assigned","New Code 10 hair tonic — grooming","New code.jpeg","10","4","A","82","I was trying to maintain a regular workout routine while balancing college and other work. I would plan to exercise in the morning, but then classes, assignments, or late nights would disrupt the schedule. I also had to decide what workout to do, track whether I had actually done it, and keep restarting after missing a few days. The frustrating part was not knowing what to do—it was staying consistent. I’d happily hand this to an assistant that could plan my weekly workouts around my schedule, remind me at the right time, and adjust the plan when I miss a session.","Fitness and wellness"
"41","Sticking to the goal","Repetitive","Repetitive poster 2/10","assigned","New Code 10 hair tonic — grooming","New code.jpeg","10","5","A","81","the pain is always to maintain consistency i want to keep a track of my time and tasks but end scrolling in free times and dont sleep tht makes me exhausted and stop learning","Learning and hobbies"
"41","Sticking to the goal","Repetitive","Repetitive poster 2/10","assigned","New Code 10 hair tonic — grooming","New code.jpeg","10","6","A","81","I was studying something I was genuinely interested in, and I realised that learning it didn’t feel like a task at all. I could sit with my laptop, find a good resource, experiment with it and keep going without needing anyone to remind me. Even when I got stuck, I usually enjoyed figuring out why something wasn’t working. The only small problem is that I sometimes get too interested in one topic and lose track of time or jump between different things I want to learn. Overall, learning new things is one of the few parts of my routine that I don’t feel needs to be “fixed.”","Learning and hobbies"
"41","Sticking to the goal","Repetitive","Repetitive poster 2/10","assigned","New Code 10 hair tonic — grooming","New code.jpeg","10","7","A","81","I was trying to get back into a regular workout routine, but I kept struggling to decide what to do each day. I would spend time searching for exercises, figuring out which workout to follow, and adjusting it based on how much time I had. Eventually, the planning became more frustrating than the workout itself. I wished I could simply tell an assistant how much time I had and how I was feeling, and have it give me the right workout and keep track of my progress.","Fitness and wellness"
"41","Sticking to the goal","Repetitive","Repetitive poster 2/10","assigned","New Code 10 hair tonic — grooming","New code.jpeg","10","8","A","80","I was trying to maintain a consistent workout and wellness routine while managing college, assignments, coding practice, and other commitments. The difficult part wasn’t deciding to work out; it was figuring out how to fit everything together without sacrificing sleep, meals, or study time. I often had to manually plan my workouts, meals, and schedule around changing college timings. It made me realize that staying healthy is less about knowing what to do and more about consistently managing everything around it.","Fitness and wellness"
"41","Sticking to the goal","Repetitive","Repetitive poster 2/10","assigned","New Code 10 hair tonic — grooming","New code.jpeg","10","9","A","80","Getting fresh vegetables on a weekly basis & managing protein diet is very tasking. I create a excel sheet with the AI to creat a complete monthly chart based on our needs. but after 1 week i lost the track & keep buying from Blink on need basis & mostly we dont get the fresh green vegetables.","Groceries and household"
"41","Sticking to the goal","Repetitive","Repetitive poster 2/10","assigned","New Code 10 hair tonic — grooming","New code.jpeg","10","10","A","80","I had an important event at college and I wanted to look good and be confident. I didn't have much time but my hair just wasn't in the same condition as it was before and my skin looked tired. I had to do my own skin care routine, hair and simple make-up as well as getting dressed and not being late. I remember being a little stressed because I wanted it to be done well, but did not have enough time to get it done well. So, it was just a quick and easy look and feel good, rather than perfection.","Beauty and self-care"
"42","Sticking to the goal","Repetitive","Repetitive poster 3/10","assigned","Afghan Snow beauty cream","afghan.webp","10","1","A","80","Was prepping for the Rubaaru extempore round, in my hostel room, going down a YouTube rabbit hole of old TED talks and speaking technique videos at 1am, bookmarking half of them, never actually rewatching any. Same pattern with Figma, picked it up for a case comp deck and never sat through a proper tutorial, just kept googling ""how to do X in figma"" mid-task every single time instead of learning it once and being done.","Learning and hobbies"
"42","Sticking to the goal","Repetitive","Repetitive poster 3/10","assigned","Afghan Snow beauty cream","afghan.webp","10","2","A","80","I want to know exactly how much I lifted in strength training last time , so I can keep track. Gym trainer is pretty much useless here and I would rather have my own directory of miles run/ weights lifted/ reps done/ days I have been consistent etc","Fitness and wellness"
"42","Sticking to the goal","Repetitive","Repetitive poster 3/10","assigned","Afghan Snow beauty cream","afghan.webp","10","3","B","79","Forgetting to do my daily work outs. I have a small 10 min workout, which I try to squeeze in between work schedule, but sometimes gets hampered if meetings run late or a hangry toddler.","Fitness and wellness"
"42","Sticking to the goal","Repetitive","Repetitive poster 3/10","assigned","Afghan Snow beauty cream","afghan.webp","10","4","B","79","Tracking my gym workouts, weight and diet. Specifically to know the nutritional content of my meals and how much food to be eaten to maintain a calorie deficit.","Fitness and wellness"
"42","Sticking to the goal","Repetitive","Repetitive poster 3/10","assigned","Afghan Snow beauty cream","afghan.webp","10","5","B","79","Since I live in a hostel, maintaining a regular fitness routine can be difficult. I often have to decide when to exercise around my classes, assignments, and hostel schedule. Sometimes I plan to go for a walk or workout but end up skipping it because of a busy day or lack of motivation. The main task is keeping myself consistent with exercise, sleep, and a healthy routine.","Fitness and wellness"
"42","Sticking to the goal","Repetitive","Repetitive poster 3/10","assigned","Afghan Snow beauty cream","afghan.webp","10","6","B","79","I keep telling myself I’ll get into a proper workout routine, but I end up pushing it to the next day. Usually I’ll have a free evening, think about going to the gym or doing a workout, and then convince myself I’m too tired or that I’ll start properly tomorrow. The frustrating part is that starting isn’t really the problem once I’m there; it’s getting myself to consistently make time, decide what workout to do, and stick to it. Because there’s no immediate consequence when I skip one day, one skipped day easily turns into a week.","Fitness and wellness"
"42","Sticking to the goal","Repetitive","Repetitive poster 3/10","assigned","Afghan Snow beauty cream","afghan.webp","10","7","B","78","Every day after showering, I have to go through the same skincare routine—cleanser, toner, serum, moisturizer and sunscreen in the morning, then repeat parts of it at night. I also have to remember when to use each product and which ones I shouldn’t combine. It’s repetitive, and sometimes I’m too tired to figure out what I’m supposed to apply that day.","Beauty and self-care"
"42","Sticking to the goal","Repetitive","Repetitive poster 3/10","assigned","Afghan Snow beauty cream","afghan.webp","10","8","B","78","I was sitting at my desk planning out my weekend, realizing I still haven't finished two Udemy courses I purchased two years back. With self-paced courses, there’s no hard deadline or accountability, so every time I sit down to learn, other immediate priorities take over and the courses just keep getting pushed down the backlog.","Learning and hobbies"
"42","Sticking to the goal","Repetitive","Repetitive poster 3/10","assigned","Afghan Snow beauty cream","afghan.webp","10","9","B","78","Every day I have to follow my skincare routine and apply the different products in the right order. It doesn't take much thought, but remembering to do the same steps every day feels repetitive and time-consuming.","Beauty and self-care"
"42","Sticking to the goal","Repetitive","Repetitive poster 3/10","assigned","Afghan Snow beauty cream","afghan.webp","10","10","B","77","Where i have to go , what to eat and i will order the same thing everyday and say i will eat something less next time , my protein intake? , my diet , fat loss hoga isse ? this is all","Food and eating out"
"43","Sticking to the goal","Repetitive","Repetitive poster 4/10","assigned","Anne French cleansing milk — skincare","anne french.jpeg","10","1","B","77","I often have to remember to exercise, drink enough water, and maintain a regular routine. I usually rely on phone reminders and my own memory, but still end up missing things when my schedule gets busy.","Fitness and wellness"
"43","Sticking to the goal","Repetitive","Repetitive poster 4/10","assigned","Anne French cleansing milk — skincare","anne french.jpeg","10","2","B","77","No exact task. Ex: I have ""started playing"" guitar 3 times already. Every time I take too long a break, the pads on my finger tips soften and I have to start over building them again.","Learning and hobbies"
"43","Sticking to the goal","Repetitive","Repetitive poster 4/10","assigned","Anne French cleansing milk — skincare","anne french.jpeg","10","3","B","77","Right now, I mostly manage it myself. I follow a regular workout routine and plan my meals around my college schedule. I use apps and online resources when I need help with workouts or nutrition, and sometimes use chats when I have a specific question. Since my college schedule keeps changing, I don’t really have one fixed system—I mostly rely on my own planning and consistency","Learning and hobbies"
"43","Sticking to the goal","Repetitive","Repetitive poster 4/10","assigned","Anne French cleansing milk — skincare","anne french.jpeg","10","4","B","77","I was at the gym following my workout routine, but I couldn’t remember the weights, reps, or exercises I had done the previous week. I ended up spending time trying to recall my last workout and deciding what weight to use instead of focusing on the workout itself.","Fitness and wellness"
"43","Sticking to the goal","Repetitive","Repetitive poster 4/10","assigned","Anne French cleansing milk — skincare","anne french.jpeg","10","5","B","77","I haven't been able to build the right routine to target my goals so I just end up doing what the trainer or a friend recommends at the gym everytime I go. It is also hard to build a diet plan due to college mess  menu","Fitness and wellness"
"43","Sticking to the goal","Repetitive","Repetitive poster 4/10","assigned","Anne French cleansing milk — skincare","anne french.jpeg","10","6","B","77","I have classes, so whatever exercise I do, I gotta do it in the morning. But I don't wake up. All mundane reasons but yea. Thing is, many times it's because I scroll but like, I have work to do which might go upto 12-1 am as well and waking up at 5 am feels difficult obviously.","Fitness and wellness"
"43","Sticking to the goal","Repetitive","Repetitive poster 4/10","assigned","Anne French cleansing milk — skincare","anne french.jpeg","10","7","B","76","i had promised my friends at the beginning of the term that i'll hit the gym everyday and make it a routine. but it used to get so tiring that its been months now since i made the promise. i have even stopped subscribing to the gym membership","Fitness and wellness"
"43","Sticking to the goal","Repetitive","Repetitive poster 4/10","assigned","Anne French cleansing milk — skincare","anne french.jpeg","10","8","B","76","I hardly can ever finish a good stretching routine or even not eat meals which affect my health negatively, all due to time constraints.","Fitness and wellness"
"43","Sticking to the goal","Repetitive","Repetitive poster 4/10","assigned","Anne French cleansing milk — skincare","anne french.jpeg","10","9","B","76","Every time i visit my home, I indulge myself with oil pastels, fabric paint, acrylics etc and almost every creative thing that i missed when i was away from home.","Learning and hobbies"
"43","Sticking to the goal","Repetitive","Repetitive poster 4/10","assigned","Anne French cleansing milk — skincare","anne french.jpeg","10","10","B","76","reminding my slef of hair care, skin care, pedciure and finding time for all of this","Beauty and self-care"
"44","Sticking to the goal","Repetitive","Repetitive poster 5/10","assigned","Brylcreem hair cream — grooming","brylcreem.jpeg","10","1","B","75","One specific task was managing my daily workout and fitness routine while balancing college and other work. I had to decide when to exercise, keep track of my routine, and make sure I stayed consistent even on busy or low-energy days.","Fitness and wellness"
"44","Sticking to the goal","Repetitive","Repetitive poster 5/10","assigned","Brylcreem hair cream — grooming","brylcreem.jpeg","10","2","B","75","Have to have a good diet and all my meds at time, but I eat junk food and miss meds(supplements) and then i'm tired and the cycle repeats","Health and medical"
"44","Sticking to the goal","Repetitive","Repetitive poster 5/10","assigned","Brylcreem hair cream — grooming","brylcreem.jpeg","10","3","B","75","Trying to troubleshoot a messy computer configuration or sorting out digital tools while simultaneously managing plant care, balancing esports sessions like PUBG/BGMI, VALORANT or Clash Royale, and stepping away for actual sports—all while switching contexts back and forth.  It was a chaotic scramble of debugging tech issues, pausing to water the plants before they dry out, and trying to unwind with a quick match, only to find yourself constantly interrupted by something else that needs fixing on the PC.","Learning and hobbies"
"44","Sticking to the goal","Repetitive","Repetitive poster 5/10","assigned","Brylcreem hair cream — grooming","brylcreem.jpeg","10","4","B","75","I cant bring myself to work-out regularly, cos I want to do everything but have little time do to anything and since I dont have a plan in place I end up doing nothing","Fitness and wellness"
"44","Sticking to the goal","Repetitive","Repetitive poster 5/10","assigned","Brylcreem hair cream — grooming","brylcreem.jpeg","10","5","B","74","Nutrition and macros in diet. Every time I have to remind myself","Fitness and wellness"
"44","Sticking to the goal","Repetitive","Repetitive poster 5/10","assigned","Brylcreem hair cream — grooming","brylcreem.jpeg","10","6","B","74","Usually, it's just a motivation because of girls. As a male , it's difficult to find a purpose during the beautification each day. From health perspective, I understand but just to improve your looks I don't find it in enough reason to put myself in front of mirror and repeat it every day.","Beauty and self-care"
"44","Sticking to the goal","Repetitive","Repetitive poster 5/10","assigned","Brylcreem hair cream — grooming","brylcreem.jpeg","10","7","B","74","I was trying to get back into a proper workout routine after a hectic few weeks. I was sitting in my room, scrolling through different workout plans, trying to figure out what exercises to do, how many days to work out, and what to eat around it. Every plan seemed to contradict the previous one, and I kept changing my routine instead of actually starting. I eventually gave up for the day and told myself I’d “start properly tomorrow.”","Fitness and wellness"
"44","Sticking to the goal","Repetitive","Repetitive poster 5/10","assigned","Brylcreem hair cream — grooming","brylcreem.jpeg","10","8","B","74","I was trying to get back into a regular workout routine, but between college, projects and other commitments, I kept missing workouts. I would decide to exercise in the morning, then postpone it because I had something else to finish. After a few days, I had to start planning everything again. I also had to figure out what exercises to do, how long to train, and whether I was actually making progress. I wished I had something that could understand my schedule and fitness goals and automatically adjust my routine instead of me having to plan it every time.","Fitness and wellness"
"44","Sticking to the goal","Repetitive","Repetitive poster 5/10","assigned","Brylcreem hair cream — grooming","brylcreem.jpeg","10","9","B","74","I’ve been trying to get more consistent with fitness, but managing it alongside classes, assignments and an unpredictable schedule is difficult. I’ll plan to walk or work out, but by the end of the day I’m tired or have something pending, so I keep postponing it and lose the routine.","Fitness and wellness"
"44","Sticking to the goal","Repetitive","Repetitive poster 5/10","assigned","Brylcreem hair cream — grooming","brylcreem.jpeg","10","10","B","73","I was trying to get back into a proper fitness routine during college. I had classes, assignments, club work and random plans throughout the week, so I kept telling myself I’d go to the gym “tomorrow"" but that day never came","Fitness and wellness"
"45","Sticking to the goal","Repetitive","Repetitive poster 6/10","assigned","Cinthol soap — body/self-care","cinthol.jpeg","10","1","B","73","I am busy with day to day life. Not able to go to gym regularly","Fitness and wellness"
"45","Sticking to the goal","Repetitive","Repetitive poster 6/10","assigned","Cinthol soap — body/self-care","cinthol.jpeg","10","2","B","72","I'm a complete beginner at the gym. I already look way too young to be there, and didn't feel like I belonged, so I didn't ask any trainers for workout routines. For weeks I just did the treadmill and the elliptical because I didn't know how the other machines were supposed to work, and I saved workout routine reels but never got around to doing them.","Fitness and wellness"
"45","Sticking to the goal","Repetitive","Repetitive poster 6/10","assigned","Cinthol soap — body/self-care","cinthol.jpeg","10","3","B","72","nothing i have to remind my ownself today is hair mask day today is everything shower day today i need to do a face mask, when can i take tym out for nails etc etc.","Beauty and self-care"
"45","Sticking to the goal","Repetitive","Repetitive poster 6/10","assigned","Cinthol soap — body/self-care","cinthol.jpeg","10","4","B","72","i want to learn ml,dl,llm's,rag and every time i open laptop i procastinate it","Learning and hobbies"
"45","Sticking to the goal","Repetitive","Repetitive poster 6/10","assigned","Cinthol soap — body/self-care","cinthol.jpeg","10","5","B","72","Basically, maintaining a routine for home workout. I plan every day to do some calisthenics only to come home from work and find myself exhausted and find scrolling through as a means to overcome the guilt of not doing so.","Fitness and wellness"
"45","Sticking to the goal","Repetitive","Repetitive poster 6/10","assigned","Cinthol soap — body/self-care","cinthol.jpeg","10","6","B","72","Keeping track of the activities and measuring how I'm doing.","Fitness and wellness"
"45","Sticking to the goal","Repetitive","Repetitive poster 6/10","assigned","Cinthol soap — body/self-care","cinthol.jpeg","10","7","B","72","To keep track of my menstrual cycle and my hormones. And keeping track of my diet which I am never able to do","Fitness and wellness"
"45","Sticking to the goal","Repetitive","Repetitive poster 6/10","assigned","Cinthol soap — body/self-care","cinthol.jpeg","10","8","B","72","College gets busy, so I often skip workouts or meals and struggle to maintain a consistent routine.","Fitness and wellness"
"45","Sticking to the goal","Repetitive","Repetitive poster 6/10","assigned","Cinthol soap — body/self-care","cinthol.jpeg","10","9","B","72","Trying to keep up swimming during my L&T posting in Delhi, that's the real mess.  ---  ""Back in Guwahati I swam almost daily at a club near home, it was routine, no thought involved. Once I moved to Delhi for the L&T project, I spent nearly a month just trying to find a decent pool near my site accommodation, calling three different clubs, checking if they took monthly memberships without a long-term lock-in since I knew the posting itself was temporary. One place wanted an annual fee, another had timings that clashed exactly with my site hours, 7 AM starts meant I couldn't make their 6-7 AM slot after a 45-minute commute. I ended up giving up on swimming entirely for almost 4 months and just did makeshift bodyweight workouts in my room at night, which was nowhere near the same, and I only got back into a pool once I was posted to Guwahati again with Global Groups.""","Fitness and wellness"
"45","Sticking to the goal","Repetitive","Repetitive poster 6/10","assigned","Cinthol soap — body/self-care","cinthol.jpeg","10","10","B","71","it is more about deciding what to do and be consistent with the work out. Every time i have to think if I need more strenght training or cardio. Also, how to measure the progress?","Fitness and wellness"
"46","Sticking to the goal","Repetitive","Repetitive poster 7/10","assigned","Lux beauty soap — self-care","lux.webp","10","1","B","71","i gained weight . which i'm not getting over the years and i want to do it but procasinates every single time","Health and medical"
"46","Sticking to the goal","Repetitive","Repetitive poster 7/10","assigned","Lux beauty soap — self-care","lux.webp","10","2","B","71","I want to do n things daily, but by the time i'm free i'm tired and not in the mood to think what needs to be done","Learning and hobbies"
"46","Sticking to the goal","Repetitive","Repetitive poster 7/10","assigned","Lux beauty soap — self-care","lux.webp","10","3","B","71","It’s mostly the same routine over and over. Skincare, hair care, choosing products, remembering what to use and when—it’s not difficult, just one more thing to keep track of regularly which I will do thrice a week","Beauty and self-care"
"46","Sticking to the goal","Repetitive","Repetitive poster 7/10","assigned","Lux beauty soap — self-care","lux.webp","10","4","B","71","I was practicing dance at home, going through the same steps and routine again and again. I had to replay the tutorial, practice each move, record myself to check if I was doing it right, then repeat the parts I messed up. It wasn’t difficult, just super repetitive and time-consuming.","Learning and hobbies"
"46","Sticking to the goal","Repetitive","Repetitive poster 7/10","assigned","Lux beauty soap — self-care","lux.webp","10","5","B","71","Need a systematic app that could remind me to study with ready quizzes and deadlines to finish reading. Should be accessible AND good.","Learning and hobbies"
"46","Sticking to the goal","Repetitive","Repetitive poster 7/10","assigned","Lux beauty soap — self-care","lux.webp","10","6","B","70","Can't get enough time due to work and daily commute to go to the gym","Fitness and wellness"
"46","Sticking to the goal","Repetitive","Repetitive poster 7/10","assigned","Lux beauty soap — self-care","lux.webp","10","7","B","70","In general the process of deciding on a sustainable meal plan and fitness plan / routine seems daunting and gets pushed off.","Fitness and wellness"
"46","Sticking to the goal","Repetitive","Repetitive poster 7/10","assigned","Lux beauty soap — self-care","lux.webp","10","8","B","70","to take out time from my daily academics for my. hobbies","Learning and hobbies"
"46","Sticking to the goal","Repetitive","Repetitive poster 7/10","assigned","Lux beauty soap — self-care","lux.webp","10","9","B","70","I am unable to customise workouts on the go. Sometimes equipment is unavailable, repeating the same routines make it stale","Fitness and wellness"
"46","Sticking to the goal","Repetitive","Repetitive poster 7/10","assigned","Lux beauty soap — self-care","lux.webp","10","10","B","70","Keep postponing my workouts, a reminder would be nice","Fitness and wellness"
"47","Sticking to the goal","Repetitive","Repetitive poster 8/10","assigned","Lux beauty soap — complexion care","lux2.jpeg","10","1","B","70","Planning to walk and exercise 5 days a week regularly, considering office days and Wfh days","Fitness and wellness"
"47","Sticking to the goal","Repetitive","Repetitive poster 8/10","assigned","Lux beauty soap — complexion care","lux2.jpeg","10","2","B","69","Night time routine after a tiring day takes a lot of efforts. If I don't do it, I'll get pimples.","Beauty and self-care"
"47","Sticking to the goal","Repetitive","Repetitive poster 8/10","assigned","Lux beauty soap — complexion care","lux2.jpeg","10","3","B","69","I have beautiful college campus where I usually do brisk walking, but I want to consistently play some game like badminton daily but because I don't have someone to play with daily. As socialising is tough for me","Fitness and wellness"
"47","Sticking to the goal","Repetitive","Repetitive poster 8/10","assigned","Lux beauty soap — complexion care","lux2.jpeg","10","4","B","69","I was sitting on the cold linoleum floor of a cramped apartment bathroom at 6:30 AM, staring blankly at a tangled heap of resistance bands, a half-empty tub of vanilla protein powder that had leaked everywhere, and a pulsing smart-watch that was aggressively vibrating to tell me I missed my sleep window. I had spent the previous night obsessively meal-prepping identical glass containers of dry chicken and broccoli while watching fitness influencers on my phone. Now, entirely exhausted and running on four hours of sleep, I was frantically searching for my left running shoe while trying to force down a lukewarm, chalky shake that tasted like plaster. The sheer logistical defeat of trying to balance a demanding job, a ""perfect"" wellness routine, and actual human rest hit me all at once—leaving me frozen on the floor, covered in protein dust, completely paralyzed by the anxiety of a broken habit streak.","Fitness and wellness"
"47","Sticking to the goal","Repetitive","Repetitive poster 8/10","assigned","Lux beauty soap — complexion care","lux2.jpeg","10","5","B","69","Finding time to read every day because everything else takes a up a lot of time.","Learning and hobbies"
"47","Sticking to the goal","Repetitive","Repetitive poster 8/10","assigned","Lux beauty soap — complexion care","lux2.jpeg","10","6","B","69","I recently shifted to a new place and the due to change in water my skin is taking time to adapt to that, therefore i had to take extra care for my skin which became a hectic part of my daily schedule.","Beauty and self-care"
"47","Sticking to the goal","Repetitive","Repetitive poster 8/10","assigned","Lux beauty soap — complexion care","lux2.jpeg","10","7","B","69","If there is a disruption in my routine, I struggle to seamlessly fit this into a revised schedule or context","Fitness and wellness"
"47","Sticking to the goal","Repetitive","Repetitive poster 8/10","assigned","Lux beauty soap — complexion care","lux2.jpeg","10","8","B","69","Tracking calories every day - manually entering everything I eat in the app, with the exact quantity; making sure I hit my protein goal and also maintain my micros","Fitness and wellness"
"47","Sticking to the goal","Repetitive","Repetitive poster 8/10","assigned","Lux beauty soap — complexion care","lux2.jpeg","10","9","B","68","It's repetitive, but it's the reason I look forward to ending each day and going to the gym. Seems like it brings the structure to my entire day.","Fitness and wellness"
"47","Sticking to the goal","Repetitive","Repetitive poster 8/10","assigned","Lux beauty soap — complexion care","lux2.jpeg","10","10","B","68","I want to follow a specific workout routine but end up procrastinating and I feel guilty; the cycle repeats with a new kind of routine next week with no consistency","Fitness and wellness"
"48","Sticking to the goal","Repetitive","Repetitive poster 9/10","assigned","TDK cassette — music/entertainment","tdx.webp","10","1","B","68","I am a college student and my schedule is very random and busy. So I was not able to make a routine of 30 minutes workout.","Fitness and wellness"
"48","Sticking to the goal","Repetitive","Repetitive poster 9/10","assigned","TDK cassette — music/entertainment","tdx.webp","10","2","B","68","I believe it is the daily act of applying the usual moisturizers, sunscreens and taking care - perhaps the idea that there isn't one product that can solve all the issues (one can dream )","Beauty and self-care"
"48","Sticking to the goal","Repetitive","Repetitive poster 9/10","assigned","TDK cassette — music/entertainment","tdx.webp","10","3","B","68","Coming to a business college from a science stream led me to become an unaware person, where I had to learn everything from scratch to compete with the people who has experience for the same thing about 2 years, but  also led me to have the motivation which made the race easier","Learning and hobbies"
"48","Sticking to the goal","Repetitive","Repetitive poster 9/10","assigned","TDK cassette — music/entertainment","tdx.webp","10","4","B","67","Cleaning off my bed, the same routine of an hosteller","Groceries and household"
"48","Sticking to the goal","Repetitive","Repetitive poster 9/10","assigned","TDK cassette — music/entertainment","tdx.webp","10","5","B","67","I usually find learning new things easy, but the repetitive part drains me—going through the same type of lectures, notes, or practice tasks feels monotonous. Once the novelty wears off, I start losing interest and look for something more challenging.","Learning and hobbies"
"48","Sticking to the goal","Repetitive","Repetitive poster 9/10","assigned","TDK cassette — music/entertainment","tdx.webp","10","6","B","67","To find what to learn next or where to learn something from. Checking the same websites over and over again is a pain","Learning and hobbies"
"48","Sticking to the goal","Repetitive","Repetitive poster 9/10","assigned","TDK cassette — music/entertainment","tdx.webp","10","7","B","67","I have ADHD and CPTSD, so I have my good days and bad days, there are a few tasks I have to get done daily so I concentrate on those and fitness takes a backseat","Fitness and wellness"
"48","Sticking to the goal","Repetitive","Repetitive poster 9/10","assigned","TDK cassette — music/entertainment","tdx.webp","10","8","B","67","I am very good at maintaining my fitness and stuff. It’s just that it’s time consuming but it is worth it","Fitness and wellness"
"48","Sticking to the goal","Repetitive","Repetitive poster 9/10","assigned","TDK cassette — music/entertainment","tdx.webp","10","9","B","67","The biggest hurdle is maintaining discipline to hit the gym. In fact frankly it’s starting to do something than maintaining","Fitness and wellness"
"48","Sticking to the goal","Repetitive","Repetitive poster 9/10","assigned","TDK cassette — music/entertainment","tdx.webp","10","10","B","67","Identifying which books to read and keeping track of which are the next ones I want to read is a big problem","Learning and hobbies"
"49","Sticking to the goal","Repetitive","Repetitive poster 10/10","assigned","Vaseline hair tonic — grooming","vaseline.jpeg","7","1","B","67","When the learning curve hits, it is very difficult to remind yourself of why you started this in the beginning. Your own conscience begins to betray you, knowing that something is important, but you still would not be able to do it until the deadline hits and regret.","Learning and hobbies"
"49","Sticking to the goal","Repetitive","Repetitive poster 10/10","assigned","Vaseline hair tonic — grooming","vaseline.jpeg","7","2","B","67","I am living at campus, and sharing a room does not allow me to indulge in self care routine like I would at home. So I wait for my roommate to leave for her walk and then power through my routine","Beauty and self-care"
"49","Sticking to the goal","Repetitive","Repetitive poster 10/10","assigned","Vaseline hair tonic — grooming","vaseline.jpeg","7","3","B","66","like i ship some basic routines like bathing and all soo thats the thing i need to maintain some hygiene and it does make it hell lot difficult to do i need to take bath twice a day and its a task for me","Health and medical"
"49","Sticking to the goal","Repetitive","Repetitive poster 10/10","assigned","Vaseline hair tonic — grooming","vaseline.jpeg","7","4","B","66","It feels repetitive because you have to do the same thing again and again,check what was completed, update records, remind students about pending work, and repeat it every day. It doesn’t require much new thinking, just time and consistency","Kids and school"
"49","Sticking to the goal","Repetitive","Repetitive poster 10/10","assigned","Vaseline hair tonic — grooming","vaseline.jpeg","7","5","B","66","Learning coursework from my college plus skilling up in AI skills is a part of my day, I like doing it but some days it just feels repetitive and I question my reality as to what im even doing","Learning and hobbies"
"49","Sticking to the goal","Repetitive","Repetitive poster 10/10","assigned","Vaseline hair tonic — grooming","vaseline.jpeg","7","6","B","65","Hobbies are ones childhood interest to accompolish whenever they got chance , so when i have chance , i used to workout for it repeatedly.","Learning and hobbies"
"49","Sticking to the goal","Repetitive","Repetitive poster 10/10","assigned","Vaseline hair tonic — grooming","vaseline.jpeg","7","7","B","65","I am not good with articulation so i thought of improving my grammar and communications by doing daily exercises on grammar and watching tedx videos but i barely do them because lack of motivation","Learning and hobbies"
"50","Sticking to the goal","Frustration","Frustration poster 1/10","assigned","Mysore Sandalwood Oil — self-care","SANDALWOOD OIL.jpg","10","1","A","89","During my hostel days, I was trying to hit a daily protein target for the gym, but hostel mess food never had enough — mostly rice, dal, sabzi, with barely any real protein source most days. So I ended up manually working out a whole side-system: buying eggs, buying a protein supplement tub, sometimes paneer or chicken from outside, and trying to mentally calculate how many grams of protein I was actually getting versus what I was spending on it — because a protein tub isn't cheap on a student budget, and I was constantly trying to balance ""am I hitting my target"" against ""am I blowing my monthly budget on supplements."" It turned into this messy spreadsheet-in-my-head exercise every week — estimating mess-food protein (which nobody labels), adding up what I bought separately, and second-guessing whether the extra ₹500-800 a month on eggs/supplements was worth it versus just eating more mess food and hoping for the best. There was no actual tracking, just rough mental math done every few days, usually when I was hungry and annoyed the numbers weren't adding up.","Fitness and wellness"
"50","Sticking to the goal","Frustration","Frustration poster 1/10","assigned","Mysore Sandalwood Oil — self-care","SANDALWOOD OIL.jpg","10","2","A","87","One experience that really affected me was dealing with a slipped disc after a deadlift injury. What started as a small injury gradually made even simple movements like bending forward painful, and I had to deal with physiotherapy, exercises, and the frustration of not being able to move as freely as before. It taught me patience and made me realise how easily we take everyday physical ability for granted.","Health and medical"
"50","Sticking to the goal","Frustration","Frustration poster 1/10","assigned","Mysore Sandalwood Oil — self-care","SANDALWOOD OIL.jpg","10","3","A","87","I decided to try painting an anime character on a plain white T-shirt because I thought it would be a cool weekend project. I had the design roughly planned, but once I started painting, things went downhill pretty quickly. One wrong brushstroke turned into another, the colours started bleeding into each other, and at some point I realised I'd basically turned a perfectly good white shirt into an abstract painting. 😭 I still tried to save it, but the final result was nowhere near what I had imagined.","Learning and hobbies"
"50","Sticking to the goal","Frustration","Frustration poster 1/10","assigned","Mysore Sandalwood Oil — self-care","SANDALWOOD OIL.jpg","10","4","A","87","I keep starting things I genuinely want to learn, but I struggle to keep going consistently. For example, I decided I wanted to learn Figma more seriously, so I saved tutorials, explored design resources and made a list of things I wanted to practise. Then college assignments and projects took priority. A few days later, I would remember the tutorial I had saved, but by then I had forgotten where I stopped or what I was supposed to learn next. I have similar half-started things for coding, UI/UX and other interests. The frustrating part is that I don't lack interest—I just keep losing the thread between “I want to learn this” and actually making time for it.","Learning and hobbies"
"50","Sticking to the goal","Frustration","Frustration poster 1/10","assigned","Mysore Sandalwood Oil — self-care","SANDALWOOD OIL.jpg","10","5","A","86","Selecting between mutual fund, equity and gold is always tedious in my investment decisions. I periodically withdraw from my employee stocks (US) to India investment to diversify. Get boggled down by the options that ET Money and IND money throws and end is procrastinating. Other frustration point is moving money from these apps - for a good equity opportunity nity I had to wait almost a week for my fund to hit my bank account after withdrawing from ET Money.","Money, investing and insurance"
"50","Sticking to the goal","Frustration","Frustration poster 1/10","assigned","Mysore Sandalwood Oil — self-care","SANDALWOOD OIL.jpg","10","6","A","85","I actually enjoy fitness, so the problem isn’t getting myself to the gym, it’s everything around it. I’ll walk in feeling motivated, open my notes, and suddenly I’m calculating whether I did enough volume this week, trying to remember what weight I used last Thursday, Googling whether I should add another exercise, and debating if my form is right. Then I’ll leave feeling like I worked hard but still have no idea whether I’m actually getting better. I don’t need another workout plan; I need a “fitness brain” that remembers what I did, understands my goal, and makes the next decision for me.","Fitness and wellness"
"50","Sticking to the goal","Frustration","Frustration poster 1/10","assigned","Mysore Sandalwood Oil — self-care","SANDALWOOD OIL.jpg","10","7","A","85","I have such a hard time finding deals and offers. It feels like I am swamped with them but after a hard exercise of analyzing each one of them, none turns out to be good or even applicable. Also, need one marketplace that can show me literally ALL options on all different sites for the thing/service I search for. Fed up to opening 5 different apps/sites for a single subject. - be it ecomm or quick comm","Shopping and deals"
"50","Sticking to the goal","Frustration","Frustration poster 1/10","assigned","Mysore Sandalwood Oil — self-care","SANDALWOOD OIL.jpg","10","8","A","85","I was at home trying to make a grocery list before going to the supermarket. I opened the kitchen cabinets and checked the fridge, but things were all over the place. I had to remember what was running out, check expiry dates, figure out what was already there, and then make a list on my phone. Halfway through, I remembered a few household things like detergent and tissues that we were almost out of. I kept going back and forth between the kitchen and my phone because I didn’t want to forget anything. It was such a small task, but it was surprisingly annoying and time-consuming.","Groceries and household"
"50","Sticking to the goal","Frustration","Frustration poster 1/10","assigned","Mysore Sandalwood Oil — self-care","SANDALWOOD OIL.jpg","10","9","A","85","I always want to learn new things, like now I want to learn about robotics and automation, but I only have weekends for it, and most of the time, some plans happen with friends, so I don't get enough time to put into it. Also, on weekdays after office, I feel so tired that I skip this most of the time.","Learning and hobbies"
"50","Sticking to the goal","Frustration","Frustration poster 1/10","assigned","Mysore Sandalwood Oil — self-care","SANDALWOOD OIL.jpg","10","10","A","84","Well my hobby is coding so, one day i remember i was coding and then , well first my laptop switched off, i plugged it in, then the software started updating and when it finished the freakin ligth went off and i was so frustrated that day so yeah this is a hobby i could do repetatively but is annoying at the same time and gets on your nerves","Learning and hobbies"
"51","Sticking to the goal","Frustration","Frustration poster 2/10","assigned","Sunsilk shampoo — self-care","Sunsilk Shampoo.jpg","10","1","A","84","I was stuck in a WhatsApp group of 8 people trying to plan a weekend dinner. I didn't even want to go, but I had to attend. I ended up spending an hour dealing with conflicting restaurant choices, Dietary restrictions, price arguments, and coordinating who sits with whom, only to end up at a noisy place I dislike","Going out and entertainment"
"51","Sticking to the goal","Frustration","Frustration poster 2/10","assigned","Sunsilk shampoo — self-care","Sunsilk Shampoo.jpg","10","2","A","83","I had planned to work out in the evening after college, but by the time I got back, I was tired and had other work pending. I ended up skipping it and telling myself I’d do it the next day. The frustrating part was that I knew I wanted to stay consistent, but I had no system keeping me accountable. I’d have to decide what workout to do, when to do it, and whether I was actually making progress. I’d happily hand this to an assistant that could understand my schedule, plan realistic workouts, track whether I actually did them, and adjust the plan when my day gets messed up.","Fitness and wellness"
"51","Sticking to the goal","Frustration","Frustration poster 2/10","assigned","Sunsilk shampoo — self-care","Sunsilk Shampoo.jpg","10","3","A","83","I keep telling myself I'll start going to the gym seriously and finally build some muscle, but every time the actual day comes I find some excuse, too tired, too much assignment work, I'll start Monday instead. I can't afford a personal trainer as a student, so I'm stuck following random YouTube routines and Instagram reels that don't know my body or track whether I'm even doing the exercise right. What I actually need isn't more information on workouts, it's something that pushes me consistently enough on the days I don't want to go, until it stops being a decision and just becomes what I do.","Fitness and wellness"
"51","Sticking to the goal","Frustration","Frustration poster 2/10","assigned","Sunsilk shampoo — self-care","Sunsilk Shampoo.jpg","10","4","A","83","One task that has been difficult for me is staying consistent with exercise during busy college weeks. I remember having a week with classes, assignments and group work where I planned to go to the gym in the evening. By the time my classes and work were finished, I was tired and kept postponing it to the next day. After a few days, I realised I had not exercised at all.  The frustrating part was that I did want to stay active, but my schedule kept changing and I was treating exercise as something I would do only when I had free time. It made me realise that fitness is less about motivation and more about building a routine that actually fits into my day.","Fitness and wellness"
"51","Sticking to the goal","Frustration","Frustration poster 2/10","assigned","Sunsilk shampoo — self-care","Sunsilk Shampoo.jpg","10","5","A","83","I take my hobbies very seriously and looking to grow my substack to 1000 subs by end of year...currently at 122. I write on substack.... i have topics to write about and have 80% automation on my substack engagements that is liking, commenting, restacking and at last writing It just feels repititive and dopamine deprived since its a tough place to start esp if you're planning to become a full time writer","Learning and hobbies"
"51","Sticking to the goal","Frustration","Frustration poster 2/10","assigned","Sunsilk shampoo — self-care","Sunsilk Shampoo.jpg","10","6","A","83","One task I have struggled with is making time to learn something outside academics. I remember wanting to learn more about financial modelling because it was useful for my MBA and future career. I started an online course and was quite motivated in the beginning. But once classes, assignments and group projects became busy, I kept postponing the course.  I would open the course thinking I would spend 30 minutes learning, but then something else would come up. After a few weeks, I realised I had completed much less than I had planned. The frustrating part was that I was genuinely interested in the topic; the problem was being consistent. It made me realise that learning something new requires a routine and small, regular efforts rather than waiting for a completely free day.","Learning and hobbies"
"51","Sticking to the goal","Frustration","Frustration poster 2/10","assigned","Sunsilk shampoo — self-care","Sunsilk Shampoo.jpg","10","7","A","82","One thing I’ve struggled with is actually finding time to learn something I’m interested in outside college. I remember sitting at my desk late at night with my laptop open, trying to learn a new programming concept and also wanting to work on a few personal interests. I had saved a bunch of tutorials and courses, but instead of following one properly, I kept jumping between videos, notes, and random resources. Then assignments and other college work would pile up, and I’d tell myself I would come back to it later. Some weeks I was genuinely excited and spent hours learning, and other weeks I barely touched anything. The frustrating part was knowing I had the curiosity to learn, but not having a proper system to turn that curiosity into a consistent habit. I eventually started keeping things simpler by choosing one topic at a time and working on small projects instead of constantly collecting new things to learn.","Learning and hobbies"
"51","Sticking to the goal","Frustration","Frustration poster 2/10","assigned","Sunsilk shampoo — self-care","Sunsilk Shampoo.jpg","10","8","A","82","I was sitting at my desk at midnight trying to host my first basic website. The tutorial made it look simple, but my terminal kept spitting out a ""Permission Denied"" error. I spent two hours googling solutions, copy-pasting random commands I didn't understand, and accidentally deleting a folder I needed. I felt incredibly stupid and frustrated, dealing with hidden file permissions I didn't know existed.","Learning and hobbies"
"51","Sticking to the goal","Frustration","Frustration poster 2/10","assigned","Sunsilk shampoo — self-care","Sunsilk Shampoo.jpg","10","9","A","82","Every morning I have to tell my cook what to make. But it gets annoying and many times I end up just telling her nothing and ordering out. Tried the whole 'plan every sunday for the coming week' but it just doesn't consistently happen","Food and eating out"
"51","Sticking to the goal","Frustration","Frustration poster 2/10","assigned","Sunsilk shampoo — self-care","Sunsilk Shampoo.jpg","10","10","A","82","I was trying to get back into a proper workout routine, but figuring out what to actually do became the annoying part. I’d spend time searching for exercises, deciding which muscle groups to train, checking whether I had the right equipment, and then trying to fit everything around my schedule. Some days I’d follow a random YouTube workout, other days I’d skip because I couldn’t decide what made sense. The frustrating part was spending almost as much time planning the workout as actually doing it.","Fitness and wellness"
"52","Sticking to the goal","Frustration","Frustration poster 3/10","assigned","Super-Max shaving — grooming","Super - Max shaving cream.jpg","10","1","A","81","Had to start SIPs for my younger sister who joined her first job after college. Now, although I have been investing for quite a while but always have to get into the research mode to pick up the best mix of MFs, stocks, ETFs relevant at present. Although its fun to do when into it but the effort to get started with makes me lazy and procrastinate. If I could have got a starter recommendation basis my past investments (happy to connect my kite / smallcase/ coin) with nuggets of research on why n where should I invest it would have been super helpful. And I could have get it done much sooner","Money, investing and insurance"
"52","Sticking to the goal","Frustration","Frustration poster 3/10","assigned","Super-Max shaving — grooming","Super - Max shaving cream.jpg","10","2","A","81","I am currently working on a short film but find myself procrastinating because I am overwhelmed and unable to focus. Although I promised someone I would deliver the concept, it is difficult for me to complete the task anytime soon due to my heavy workload.","Learning and hobbies"
"52","Sticking to the goal","Frustration","Frustration poster 3/10","assigned","Super-Max shaving — grooming","Super - Max shaving cream.jpg","10","3","A","81","I sat down over the weekend determined to read a book I borrowed from library to upskill myself. After reading just two pages, my phone buzzed, and I accidentally spent the next 45 minutes mindlessly scrolling reels. Realizing I have zero attention span for my actual hobbies anymore is incredibly frustrating.","Learning and hobbies"
"52","Sticking to the goal","Frustration","Frustration poster 3/10","assigned","Super-Max shaving — grooming","Super - Max shaving cream.jpg","10","4","A","80","A few years ago, someone made fun of how skinny I was. At the time, I laughed it off, but it stayed in my head. After that, I decided to start working out and improve myself. The hardest part wasn’t the gym itself—it was staying consistent. I’d make plans to train, but college assignments, exams, and late nights would throw me off. Some weeks I was motivated, and other weeks I kept postponing workouts. The constant cycle of trying to stay disciplined with exercise, sleep, and nutrition is what I find most challenging about fitness and wellness.","Fitness and wellness"
"52","Sticking to the goal","Frustration","Frustration poster 3/10","assigned","Super-Max shaving — grooming","Super - Max shaving cream.jpg","10","5","A","80","I am trying to learn graphic design , video editing and Indian aesthetic, painting , drawing from home and also managing my studies from home. And managing all of this is very difficult","Learning and hobbies"
"52","Sticking to the goal","Frustration","Frustration poster 3/10","assigned","Super-Max shaving — grooming","Super - Max shaving cream.jpg","10","6","A","80","I need to read about IPO and tracking key event in markets to keep investing for right opportunity but most of the time I missed those opportunity because I was too busy to scroll and most of my update comes through podcast and news which I listen only in gym and walk so can't take action on them at exact moment","Money, investing and insurance"
"52","Sticking to the goal","Frustration","Frustration poster 3/10","assigned","Super-Max shaving — grooming","Super - Max shaving cream.jpg","10","7","A","80","For ordering food in, sometimes the same restaurant has different offers on Swiggy and on Zomato. Even packaging charges are different on both apps. Sometimes the discount coupons make the difference. Sometimes it is the delivery time (Swiggy sometimes take longer than Zomato in Gurugram atleast). Then, the different outlets of the same restaurant might be running different offers for the same menu list. All these permutations and combinations make it difficult to order quickly.","Food and eating out"
"52","Sticking to the goal","Frustration","Frustration poster 3/10","assigned","Super-Max shaving — grooming","Super - Max shaving cream.jpg","10","8","B","79","I was at the gym trying to finish my workout after a long day. I had planned to do a few more exercises, but I was already tired and kept debating whether to just leave. I ended up pushing through the last few sets, but it made me realise how much of fitness is actually about staying consistent when you don't feel like doing it. The annoying part was having to keep track of what I had done, what was left, and whether I was actually progressing.","Fitness and wellness"
"52","Sticking to the goal","Frustration","Frustration poster 3/10","assigned","Super-Max shaving — grooming","Super - Max shaving cream.jpg","10","9","B","79","I have started my full time MBA recently and it has been rigorous, it's frustrating but I'm learning new skills like Power BI, Excel, Canva all simultaneously alone with academics","Learning and hobbies"
"52","Sticking to the goal","Frustration","Frustration poster 3/10","assigned","Super-Max shaving — grooming","Super - Max shaving cream.jpg","10","10","B","79","My husband is generally fit and I really need to work hard to get fit - so our diets don’t match - so it’s a pain getting food made for two. I can’t wake up early in the morning and then work gets prioritised in the evening leaving me to workout at late hours;","Fitness and wellness"
"53","Sticking to the goal","Frustration","Frustration poster 4/10","assigned","Hair oil — grooming","long hair oil.jpg","10","1","B","78","I was at the gym and spent more time trying to find the perfect song to work out to than actually working out. Got so frustrated I almost gave up😭","Fitness and wellness"
"53","Sticking to the goal","Frustration","Frustration poster 4/10","assigned","Hair oil — grooming","long hair oil.jpg","10","2","B","78","I find it hard to motivate myself to exercise. I've been wanting to join a gym, but the effort of narrowing down on a good gym exhausts me. I also take certain supplements, but they often get over and I need","Fitness and wellness"
"53","Sticking to the goal","Frustration","Frustration poster 4/10","assigned","Hair oil — grooming","long hair oil.jpg","10","3","B","78","Learning hobbies is tough especially with the busy lifestyle as it when u dont have time but u really need to learn something that could help you in the future is incredibly frustrating","Learning and hobbies"
"53","Sticking to the goal","Frustration","Frustration poster 4/10","assigned","Hair oil — grooming","long hair oil.jpg","10","4","B","78","The investment platform / PMS that I invest through occasionally come up with new product recommendations. For example to move the money to corporate bonds vs standard fixed income debt instruments. It’s usually hard to assess the risk and tradeoffs and understand how it may impact mid to long term. And this leads to procrastination, indecision and then not doing anything at all.","Money, investing and insurance"
"53","Sticking to the goal","Frustration","Frustration poster 4/10","assigned","Hair oil — grooming","long hair oil.jpg","10","5","B","77","Recently, I was trying to learn a new technical skill through online courses and tutorials. I had several videos, articles, and practice exercises saved, but deciding what to study next became difficult. I often had to switch between different platforms to find a good explanation, take notes separately, and then search again when I got stuck on a topic. The actual learning was enjoyable, but managing the resources, tracking my progress, and staying consistent became tiring. I wished there was one simple system that could organize everything and guide me on what to learn next.","Learning and hobbies"
"53","Sticking to the goal","Frustration","Frustration poster 4/10","assigned","Hair oil — grooming","long hair oil.jpg","10","6","B","77","I intend to train myself for Triathlon because I thought I can do one part of it reasonably well i.e. Running. But for Triathlon, I need to understand & learn the nuances of Swimming & cycling (although I know the basic sport). Then start training myself on them. I procrastinate.","Fitness and wellness"
"53","Sticking to the goal","Frustration","Frustration poster 4/10","assigned","Hair oil — grooming","long hair oil.jpg","10","7","B","77","It gets difficult to find a time during the day. I personally don’t like gym, online classes are available at a particular time only","Fitness and wellness"
"53","Sticking to the goal","Frustration","Frustration poster 4/10","assigned","Hair oil — grooming","long hair oil.jpg","10","8","B","77","One thing I really hate doing is working out when I'm not in the mood. I'll be at home, already tired after the day, and still feel like I have no choice because I know I need to stay fit. I'll keep delaying it, thinking I'll start in 10 minutes, and then finally force myself to do it.  The frustrating part is that it feels like a chore rather than something I enjoy, especially when I'm sore or tired. I know it's good for me, but sometimes it honestly feels like something I have to suffer through.","Fitness and wellness"
"53","Sticking to the goal","Frustration","Frustration poster 4/10","assigned","Hair oil — grooming","long hair oil.jpg","10","9","B","76","A few weeks ago, I had planned to practise DSA consistently and complete a set of LeetCode problems every day. I was sitting in my hostel room with LeetCode, YouTube tutorials and my notes open, but I spent more time deciding what topic to study and which problems to solve than actually practising. If I got stuck on a difficult problem, I would switch to another tab or tell myself I’d continue later. After missing a couple of days, my whole schedule slipped and I had to figure out where to restart.","Learning and hobbies"
"53","Sticking to the goal","Frustration","Frustration poster 4/10","assigned","Hair oil — grooming","long hair oil.jpg","10","10","B","76","ive tied up myself with fitness and wellbieng in the last month so much that it mad me frustrating and happy at the same time","Fitness and wellness"
"54","Sticking to the goal","Frustration","Frustration poster 5/10","assigned","Pond's cream — self-care","ponds cream.jpg","10","1","B","76","After college, I often tell myself I’ll exercise or go for a walk after finishing my work. Then I get distracted by my phone, WhatsApp, or random tasks and keep postponing it. By the time I realize it, it’s already late and I either rush through a short workout or skip it completely. The frustrating part is knowing I wanted to do it but still not getting started.","Fitness and wellness"
"54","Sticking to the goal","Frustration","Frustration poster 5/10","assigned","Pond's cream — self-care","ponds cream.jpg","10","2","B","76","I love playing badminton and hitting the gym. But days are so long, I'm exhausted when I reach home, I just hit the bed instead of the gym. Gained weight as a result","Fitness and wellness"
"54","Sticking to the goal","Frustration","Frustration poster 5/10","assigned","Pond's cream — self-care","ponds cream.jpg","10","3","B","76","Booking a class at cult or finding a gym that offers classes. It’s been a pain","Fitness and wellness"
"54","Sticking to the goal","Frustration","Frustration poster 5/10","assigned","Pond's cream — self-care","ponds cream.jpg","10","4","B","76","I was at home trying to learn something new for my studies and career. I had to find the right course or tutorial, decide what to focus on, and manage my time between college work and self-learning. I ended up jumping between YouTube videos, online courses, and different resources, which sometimes made it difficult to stay consistent and know what I should learn next.","Learning and hobbies"
"54","Sticking to the goal","Frustration","Frustration poster 5/10","assigned","Pond's cream — self-care","ponds cream.jpg","10","5","B","75","Well, I'm not sure if it fits in any of the buckets mentioned by you.   I feel an easier way to keep a check on what I'm eating and how much I'm eating—basically the calories and the macros—would be great. A report card at the end of the day showing: • How did I do? • How was my activity (total number of steps, anything unusual)? • My calorie intake with macros.  Currently, I do this manually. I feed all of this information into ChatGPT, and I also rely on my Apple Health and Apple Watch data. It's time consuming for me","Fitness and wellness"
"54","Sticking to the goal","Frustration","Frustration poster 5/10","assigned","Pond's cream — self-care","ponds cream.jpg","10","6","B","75","I had started to save up for the emergency fund and then saw an ad from slice to park that money into some FD type scheme, but after downloading the app i realized there were 5 more steps and i thought why can't a similar option be available from my present banking partner or my discount broking app.","Money, investing and insurance"
"54","Sticking to the goal","Frustration","Frustration poster 5/10","assigned","Pond's cream — self-care","ponds cream.jpg","10","7","B","75","to loss fat, i have to fo some my activities that really exhaust me,painfull and demotivates me to stop still i do","Fitness and wellness"
"54","Sticking to the goal","Frustration","Frustration poster 5/10","assigned","Pond's cream — self-care","ponds cream.jpg","10","8","B","75","I have to find out time for these activities , but its hard to dedicate a time","Fitness and wellness"
"54","Sticking to the goal","Frustration","Frustration poster 5/10","assigned","Pond's cream — self-care","ponds cream.jpg","10","9","B","75","I love reading, writing and drawing (although I don't have the skill)  But also wanna learn editing and designing.  But I often feel like I don't have time to do what I want to among acads and other responsibilities.","Learning and hobbies"
"54","Sticking to the goal","Frustration","Frustration poster 5/10","assigned","Pond's cream — self-care","ponds cream.jpg","10","10","B","75","I'm not able to exercise. I'm not able to find the motivation, energy, and time even to do basic stretches at home. Only when there is pain in some body part, I do it for few days and stop","Fitness and wellness"
"55","Sticking to the goal","Frustration","Frustration poster 6/10","assigned","Godrej Fresca toilet soap","toilet soap.jpg","10","1","B","74","I was in Jaipur for a week, and i was trying to find 3 other people to play padel with, i searched online and found 2 whatsapp groups, i joined them and posted that i am looking to play, several people showed interest, but only 1 game actually happened due to several reasons, location of the court, common availability, level of the players available etc. It was super annoying.","Fitness and wellness"
"55","Sticking to the goal","Frustration","Frustration poster 6/10","assigned","Godrej Fresca toilet soap","toilet soap.jpg","10","2","B","74","Integration of different iit devices and accuracy is a pain.","Fitness and wellness"
"55","Sticking to the goal","Frustration","Frustration poster 6/10","assigned","Godrej Fresca toilet soap","toilet soap.jpg","10","3","B","74","To stay fit and healthy, you have to put it in extra effort. This effort isn't limited to little things here and there like taking stairs instead of lifts, it's more in line with actively doing things that are difficult and never ever seem to get easy like Gym, Dieting, etc.","Fitness and wellness"
"55","Sticking to the goal","Frustration","Frustration poster 6/10","assigned","Godrej Fresca toilet soap","toilet soap.jpg","10","4","B","73","Everyday Photography is for tomorrow. Even though I like taking photographs and being among the wild , still it is as if I only remember the task after it is too late to go out","Learning and hobbies"
"55","Sticking to the goal","Frustration","Frustration poster 6/10","assigned","Godrej Fresca toilet soap","toilet soap.jpg","10","5","B","73","I started with gym trainer membership. I started for about 3 months, but then I went back to my hometown. Now I have to shift the flat to a new location, so I'm not buying this membership again. Also, it's hard to wake up early for the gym.","Fitness and wellness"
"55","Sticking to the goal","Frustration","Frustration poster 6/10","assigned","Godrej Fresca toilet soap","toilet soap.jpg","10","6","B","73","Nothing - Its just a pain point where I cannot bring myself to be consistent.","Fitness and wellness"
"55","Sticking to the goal","Frustration","Frustration poster 6/10","assigned","Godrej Fresca toilet soap","toilet soap.jpg","10","7","B","73","The extra effort one puts and the gain is minimal to none. It's frustrating.","Beauty and self-care"
"55","Sticking to the goal","Frustration","Frustration poster 6/10","assigned","Godrej Fresca toilet soap","toilet soap.jpg","10","8","B","73","Saving the links of newsfeeds that I keep reading, even that of The Ken. I archive the mails from The Ken and everytime I have to do it manually in my email client","Learning and hobbies"
"55","Sticking to the goal","Frustration","Frustration poster 6/10","assigned","Godrej Fresca toilet soap","toilet soap.jpg","10","9","B","73","Learning all the new subjects in term 1 of an MBA has been really tough. From Accounting to Statistical Decision Making, every subject has its own vibe and the rules of these worlds are really different from one another. I really got no clue how to be a master in all these.","Learning and hobbies"
"55","Sticking to the goal","Frustration","Frustration poster 6/10","assigned","Godrej Fresca toilet soap","toilet soap.jpg","10","10","B","72","I want to invest in different products but also know that my knowledge/experience is not enough and hence would have to try multiple strategies. There's just not enough time or energy to execute the same consistently.","Money, investing and insurance"
"56","Sticking to the goal","Frustration","Frustration poster 7/10","assigned","Khus Raj toilet soap / festival","khus raj toilet soap.png","10","1","B","72","I plan for my fitness but can’t plan for nutrition and that is a tad difficult task… work , home and own fitness takes a lot of effort","Fitness and wellness"
"56","Sticking to the goal","Frustration","Frustration poster 7/10","assigned","Khus Raj toilet soap / festival","khus raj toilet soap.png","10","2","B","71","I always don't have enough time between the creams I need to apply so I always have to skip one.","Beauty and self-care"
"56","Sticking to the goal","Frustration","Frustration poster 7/10","assigned","Khus Raj toilet soap / festival","khus raj toilet soap.png","10","3","B","71","I dont have a fixed schedule so fitting my workout schedule in a day everytime is frustrating and i usually end up not working out as well","Fitness and wellness"
"56","Sticking to the goal","Frustration","Frustration poster 7/10","assigned","Khus Raj toilet soap / festival","khus raj toilet soap.png","10","4","B","71","I was in my room late on a Tuesday night trying to learn a new framework for a side project. The YouTube tutorial I was following was only six months old, but half the dependencies were already deprecated. I spent three hours just trying to get the local environment to run without throwing red errors, digging through obscure Reddit and StackOverflow threads instead of actually writing a single line of code. It totally killed my motivation to build.","Learning and hobbies"
"56","Sticking to the goal","Frustration","Frustration poster 7/10","assigned","Khus Raj toilet soap / festival","khus raj toilet soap.png","10","5","B","70","Well, every few weeks my ""fitness model"" changes. Hard to stick to a diet or a set regiment. No app there. Need right nudges, workarounds and adjustments coz life happens and no week is the same (unfortunately).","Fitness and wellness"
"56","Sticking to the goal","Frustration","Frustration poster 7/10","assigned","Khus Raj toilet soap / festival","khus raj toilet soap.png","10","6","B","70","I was with a group of friends trying to decide where to eat after spending the day on campus. Everyone had a different preference, budget, and dietary restriction, and we ended up scrolling through Google Maps, Zomato, Instagram, and restaurant menus trying to find somewhere that worked for everyone. We finally picked a place, only to realise the wait was almost an hour and half the things people wanted weren’t available. The annoying part wasn’t finding restaurants—it was figuring out what actually made sense for the whole group without going back and forth for 30 minutes.","Food and eating out"
"56","Sticking to the goal","Frustration","Frustration poster 7/10","assigned","Khus Raj toilet soap / festival","khus raj toilet soap.png","10","7","B","70","Even though I was travelling abroad, and my schedule was packed, I found at least  half an hour of time everyday to, to keep up with my regular fitness goals.","Fitness and wellness"
"56","Sticking to the goal","Frustration","Frustration poster 7/10","assigned","Khus Raj toilet soap / festival","khus raj toilet soap.png","10","8","B","70","depending on my body pain and flares what should I do that particular day","Fitness and wellness"
"56","Sticking to the goal","Frustration","Frustration poster 7/10","assigned","Khus Raj toilet soap / festival","khus raj toilet soap.png","10","9","B","70","Its too difficult to take time out to learn new things and its frustrating","Learning and hobbies"
"56","Sticking to the goal","Frustration","Frustration poster 7/10","assigned","Khus Raj toilet soap / festival","khus raj toilet soap.png","10","10","B","70","I was trying to learn something new online and had saved several videos, articles, and resources to go through. When I finally sat down to learn, I didn’t know where to start or what to focus on. I ended up jumping between different resources instead of following a structured learning path, which made the whole process frustrating.","Learning and hobbies"
"57","Sticking to the goal","Frustration","Frustration poster 8/10","assigned","Liril soap — freshness/self-care","liril.jpeg","10","1","B","70","No specific task. Takes time that's hard to find. Especially in the mornings which I prefer for working out.","Fitness and wellness"
"57","Sticking to the goal","Frustration","Frustration poster 8/10","assigned","Liril soap — freshness/self-care","liril.jpeg","10","2","B","70","I started learning to play the guitar and spent weeks trying to get one song right. The hardest part was staying consistent when progress felt painfully slow. Eventually, I could play it without stopping, and that small win made the whole process worth it.","Learning and hobbies"
"57","Sticking to the goal","Frustration","Frustration poster 8/10","assigned","Liril soap — freshness/self-care","liril.jpeg","10","3","B","69","Going through practice questions for certifications and exams can get repetitive. Once I understand a topic, I know what I’m doing, but I still have to solve dozens of similar questions to make sure I haven’t missed anything. And when I have too many things to learn at once — preparing for an exam, learning a new skill, working on a project or exploring something else, I start putting the less urgent things off. I’ll always make time for something really important, like an exam or a deadline, but deciding what to focus on first can be difficult.","Learning and hobbies"
"57","Sticking to the goal","Frustration","Frustration poster 8/10","assigned","Liril soap — freshness/self-care","liril.jpeg","10","4","B","69","ultimately motivation fades away and I end up doing something which requires less mental effort.","Learning and hobbies"
"57","Sticking to the goal","Frustration","Frustration poster 8/10","assigned","Liril soap — freshness/self-care","liril.jpeg","10","5","B","69","my physical condition is not that great after injury its hard to continue gym","Fitness and wellness"
"57","Sticking to the goal","Frustration","Frustration poster 8/10","assigned","Liril soap — freshness/self-care","liril.jpeg","10","6","B","69","Getting to the gym is painful and then post workout is more painful","Fitness and wellness"
"57","Sticking to the goal","Frustration","Frustration poster 8/10","assigned","Liril soap — freshness/self-care","liril.jpeg","10","7","B","68","This is so ex curating job. Have so much information available over internet, what to follow and defining the exact roadmap is very difficult.","Learning and hobbies"
"57","Sticking to the goal","Frustration","Frustration poster 8/10","assigned","Liril soap — freshness/self-care","liril.jpeg","10","8","B","68","I hate doing exercise that too repititive and boring on the trade of my sleep - nah","Fitness and wellness"
"57","Sticking to the goal","Frustration","Frustration poster 8/10","assigned","Liril soap — freshness/self-care","liril.jpeg","10","9","B","68","For learning anything new, I have to go through an endless catalogue of tutorials and videos all claiming to be the best. I dont need the best, I need something which can just get me started properly.","Learning and hobbies"
"57","Sticking to the goal","Frustration","Frustration poster 8/10","assigned","Liril soap — freshness/self-care","liril.jpeg","10","10","B","67","There just too many steps and it feels physically tiring doing them. Even when i have minimized the products i still feel exhausted","Beauty and self-care"
"58","Sticking to the goal","Frustration","Frustration poster 9/10","assigned","Vimto — ""keeps you fit"" drink","vimto.webp","10","1","B","67","I wanted to learn newer skills but the pain of starting something you don't know, it makes you feel so dumb at first.","Learning and hobbies"
"58","Sticking to the goal","Frustration","Frustration poster 9/10","assigned","Vimto — ""keeps you fit"" drink","vimto.webp","10","2","B","67","There are lot of skincare products in the market..some selling products that might be specific to my problem,but even after that authenticity cant be proved.. results take weeks to appear and if not ,im stuck in an endless cycle of purchasing one product and another.","Beauty and self-care"
"58","Sticking to the goal","Frustration","Frustration poster 9/10","assigned","Vimto — ""keeps you fit"" drink","vimto.webp","10","3","B","67","I wanted to learn newer skills but the pain of starting something you don't know, it makes you feel so dumb at first.","Learning and hobbies"
"58","Sticking to the goal","Frustration","Frustration poster 9/10","assigned","Vimto — ""keeps you fit"" drink","vimto.webp","10","4","B","66","Going to workout was a task in itself but as one starts to build consistency in that turns out theere is so much into wellness especially in clean eating making those salads and shakes is very very exhausting on its own and to add to that even deciding a clean menu for the whole day just shuts the whole system off","Fitness and wellness"
"58","Sticking to the goal","Frustration","Frustration poster 9/10","assigned","Vimto — ""keeps you fit"" drink","vimto.webp","10","5","B","66","I can hardly get time to follow up on my hobbies and learning in a way gets really exhausting as it becomes repetitive and cumbersome","Learning and hobbies"
"58","Sticking to the goal","Frustration","Frustration poster 9/10","assigned","Vimto — ""keeps you fit"" drink","vimto.webp","10","6","B","66","I have to be told certain basic instructions once and then I learn them on my own , however if I am not even being taught the basics it bugs me a lot","Learning and hobbies"
"58","Sticking to the goal","Frustration","Frustration poster 9/10","assigned","Vimto — ""keeps you fit"" drink","vimto.webp","10","7","B","65","I don't feel motivated enough to workout","Fitness and wellness"
"58","Sticking to the goal","Frustration","Frustration poster 9/10","assigned","Vimto — ""keeps you fit"" drink","vimto.webp","10","8","B","65","Knowing what to do, but finding the time and motivation and energy to do it is hard. Not because it's hard, but because all the other things in life are so draining that you just want to do nothing at the end of the day","Fitness and wellness"
"58","Sticking to the goal","Frustration","Frustration poster 9/10","assigned","Vimto — ""keeps you fit"" drink","vimto.webp","10","9","B","65","I'm learning, exploring more into what I can become, in the future. Till now its not tiring. I'm leaning forward to learn more","Learning and hobbies"
"58","Sticking to the goal","Frustration","Frustration poster 9/10","assigned","Vimto — ""keeps you fit"" drink","vimto.webp","10","10","B","65","hate learning things i find difficult or not interesting","Learning and hobbies"
"59","Sticking to the goal","Frustration","Frustration poster 10/10","assigned","Wrigley's gum — relax/de-stress","wrigleys.webp","2","1","B","65","Just a pain to deal with","Learning and hobbies"
"59","Sticking to the goal","Frustration","Frustration poster 10/10","assigned","Wrigley's gum — relax/de-stress","wrigleys.webp","2","2","B","65","Difficult to get it done, though it is useful for me; great recommendations for what I could do each weekend so that I can try it out","Learning and hobbies"
"60","Sticking to the goal","Procrastinate","Procrastinate poster 1/8","assigned","Science Today magazine — learning","SCIENCE TODAY.jpg","10","1","A","87","So I have made this Instagram account where I post my gym selfie everyday and have added only my mom and my husband so I feel accountable and I also do a math that on an average how many time I go to the gym in a month. But I am only able to go twice a week while my goal is at least 4-5 times. I also ordered health supplements but I forget to take them or procrastinate. I promise myself each morning that today I will eat healthy or under my calorie budget but that goes off by the evening where I feel like rewarding myself for all the hardwork I did at work.","Fitness and wellness"
"60","Sticking to the goal","Procrastinate","Procrastinate poster 1/8","assigned","Science Today magazine — learning","SCIENCE TODAY.jpg","10","2","A","87","I bought a gym membership that I barley use, keep thinking about classes they offer but forget to schedule and the early morning ones sell out so quickly   For healthier eating it’s a pain searching for restaurants that actually deliver healthy food at my price point, and when I try or cook at home it’s an insane amount of effort.   For recovery I’ve been meaning to book a massage and some physio sessions to correct form but again keep forgetting","Fitness and wellness"
"60","Sticking to the goal","Procrastinate","Procrastinate poster 1/8","assigned","Science Today magazine — learning","SCIENCE TODAY.jpg","10","3","A","86","I get it. Procrastination is more of a behavioural issue than any tech led intervention can solve for. While dealing with the decision to invest in FRSB's, I had to go to the bank (cause it cannot be done online), wait in line, talk to the clerk who were not aware of the instrument themselves. Another 30 minutes was spent by the clerk to go through the bank's site to check if what I was asking for was actually true, then she had to download the documents, speak to the manager and then share the forms. This is a process which needs to be repeated every time I make an investment in this instrument. So I kept procrastinating and asked if this was essential to my portfolio needs. If the process of ""putting in money"" was made simpler, I wouldn't have procrastinated. Cause the other side of the coin is ""taking money out"" where I have no hesitation to drop by to the bank, wait in line and get the money out.","Money, investing and insurance"
"60","Sticking to the goal","Procrastinate","Procrastinate poster 1/8","assigned","Science Today magazine — learning","SCIENCE TODAY.jpg","10","4","A","85","I always feel an inertia to head to the gym. Many thoughts like if I go to gym, can I complete my meals , classes, work or sleep in time which leads me to overthink and finally avoid going to gym ? Also sometimes I get confused or loose track of what workout is to be done today","Fitness and wellness"
"60","Sticking to the goal","Procrastinate","Procrastinate poster 1/8","assigned","Science Today magazine — learning","SCIENCE TODAY.jpg","10","5","A","85","Tough to remember and take my daily dose of Vitamins on time. Ordering once the bottle gets over, is also another procrastination story.","Health and medical"
"60","Sticking to the goal","Procrastinate","Procrastinate poster 1/8","assigned","Science Today magazine — learning","SCIENCE TODAY.jpg","10","6","A","85","I actually have bought many online courses simultaneously and due to lack of time, interest or sometimes inefficient planning...makes me procrastinate things after my college classes...","Learning and hobbies"
"60","Sticking to the goal","Procrastinate","Procrastinate poster 1/8","assigned","Science Today magazine — learning","SCIENCE TODAY.jpg","10","7","A","82","Doing an AI Course of 3 months over weekend 7.30-10:30pm and sometime extended. Sometime feel boring, because of Quality of Mentors/Approach of teaching, Jargonistic/Technical ways. And then sometimes avoid my submissions as well. Take lot of effort to login and attend live classes.","Learning and hobbies"
"60","Sticking to the goal","Procrastinate","Procrastinate poster 1/8","assigned","Science Today magazine — learning","SCIENCE TODAY.jpg","10","8","B","78","I wanted to complete assignments properly in time but end up not doing it until last minute and then complete it in hurry, had many interests (like reading books and sketching) to try and pursue but almost never did due to procrastination","Learning and hobbies"
"60","Sticking to the goal","Procrastinate","Procrastinate poster 1/8","assigned","Science Today magazine — learning","SCIENCE TODAY.jpg","10","9","B","78","I keep procrastinating my financial plannings, I am unable to devote any time on it. It always appears to me as a big task, like I will have to do lot of research.","Money, investing and insurance"
"60","Sticking to the goal","Procrastinate","Procrastinate poster 1/8","assigned","Science Today magazine — learning","SCIENCE TODAY.jpg","10","10","B","78","I keep procrastinating on going to the gym or working out—telling myself I’ll go later, then pushing it to tomorrow. By the time I actually have free time, I’ve lost the motivation and end up doing nothing.","Fitness and wellness"
"61","Sticking to the goal","Procrastinate","Procrastinate poster 2/8","assigned","Shalimar fabric paints — craft","SHALIMAR fabric paints.jpg","10","1","B","77","I actually love going to the gym. Once I’m there, it feels really good to burn some calories, listen to music, and just focus on myself. The problem is getting myself to go. Because of so many things—being tired, getting distracted, putting it off, or telling myself I’ll go later—I end up procrastinating. It’s not that I hate working out; I genuinely enjoy it once I’m there. I just struggle with getting myself out the door and being consistent.","Fitness and wellness"
"61","Sticking to the goal","Procrastinate","Procrastinate poster 2/8","assigned","Shalimar fabric paints — craft","SHALIMAR fabric paints.jpg","10","2","B","77","Creating a proper fitness plan and sticking to it- from workouts to proper diet. Foods to eat before and after workout. Foods to avoid depending on the motive- weight loss or muscle gain. To stay motivated and on track even after a hard day at work","Fitness and wellness"
"61","Sticking to the goal","Procrastinate","Procrastinate poster 2/8","assigned","Shalimar fabric paints — craft","SHALIMAR fabric paints.jpg","10","3","B","77","I start some book or assignment but does not complete it within the timelines because of procrastination.","Learning and hobbies"
"61","Sticking to the goal","Procrastinate","Procrastinate poster 2/8","assigned","Shalimar fabric paints — craft","SHALIMAR fabric paints.jpg","10","4","B","77","Having to find and reorder and keep up stock, creating a routine to do said self care. I often forget applying sunscreen and even more often forget to buy it.","Beauty and self-care"
"61","Sticking to the goal","Procrastinate","Procrastinate poster 2/8","assigned","Shalimar fabric paints — craft","SHALIMAR fabric paints.jpg","10","5","B","77","Learning german has been quite a task. I use duolingo, i get reminders, but i just dont get the time to sit and finish the lesson. If i delay it long, i find myself scrambling to finish the lesson in the last 10 mins of the day to avoid losing my streak.","Learning and hobbies"
"61","Sticking to the goal","Procrastinate","Procrastinate poster 2/8","assigned","Shalimar fabric paints — craft","SHALIMAR fabric paints.jpg","10","6","B","76","For a long time I was avoiding going to the gym. I was ashamed.. then I finally showed up one day and started. I also one fine day logged into Duolingo and started learning Spanish.","Learning and hobbies"
"61","Sticking to the goal","Procrastinate","Procrastinate poster 2/8","assigned","Shalimar fabric paints — craft","SHALIMAR fabric paints.jpg","10","7","B","76","I’d say the task is keeping up with basic grooming and self-care consistently. I’ll realize I need a haircut, need to trim my beard, or need to buy some basic grooming products, usually when I’m already busy with college work. Then I keep postponing it until it becomes urgent.  There isn’t really a planned routine for it. I mostly notice something needs to be done, try to find time between classes and other commitments, and then either do it at the last minute or push it to another day.","Beauty and self-care"
"61","Sticking to the goal","Procrastinate","Procrastinate poster 2/8","assigned","Shalimar fabric paints — craft","SHALIMAR fabric paints.jpg","10","8","B","75","exercising everyday but i procrastinate and feel guilty for not exercising. also struggling to arrange ingredients and recipes that make balanced nutritious meal that completes my daily protein, fiber and vitamins needs","Fitness and wellness"
"61","Sticking to the goal","Procrastinate","Procrastinate poster 2/8","assigned","Shalimar fabric paints — craft","SHALIMAR fabric paints.jpg","10","9","B","75","Investing. When I was working, I thought I will do market research and put time to build a portfolio, but it never happened. Procrastination is the culprit.","Money, investing and insurance"
"61","Sticking to the goal","Procrastinate","Procrastinate poster 2/8","assigned","Shalimar fabric paints — craft","SHALIMAR fabric paints.jpg","10","10","B","75","i have a bunch of issues that are not realllllly issues but are also realllllllly irritating and keep happening. eg. upset stomach. mouth ulcers. i should get it checked. but i am the queen of procrastination.","Health and medical"
"62","Sticking to the goal","Procrastinate","Procrastinate poster 3/8","assigned","Camel geometry instrument box — school","camel copy.jpeg","10","1","B","75","Just procrastination of going to the gym google fit helps me track footsteps and I try to hit atleast the 15000 step goal","Fitness and wellness"
"62","Sticking to the goal","Procrastinate","Procrastinate poster 3/8","assigned","Camel geometry instrument box — school","camel copy.jpeg","10","2","B","75","i dont enjoy repetetive boring task lieka gym, wouldprefere tasks that are also stimulating..play is fine..but getting ready and reacing the court makes me want to put it off.","Fitness and wellness"
"62","Sticking to the goal","Procrastinate","Procrastinate poster 3/8","assigned","Camel geometry instrument box — school","camel copy.jpeg","10","3","B","74","Fitness and wellness requires me to be active and consistent but I tend to forget about it now and then, I have become too lazy. I also don't think that I'll be able to loose weight because I'm not eating right and no one is out there to guide me about my eating habits as well","Fitness and wellness"
"62","Sticking to the goal","Procrastinate","Procrastinate poster 3/8","assigned","Camel geometry instrument box — school","camel copy.jpeg","10","4","B","74","Creating a proper work out plan. It takes proper research so I procrastinate.","Fitness and wellness"
"62","Sticking to the goal","Procrastinate","Procrastinate poster 3/8","assigned","Camel geometry instrument box — school","camel copy.jpeg","10","5","B","74","This is more personal - I keep forgetting to apply moisturizer or conditioner, and I always remember after the fact","Beauty and self-care"
"62","Sticking to the goal","Procrastinate","Procrastinate poster 3/8","assigned","Camel geometry instrument box — school","camel copy.jpeg","10","6","B","74","I have to learn about Machine Learning, Agentic AI, Finance but keep procrastinating and feel lazy to do it","Learning and hobbies"
"62","Sticking to the goal","Procrastinate","Procrastinate poster 3/8","assigned","Camel geometry instrument box — school","camel copy.jpeg","10","7","B","74","I had signed up for a digital product course, but didn't complete it. I procrastinated a lot and at a point it became my negligence. I am working on it very much and try to complete my tasks on time.","Learning and hobbies"
"62","Sticking to the goal","Procrastinate","Procrastinate poster 3/8","assigned","Camel geometry instrument box — school","camel copy.jpeg","10","8","B","74","I feel like I have lots of articles I would like to re-read and make some notes so that I can read the notes when I need to revise the concept. Kind of like a summary in short. I keep procrastinating this and therefore I have so many articles which I need to summarise and make notes of. (Some of them are also The Ken articles - FYI :P) Now the list is so long I just keep procrastinating it and it never happens.","Learning and hobbies"
"62","Sticking to the goal","Procrastinate","Procrastinate poster 3/8","assigned","Camel geometry instrument box — school","camel copy.jpeg","10","9","B","73","I had to take time every evening for it, and I wate there a lot while doing procrastination.","Fitness and wellness"
"62","Sticking to the goal","Procrastinate","Procrastinate poster 3/8","assigned","Camel geometry instrument box — school","camel copy.jpeg","10","10","B","73","I beleive myself as fast learner and often try to get practical knowledge with hand on practice, but still I purely believe that we need to clear our basics, and even though I am highly interested I keep procrastinating it.  Mainly with my code basics and skill basics","Learning and hobbies"
"63","Sticking to the goal","Procrastinate","Procrastinate poster 4/8","assigned","Camel water/poster colours — art/school","camel.jpeg","10","1","B","73","Apart from investing in Mutual fund, i wanted to start trading on full time basis along with my work, but due to other commitments and procrastination, I'm far from the start.","Money, investing and insurance"
"63","Sticking to the goal","Procrastinate","Procrastinate poster 4/8","assigned","Camel water/poster colours — art/school","camel.jpeg","10","2","B","72","I learn quickly. But busy schedule (unavoidable tasks) makes me postpone certain learnings.","Learning and hobbies"
"63","Sticking to the goal","Procrastinate","Procrastinate poster 4/8","assigned","Camel water/poster colours — art/school","camel.jpeg","10","3","B","72","I think about going to the gym in my university but keep on putting it off as it mostly is really crowded at all times and I don't like crowded spaces.","Fitness and wellness"
"63","Sticking to the goal","Procrastinate","Procrastinate poster 4/8","assigned","Camel water/poster colours — art/school","camel.jpeg","10","4","B","72","As a fin grad its supposed to be easy for me to deal with it but when i actually start doing it i feel all those cons i studied in classes hitting me and then i just procrastinate doing it","Money, investing and insurance"
"63","Sticking to the goal","Procrastinate","Procrastinate poster 4/8","assigned","Camel water/poster colours — art/school","camel.jpeg","10","5","B","72","I suddenly learn about something new in my day may be at work etc and I forget to actually implement it and after a while I forget it.","Learning and hobbies"
"63","Sticking to the goal","Procrastinate","Procrastinate poster 4/8","assigned","Camel water/poster colours — art/school","camel.jpeg","10","6","B","72","face wash, brushing my teeth, eye care, skin care, hair care, whatever the time of the day, i do not feel like doing it at the moment holding it off at the last and even then skipping it altogether somedays.","Beauty and self-care"
"63","Sticking to the goal","Procrastinate","Procrastinate poster 4/8","assigned","Camel water/poster colours — art/school","camel.jpeg","10","7","B","71","I want to manage me personal hobbies and things i want to learn along with my daily work but for some reason i keep procrastinating both and nothing ends up getting done i soo need a better management","Learning and hobbies"
"63","Sticking to the goal","Procrastinate","Procrastinate poster 4/8","assigned","Camel water/poster colours — art/school","camel.jpeg","10","8","B","71","Everyday I think that I will start exercising from tomorrow but that tomorrow never comes  Somedays I can't wake up, another days I forgot that I had plans for exercising","Fitness and wellness"
"63","Sticking to the goal","Procrastinate","Procrastinate poster 4/8","assigned","Camel water/poster colours — art/school","camel.jpeg","10","9","B","71","I procrastinate waking up at morning which make it difficult for me to go gym","Fitness and wellness"
"63","Sticking to the goal","Procrastinate","Procrastinate poster 4/8","assigned","Camel water/poster colours — art/school","camel.jpeg","10","10","B","71","I usually start learning something new with a lot of motivation, but then I get busy with college work, gym, or other things and keep pushing it to another day. For example, I might open a course or decide I want to learn a new skill, do it for a few days, and then stop. After a couple of weeks I realise I haven't touched it and have to start again.","Learning and hobbies"
"64","Sticking to the goal","Procrastinate","Procrastinate poster 5/8","assigned","Colgate dental cream — hygiene","colgate.jpeg","10","1","B","71","I have goals and want to do them but I procrastinate most of the times and feel guilty.","Fitness and wellness"
"64","Sticking to the goal","Procrastinate","Procrastinate poster 5/8","assigned","Colgate dental cream — hygiene","colgate.jpeg","10","2","B","70","Learning feel a bit slow from platforms, so I keep procrastinating","Learning and hobbies"
"64","Sticking to the goal","Procrastinate","Procrastinate poster 5/8","assigned","Colgate dental cream — hygiene","colgate.jpeg","10","3","B","70","What are the dietary restrictions along with my supplements, gap between meals, keep forgetting to eat the right thing or drink water or other precautions","Health and medical"
"64","Sticking to the goal","Procrastinate","Procrastinate poster 5/8","assigned","Colgate dental cream — hygiene","colgate.jpeg","10","4","B","70","Going to gym is a task, I always try to put it off","Fitness and wellness"
"64","Sticking to the goal","Procrastinate","Procrastinate poster 5/8","assigned","Colgate dental cream — hygiene","colgate.jpeg","10","5","B","70","It is so complicated to try out different products just for my regular skin care routine. Being a 40-year-old man I got to this game late and having sensitive skin. Not many products suit my face, so there's a lot of trial and error that I wish I could avoid given the fact that I may be reacting to certain chemicals or peptides in certain products","Beauty and self-care"
"64","Sticking to the goal","Procrastinate","Procrastinate poster 5/8","assigned","Colgate dental cream — hygiene","colgate.jpeg","10","6","B","69","Everyday I think of going and everyday I procrastinate.","Fitness and wellness"
"64","Sticking to the goal","Procrastinate","Procrastinate poster 5/8","assigned","Colgate dental cream — hygiene","colgate.jpeg","10","7","B","69","I want to read books but i keep procrastinating","Learning and hobbies"
"64","Sticking to the goal","Procrastinate","Procrastinate poster 5/8","assigned","Colgate dental cream — hygiene","colgate.jpeg","10","8","B","69","I have to buy, but i procrastinate because I'm not able to ensure the quality and claim of the product instantly","Fitness and wellness"
"64","Sticking to the goal","Procrastinate","Procrastinate poster 5/8","assigned","Colgate dental cream — hygiene","colgate.jpeg","10","9","B","69","I want to but i can't do any type of exercise and at the end of the day walking 8000 steps only becomes the exercise i did all day , Mostly i delay it out of my laziness or not  having  proper plan  or knowledge of doing that","Fitness and wellness"
"64","Sticking to the goal","Procrastinate","Procrastinate poster 5/8","assigned","Colgate dental cream — hygiene","colgate.jpeg","10","10","B","69","I mean I know I should be doing more, but I end up procrastinating a lot.","Fitness and wellness"
"65","Sticking to the goal","Procrastinate","Procrastinate poster 6/8","assigned","Geeflo-77 pen — students/office","geeflo-77.jpeg","10","1","B","68","forget to do skincare everyday and focus on my physique","Beauty and self-care"
"65","Sticking to the goal","Procrastinate","Procrastinate poster 6/8","assigned","Geeflo-77 pen — students/office","geeflo-77.jpeg","10","2","B","68","Investing is where I procrastinate a lot and have missed quite a few opportunities due to lack of time for analysis","Money, investing and insurance"
"65","Sticking to the goal","Procrastinate","Procrastinate poster 6/8","assigned","Geeflo-77 pen — students/office","geeflo-77.jpeg","10","3","B","68","One of my investments matured. I had to invest in another instrument. I had some options in mind, but I kept procrastinating on it.","Money, investing and insurance"
"65","Sticking to the goal","Procrastinate","Procrastinate poster 6/8","assigned","Geeflo-77 pen — students/office","geeflo-77.jpeg","10","4","B","68","Being a college student sometimes it becomes quite hectic to manage everything on somedays when we have more classes or we came late because of projects and stuff","Fitness and wellness"
"65","Sticking to the goal","Procrastinate","Procrastinate poster 6/8","assigned","Geeflo-77 pen — students/office","geeflo-77.jpeg","10","5","B","68","Cannot decide the places where to go out to hang out with friends so end up procrastinating till somebody finds the spot.","Food and eating out"
"65","Sticking to the goal","Procrastinate","Procrastinate poster 6/8","assigned","Geeflo-77 pen — students/office","geeflo-77.jpeg","10","6","B","68","i feel lazy to complete my 10k steps","Fitness and wellness"
"65","Sticking to the goal","Procrastinate","Procrastinate poster 6/8","assigned","Geeflo-77 pen — students/office","geeflo-77.jpeg","10","7","B","68","I wanted to learn about loops and graphs recently but kept procrastinating","Learning and hobbies"
"65","Sticking to the goal","Procrastinate","Procrastinate poster 6/8","assigned","Geeflo-77 pen — students/office","geeflo-77.jpeg","10","8","B","68","I’ve been meaning to figure out setting up a harness for agents - to automate some things. But a lot of places don’t have access to their apis available.   Some apps I’ve paid for (Duolingo) I keep losing my streaks and then never restart","Learning and hobbies"
"65","Sticking to the goal","Procrastinate","Procrastinate poster 6/8","assigned","Geeflo-77 pen — students/office","geeflo-77.jpeg","10","9","B","68","Buying products when they run out, i just get lazy and skip my routine for a few days until when they get restocked.","Beauty and self-care"
"65","Sticking to the goal","Procrastinate","Procrastinate poster 6/8","assigned","Geeflo-77 pen — students/office","geeflo-77.jpeg","10","10","B","68","I want to learn a lot of things, but then I just procrastinate and don't do them. Maybe I just need a structure.","Learning and hobbies"
"66","Sticking to the goal","Procrastinate","Procrastinate poster 7/8","assigned","Maltova health drink — energy/nutrition","maltova.jpeg","10","1","B","68","I have been aiming to go for morning run, but every morning I wake up, feel lazy, and go back to sleep","Fitness and wellness"
"66","Sticking to the goal","Procrastinate","Procrastinate poster 7/8","assigned","Maltova health drink — energy/nutrition","maltova.jpeg","10","2","B","67","I had to follow a treatment plan consistently, but I kept putting it off or missing parts of it. I would tell myself I’d start properly the next day, and eventually it became difficult to stay consistent","Health and medical"
"66","Sticking to the goal","Procrastinate","Procrastinate poster 7/8","assigned","Maltova health drink — energy/nutrition","maltova.jpeg","10","3","B","67","Starting to become a better product manager - I just procrastinate because I don’t know where to start","Learning and hobbies"
"66","Sticking to the goal","Procrastinate","Procrastinate poster 7/8","assigned","Maltova health drink — energy/nutrition","maltova.jpeg","10","4","B","67","Procrastination is something that always hits whenever I want to do it","Beauty and self-care"
"66","Sticking to the goal","Procrastinate","Procrastinate poster 7/8","assigned","Maltova health drink — energy/nutrition","maltova.jpeg","10","5","B","66","Basically i keep on procrastinating because it is difficult to do","Money, investing and insurance"
"66","Sticking to the goal","Procrastinate","Procrastinate poster 7/8","assigned","Maltova health drink — energy/nutrition","maltova.jpeg","10","6","B","66","Doing groceries and household chores are boring so I procrastinate them until they become to importatnt to be ignored","Groceries and household"
"66","Sticking to the goal","Procrastinate","Procrastinate poster 7/8","assigned","Maltova health drink — energy/nutrition","maltova.jpeg","10","7","B","66","I get tired when try to exercise for fitness, so I generally avoid exercise. I do only 5 minutes exercise","Fitness and wellness"
"66","Sticking to the goal","Procrastinate","Procrastinate poster 7/8","assigned","Maltova health drink — energy/nutrition","maltova.jpeg","10","8","B","66","I used to do exercise regularly, but after taking a break, I have been finding it difficult to start again. I keep thinking that I should start doing exercise again, but when it is time to actually do it, I keep putting it off and telling myself I will start tomorrow.","Learning and hobbies"
"66","Sticking to the goal","Procrastinate","Procrastinate poster 7/8","assigned","Maltova health drink — energy/nutrition","maltova.jpeg","10","9","B","66","i have to prepare so much for my interviews but i keep putting it off and i felt so bad but it keeps happening again and again.","Learning and hobbies"
"66","Sticking to the goal","Procrastinate","Procrastinate poster 7/8","assigned","Maltova health drink — energy/nutrition","maltova.jpeg","10","10","B","66","I always feel lazy for doing Skincare.","Beauty and self-care"
"67","Sticking to the goal","Procrastinate","Procrastinate poster 8/8","assigned","Natraj pencils — school stationery","natraj pencils.jpeg","1","1","B","65","Basically coming to the fitness and wellness I am very lazy about it cause because morning from morning to evening I will have classes and again if I have to concentrate on fitness and wellness it is quite difficult for me on quitely ignoring the things in my life","Fitness and wellness"
"68","Sticking to the goal","Overwhelm","Overwhelm poster 1/7","assigned","Nescafe coffee — daily beverage","nescafe.jpeg","10","1","A","87","I was standing in front of my open fridge at 9 PM on a Sunday, trying to figure out meal prep for the week while staring at a handful of expiring vegetables, only to realize I forgot to log onto my local gym's app at 6 AM sharp when class bookings opened meaning my preferred 7 AM Pilates slot was fully waitlisted, and I now had to manually sync my Apple Health app with three different tracking tools just to adjust my daily macros and schedule around a late afternoon slot I didn't even want.","Fitness and wellness"
"68","Sticking to the goal","Overwhelm","Overwhelm poster 1/7","assigned","Nescafe coffee — daily beverage","nescafe.jpeg","10","2","A","85","I was trying to replace one of my skincare products and thought it would take five minutes. Instead, I ended up comparing a bunch of products, reading ingredient lists, checking reviews, looking at prices on different apps and trying to figure out whether the product would actually work with the rest of my routine.  At some point I had so many tabs open that I wasn't even sure what I was comparing anymore. The frustrating part was that every product had hundreds of reviews and completely opposite opinions. I just wanted someone to look at what I already use, understand what I was trying to solve, and tell me which option actually made sense.","Beauty and self-care"
"68","Sticking to the goal","Overwhelm","Overwhelm poster 1/7","assigned","Nescafe coffee — daily beverage","nescafe.jpeg","10","3","A","85","I was trying to learn a new technical skill and ended up overwhelmed by too many resources. I had saved courses, YouTube videos, documentation, articles and practice projects, but couldn’t decide what to follow first. I would start one course, pause it to watch another video, save something “for later,” and then realise a few days had passed without actually practising.  The frustrating part was knowing what I wanted to learn but not having a system that could turn that goal into a realistic plan, keep track of what I’d already covered, and tell me what to do next. I ended up maintaining my own messy combination of bookmarks, notes, playlists and to-do lists.","Learning and hobbies"
"68","Sticking to the goal","Overwhelm","Overwhelm poster 1/7","assigned","Nescafe coffee — daily beverage","nescafe.jpeg","10","4","A","85","I tried picking up something new online and honestly, it felt like a mess. I bounced from YouTube to Google, then off to random articles and websites. Each video had its own advice, and the next would totally contradict it. Before I knew it, I had this huge collection of links, but absolutely no idea which one I should follow.  It wasn’t just about finding info—there was plenty of that. The real challenge was sorting out what’s actually reliable, deciding where to start, tracking my progress, and then carving out time to practice. After a few days, I realized I’d spent more time gathering resources than actually using them. Sticking to one path? That’s way harder than it looks.","Learning and hobbies"
"68","Sticking to the goal","Overwhelm","Overwhelm poster 1/7","assigned","Nescafe coffee — daily beverage","nescafe.jpeg","10","5","A","85","Keeping track of status of projects seems tedious. I record it at multiple places. Writing in a book has major disadvantage that I have to go back multiple pages to find something previous. Add to it the other work that I have written between the pages. Opting for a onenote type digital notebook but I can't think over digital notebooks properly. Makes me blank","Learning and hobbies"
"68","Sticking to the goal","Overwhelm","Overwhelm poster 1/7","assigned","Nescafe coffee — daily beverage","nescafe.jpeg","10","6","A","84","I was sitting at my desk in my dorm room at 2 AM, surrounded by empty energy drink cans, trying to figure out a complex programming library for a personal coding project. Every time I ran the code, the screen went completely blank with a wall of red error messages. I had to deal with a laggy laptop, outdated YouTube tutorials that didn't match the current software version, and an absolute wave of frustration because I couldn't even get a basic page to render. It felt completely overwhelming, and I was staring at the screen wondering why I even started this in the first place.","Learning and hobbies"
"68","Sticking to the goal","Overwhelm","Overwhelm poster 1/7","assigned","Nescafe coffee — daily beverage","nescafe.jpeg","10","7","A","84","Where I was: Hunched over my laptop at 1:30 AM in my room, staring at a blank text editor with a half-empty mug of cold coffee.What happened: I decided to finally tackle the ""LeetCode grind"" to prepare for tech placements/interviews. I opened a popular YouTube DSA playlist (like Striver's A2Z sheet or Love Babbar) to learn Dynamic Programming or Graph algorithms.The mess I dealt with: Absolute mental exhaustion and ""Tutorial Hell."" The video made the logic look incredibly easy, but the second I went over to LeetCode or GeeksforGeeks to solve a 'Medium' problem on my own, my mind went completely blank. I couldn't even figure out the base cases. I spent two hours debugging a messy Segmentation Fault and tracking pointer errors, only to realize I missed a tiny edge case. Looking at the optimized solution left me feeling completely inadequate, wondering how anyone is supposed to intuitively come up with these complex math workarounds under a 45-minute interview clock.","Learning and hobbies"
"68","Sticking to the goal","Overwhelm","Overwhelm poster 1/7","assigned","Nescafe coffee — daily beverage","nescafe.jpeg","10","8","A","83","consistencey and time it takes way too much of time too lose or build the key is tracking recently there's been an so called tracker for 24/7 for our body named whoop i dont think its that perfect and all to track all we need smtg which tracks steps food sleep heart rate activity and auto calculation of cals","Fitness and wellness"
"68","Sticking to the goal","Overwhelm","Overwhelm poster 1/7","assigned","Nescafe coffee — daily beverage","nescafe.jpeg","10","9","A","83","I usually plan to learn something new after college, like Java, web development, or DSA. I’ll open my laptop with the intention of studying, but then I check YouTube or Instagram “for a few minutes” and keep switching between videos and other things. I end up postponing the actual learning until later, and by the time I start, I’m too tired or there isn’t enough time left.","Learning and hobbies"
"68","Sticking to the goal","Overwhelm","Overwhelm poster 1/7","assigned","Nescafe coffee — daily beverage","nescafe.jpeg","10","10","A","82","One thing I’ve struggled with is consistently learning new skills outside my regular college work. I’ll find something I genuinely want to learn, like coding, product management, or a new technical skill, and make a plan to start. But once classes, assignments, projects, and other commitments pile up, the learning usually gets pushed to “tomorrow.”  The annoying part is that I’m genuinely interested in learning these things, but I often end up spending more time figuring out what to learn, finding the right resources, and planning than actually learning. By the time I have free time, I’m either tired or don’t know where to start, so the cycle repeats.","Learning and hobbies"
"69","Sticking to the goal","Overwhelm","Overwhelm poster 2/7","assigned","Horlicks health drink","HORLICKS 001.jpg","10","1","A","81","Beauty and self maintenance is a task for me because I just don't have the time and energy to research what works and what doesn't work for me. I experiment but then I don't conclude before I go to another experiment. It's frustrating and time taking so I just skip it. Effectively, I know nothing about what's working for me and what's not.","Beauty and self-care"
"69","Sticking to the goal","Overwhelm","Overwhelm poster 2/7","assigned","Horlicks health drink","HORLICKS 001.jpg","10","2","A","80","I was at home trying to learn a new skill online. I spent a lot of time searching for the right resources, comparing courses and videos, figuring out what to learn first, and creating a plan to stay consistent. I also had to track my progress and remember where I left off. The annoying part was not the learning itself, but the effort of organizing everything and deciding what to do next. I’d happily hand over that planning, resource-finding, and progress tracking to an assistant.","Learning and hobbies"
"69","Sticking to the goal","Overwhelm","Overwhelm poster 2/7","assigned","Horlicks health drink","HORLICKS 001.jpg","10","3","A","80","""I bought an annual Coursera/Udemy subscription and a bunch of books on Kindle on a Sunday evening full of motivation. The next weekend, I sat down at my desk to continue, only to spend 30 minutes trying to remember where I left off in a 40-video playlist, looking for my notes across three different apps, and getting distracted by YouTube recommendations. I ended up closing the laptop without finishing a single module and haven't opened it in weeks","Learning and hobbies"
"69","Sticking to the goal","Overwhelm","Overwhelm poster 2/7","assigned","Horlicks health drink","HORLICKS 001.jpg","10","4","A","80","""I was sitting at my desk at 2 AM, deep into fixing a bug for a project, telling myself I’d definitely wake up at 7 AM to hit the gym. Cut to 8:30 AM: my alarm is blaring, I’ve had four hours of sleep, and I completely missed the morning workout window. I had to deal with the overwhelming guilt of failing my fitness goal before the day even started, simply because my late-night dev hours constantly sabotage my morning health routines.""","Fitness and wellness"
"69","Sticking to the goal","Overwhelm","Overwhelm poster 2/7","assigned","Horlicks health drink","HORLICKS 001.jpg","10","5","A","80","I was trying to get back into a proper workout routine and spent way too much time figuring out what exercises to do, how many sets and reps, and whether I was actually progressing. I would save workout videos and plans, but then lose track of what I had done the previous week. I basically had to manage the planning, tracking, and motivation myself, which made staying consistent harder than the workout itself.","Fitness and wellness"
"69","Sticking to the goal","Overwhelm","Overwhelm poster 2/7","assigned","Horlicks health drink","HORLICKS 001.jpg","10","6","B","79","One thing that comes up pretty often is trying to keep track of my workouts and food. I’ll decide I’m going to be consistent, make a plan in my notes, follow it for a few days, and then my schedule changes and everything gets messy. Sometimes I’m at the gym wondering what workout I’m supposed to do that day, or I’ll remember that I wanted to eat better but end up ordering something because I didn’t plan ahead. Then I have to figure out what I did last time and what I should do next. It’s not really the exercise that’s annoying—it’s all the small planning and remembering around it.","Fitness and wellness"
"69","Sticking to the goal","Overwhelm","Overwhelm poster 2/7","assigned","Horlicks health drink","HORLICKS 001.jpg","10","7","B","79","I told myself I’d start working out properly, so I spent an evening comparing gyms, checking timings, looking at membership plans and trying to figure out what routine I should follow. I finally picked one, went for a few days, then missed a session. After that, the routine slowly disappeared and I kept telling myself I’d restart “from Monday.”","Fitness and wellness"
"69","Sticking to the goal","Overwhelm","Overwhelm poster 2/7","assigned","Horlicks health drink","HORLICKS 001.jpg","10","8","B","78","I have to keep downloading online workout guides, compare between 20 influencers to find which one works best, do endless ChatGPT, only to lose the workout guide in my phone and end up painfully searching all its videos on you tube.","Fitness and wellness"
"69","Sticking to the goal","Overwhelm","Overwhelm poster 2/7","assigned","Horlicks health drink","HORLICKS 001.jpg","10","9","B","78","I’d been wanting to get better at a new skill, so one evening I started looking for a good way to learn it. I went through YouTube videos, courses, Reddit threads and a few recommendations, saved a bunch of resources, and even made a rough plan for where to start. Then college and other things got busy, so I kept telling myself I’d start properly the next day. A few weeks later, I had a folder full of saved videos and courses but still hadn’t really started. When I finally came back to it, I couldn’t remember which resource I’d chosen or why, so I ended up researching everything again instead of learning.","Learning and hobbies"
"69","Sticking to the goal","Overwhelm","Overwhelm poster 2/7","assigned","Horlicks health drink","HORLICKS 001.jpg","10","10","B","78","Between my heavy workload and severe lack of sleep, I get sick often. I am struggling to manage basic daily tasks like washing my clothes and taking care of my skin, and I barely have the time or energy to figure out how to properly care for myself.","Beauty and self-care"
"70","Sticking to the goal","Overwhelm","Overwhelm poster 3/7","assigned","Safi blood purifier — health/skin","SAFI blood purifier.jpg","10","1","B","76","Recently, I was trying to learn something new for an AI project and ended up going down a rabbit hole of tutorials, YouTube videos, documentation and GitHub projects. I kept finding different approaches and had to spend a lot of time figuring out what was actually worth learning and what I could skip. I enjoy learning this way, but filtering through all the information can be surprisingly time-consuming.","Learning and hobbies"
"70","Sticking to the goal","Overwhelm","Overwhelm poster 3/7","assigned","Safi blood purifier — health/skin","SAFI blood purifier.jpg","10","2","B","76","I was at home trying to get back into a regular workout routine after taking a break. I planned to exercise for 30–40 minutes, but I spent a lot of time deciding what workout to do, searching for exercises, and figuring out how many sets and reps I should do. When I finally started, I got tired much faster than I expected and ended up stopping early. Then I had to decide whether to continue the next day or just start again later. The annoying part was not really the workout it was trying to stay consistent and figure out what I was actually supposed to be doing.","Fitness and wellness"
"70","Sticking to the goal","Overwhelm","Overwhelm poster 3/7","assigned","Safi blood purifier — health/skin","SAFI blood purifier.jpg","10","3","B","76","Sometimes I never know what to get. More choices overwhelm me and leave me unable to decide while less choices make me procrastinate buying it. The process of researching for the best product and brand and then the cheaper platform is draining","Shopping and deals"
"70","Sticking to the goal","Overwhelm","Overwhelm poster 3/7","assigned","Safi blood purifier — health/skin","SAFI blood purifier.jpg","10","4","B","75","I want to start something, I research about it on some AI, even find some interesting stuff. But never able to execute, by the time next weekend rolls up Ive forgotten all that, I start from scratch, find something I want to do but don’t because again the weekends gone and this cycle continues…","Learning and hobbies"
"70","Sticking to the goal","Overwhelm","Overwhelm poster 3/7","assigned","Safi blood purifier — health/skin","SAFI blood purifier.jpg","10","5","B","75","I was trying to get back into a regular workout routine and spent way too much time figuring out what exercises to do, how many sets and reps, and what to eat around my workouts. I kept changing plans after watching different videos and ended up not being consistent. It would have been useful to have an assistant that knew my goals and could just give me a simple workout and keep track of my progress.","Fitness and wellness"
"70","Sticking to the goal","Overwhelm","Overwhelm poster 3/7","assigned","Safi blood purifier — health/skin","SAFI blood purifier.jpg","10","6","B","75","While learning Python for data science, I was working on a small project at home. I had to clean a dataset, find missing values, and understand why my code was giving errors. I spent several hours checking the code, searching for solutions, and testing different approaches. It was frustrating at first, but solving the problem myself gave me a strong sense of achievement and made me more interested in data science","Learning and hobbies"
"70","Sticking to the goal","Overwhelm","Overwhelm poster 3/7","assigned","Safi blood purifier — health/skin","SAFI blood purifier.jpg","10","7","B","74","I have so many new things to learn but with different platforms and different places, it is a hassle to first decide the right platform/media for me and then do it consistently without reminders.","Learning and hobbies"
"70","Sticking to the goal","Overwhelm","Overwhelm poster 3/7","assigned","Safi blood purifier — health/skin","SAFI blood purifier.jpg","10","8","B","74","Maintaining food log, fitness activity - week over week progress is exhausting - no good single application to manage this - some are good with logging put poor reporting, some good with visualations but too much overhead for logging..","Fitness and wellness"
"70","Sticking to the goal","Overwhelm","Overwhelm poster 3/7","assigned","Safi blood purifier — health/skin","SAFI blood purifier.jpg","10","9","B","74","I need to learn so many things , perfect note making is a pain in the ass","Learning and hobbies"
"70","Sticking to the goal","Overwhelm","Overwhelm poster 3/7","assigned","Safi blood purifier — health/skin","SAFI blood purifier.jpg","10","10","B","73","Making presentations and basic designs for college work. I have done it so many times that I usually know what I want to make before I even start. I can quickly put together the slides, find the right images and make small changes without thinking too much about it. At this point, it feels more like a habit than a task I have to learn.","Learning and hobbies"
"71","Sticking to the goal","Overwhelm","Overwhelm poster 4/7","assigned","Sheaffer pens — stationery","SHEAFFER pens.jpg","10","1","B","73","I was trying to learn a new topic for coding and kept jumping between YouTube videos, articles, and practice problems to understand it properly. I had to figure out what to learn first, which resources to trust, and which problems were actually worth solving. A lot of time went into planning and searching instead of actually learning.","Learning and hobbies"
"71","Sticking to the goal","Overwhelm","Overwhelm poster 4/7","assigned","Sheaffer pens — stationery","SHEAFFER pens.jpg","10","2","B","73","I ask chatgpt for workout routine. But  I have to navigate links and toggle multiple reference videos between workout. It's a frustrating experience","Fitness and wellness"
"71","Sticking to the goal","Overwhelm","Overwhelm poster 4/7","assigned","Sheaffer pens — stationery","SHEAFFER pens.jpg","10","3","B","72","The definition of my fitness and wellness is limited to playing football, treks, walks, daily morning stretches, reduced screen exposure, daily book reading. I have delayed the decision to join a fitness centre due to analysis paralysis. Too many options.","Fitness and wellness"
"71","Sticking to the goal","Overwhelm","Overwhelm poster 4/7","assigned","Sheaffer pens — stationery","SHEAFFER pens.jpg","10","4","B","72","Instead of just learning the guitar chord, I was juggling laggy tech, bad pacing, and messy notes, exactly the kind of repetitive hassle I’d hand off to an assistant so I could just focus on playing.","Learning and hobbies"
"71","Sticking to the goal","Overwhelm","Overwhelm poster 4/7","assigned","Sheaffer pens — stationery","SHEAFFER pens.jpg","10","5","B","72","I need to first make a list of everything that I'm running out of, then look at the brands, compare prices. A lot of work for me","Groceries and household"
"71","Sticking to the goal","Overwhelm","Overwhelm poster 4/7","assigned","Sheaffer pens — stationery","SHEAFFER pens.jpg","10","6","B","72","I was at home trying to figure out what skincare products to buy because my current products were running out. I had to check what I was already using, search different products, compare ingredients and prices, read reviews, and figure out whether a product would actually work with my existing routine. I ended up opening multiple shopping apps and websites, saving products, and still wasn't completely sure what to buy. It felt like too much effort for something as simple as replacing a few products.","Beauty and self-care"
"71","Sticking to the goal","Overwhelm","Overwhelm poster 4/7","assigned","Sheaffer pens — stationery","SHEAFFER pens.jpg","10","7","B","71","I keep saving things I want to learn—new frameworks, tools, or ML concepts—but whenever I sit down to learn one properly, a project or hackathon deadline takes priority. I’ll open a course or tutorial, do the first few parts, then leave a dozen tabs/bookmarks sitting there while I go back to whatever has a deadline. A few weeks later I want to pick it up again and have to figure out where I left off.","Learning and hobbies"
"71","Sticking to the goal","Overwhelm","Overwhelm poster 4/7","assigned","Sheaffer pens — stationery","SHEAFFER pens.jpg","10","8","B","71","I was staying in my hostel and realized I had been skipping meals, eating instant noodles too often, and barely exercising because of classes and college work. One day I felt tired and low on energy and started worrying that I wasn’t taking care of myself properly. I had to figure out what I could realistically eat and how I could fit some physical activity into my college routine without having a proper kitchen or much time.","Fitness and wellness"
"71","Sticking to the goal","Overwhelm","Overwhelm poster 4/7","assigned","Sheaffer pens — stationery","SHEAFFER pens.jpg","10","9","B","70","I had planned to study a particular topic for my UPSC preparation, but I kept postponing it because I wasn’t sure where to start. I had saved videos, PDFs and notes from different sources, but instead of sitting down and finishing the topic, I kept organising resources or telling myself I would do it the next day. After a few days, I realised I had spent more time planning to study than actually studying.","Learning and hobbies"
"71","Sticking to the goal","Overwhelm","Overwhelm poster 4/7","assigned","Sheaffer pens — stationery","SHEAFFER pens.jpg","10","10","B","70","I think there is too much information on what workouts I should be doing, what supplements to take and when, and if something feels off, what the cause it. It could be a 100 things and none of it. Everyone's health scares these days is making me anxious","Fitness and wellness"
"72","Sticking to the goal","Overwhelm","Overwhelm poster 5/7","assigned","Boroline antiseptic cream","boroline.jpg","10","1","B","70","Trying to figure out the exact workout and recovery metrics while managing an intense schedule, trying to balance heavy academic commitments and daily routines without burning out.  Balancing the fatigue, figuring out when to squeeze in sessions, and dealing with the sheer friction of staying consistent when the day is already packed.","Fitness and wellness"
"72","Sticking to the goal","Overwhelm","Overwhelm poster 5/7","assigned","Boroline antiseptic cream","boroline.jpg","10","2","B","69","I love to draw but it takes time, which is the most lacking thing in my life currently.","Learning and hobbies"
"72","Sticking to the goal","Overwhelm","Overwhelm poster 5/7","assigned","Boroline antiseptic cream","boroline.jpg","10","3","B","69","For learning on different topics and genres , there are plenty of resources and this causes decision paralysis and waste of energy and time in finding the accurate resource.","Learning and hobbies"
"72","Sticking to the goal","Overwhelm","Overwhelm poster 5/7","assigned","Boroline antiseptic cream","boroline.jpg","10","4","B","69","Figuring out meal plans, protein intake. Managing around work and weather to be able to go out and get the workout done.","Fitness and wellness"
"72","Sticking to the goal","Overwhelm","Overwhelm poster 5/7","assigned","Boroline antiseptic cream","boroline.jpg","10","5","B","69","I had decided to learn a new skill online and saved a few YouTube videos and courses to get started. I watched a couple of them, then got busy with college and kept telling myself I'd continue “tomorrow.” After a few weeks, I had a pile of saved resources but no idea where I'd left off or what I was supposed to do next.","Learning and hobbies"
"72","Sticking to the goal","Overwhelm","Overwhelm poster 5/7","assigned","Boroline antiseptic cream","boroline.jpg","10","6","B","69","i always wish to read new article or go deeper market research but if something comes up i get distracted and cant find that article later. also maybe have a lot of data online but not have build a database around it so that whenever something new comes up i have some knowledge of it. further  i want to learn magic and become a mentalist for my passion but dont know where to start and go to youtube find thousand of answers so end up doing nothing and it stays in my to do forever","Learning and hobbies"
"72","Sticking to the goal","Overwhelm","Overwhelm poster 5/7","assigned","Boroline antiseptic cream","boroline.jpg","10","7","B","68","I wanted to get back into running, so I had to figure out a route, check my schedule, track my pace, and decide what workout to do. I kept postponing it because there was always something else to do, and eventually I just skipped the run.","Fitness and wellness"
"72","Sticking to the goal","Overwhelm","Overwhelm poster 5/7","assigned","Boroline antiseptic cream","boroline.jpg","10","8","B","68","I cant decide on which one best suites my talent and goals based on experience and education and interest. Learning new skills- i wish i could enter my details and it would from the ocean of opportunities what would suit me best","Learning and hobbies"
"72","Sticking to the goal","Overwhelm","Overwhelm poster 5/7","assigned","Boroline antiseptic cream","boroline.jpg","10","9","B","68","I was sitting at my desk late at night trying to set up a virtual penetration testing lab on my laptop to practice some ethical hacking techniques.  The actual 'learning' part was supposed to be practicing network analysis, but the exact task that drove me crazy was just configuring the environment.","Learning and hobbies"
"72","Sticking to the goal","Overwhelm","Overwhelm poster 5/7","assigned","Boroline antiseptic cream","boroline.jpg","10","10","B","68","I realise there are so many things to learn and understand, but it feels overwhelming to start especially when you don't know where to begin and the constant dread of whether this was the best way to go about it.","Learning and hobbies"
"73","Sticking to the goal","Overwhelm","Overwhelm poster 6/7","assigned","Radio Ceylon — entertainment","radioceylon.jpg","10","1","B","68","I was operating within a digital simulation of a cluttered home workshop. The virtual environment had a workbench, a hot soldering iron, magnifying lenses, and scattered keycaps.","Learning and hobbies"
"73","Sticking to the goal","Overwhelm","Overwhelm poster 6/7","assigned","Radio Ceylon — entertainment","radioceylon.jpg","10","2","B","68","figure out what suits my skin ,what is new product in market ,read the labels","Beauty and self-care"
"73","Sticking to the goal","Overwhelm","Overwhelm poster 6/7","assigned","Radio Ceylon — entertainment","radioceylon.jpg","10","3","B","67","I need to pick hobbies. I keep saying it but I get confused by the overwhelming number of options even in my own house. Everytime I buy something new and then don’t go back to it.","Learning and hobbies"
"73","Sticking to the goal","Overwhelm","Overwhelm poster 6/7","assigned","Radio Ceylon — entertainment","radioceylon.jpg","10","4","B","67","figuring out a schedule around my gym timings","Fitness and wellness"
"73","Sticking to the goal","Overwhelm","Overwhelm poster 6/7","assigned","Radio Ceylon — entertainment","radioceylon.jpg","10","5","B","67","limited options on apps, but too many options on sponsored instagram adds, very confusing","Learning and hobbies"
"73","Sticking to the goal","Overwhelm","Overwhelm poster 6/7","assigned","Radio Ceylon — entertainment","radioceylon.jpg","10","6","B","67","I've been picking up and giving up on too many hobbies.","Learning and hobbies"
"73","Sticking to the goal","Overwhelm","Overwhelm poster 6/7","assigned","Radio Ceylon — entertainment","radioceylon.jpg","10","7","B","66","I run everyday, so no complicated workout routine","Fitness and wellness"
"73","Sticking to the goal","Overwhelm","Overwhelm poster 6/7","assigned","Radio Ceylon — entertainment","radioceylon.jpg","10","8","B","66","there's so much in my head i don't know where to start","Learning and hobbies"
"73","Sticking to the goal","Overwhelm","Overwhelm poster 6/7","assigned","Radio Ceylon — entertainment","radioceylon.jpg","10","9","B","66","I have a graveyard of “I’m going to learn this” resources. I save YouTube playlists, courses, articles and PDFs whenever I get interested in something. Then I have to figure out where to start, what’s actually worth learning and how to practise it. Usually I end up watching three videos, saving ten more, and moving on to something else.","Learning and hobbies"
"73","Sticking to the goal","Overwhelm","Overwhelm poster 6/7","assigned","Radio Ceylon — entertainment","radioceylon.jpg","10","10","B","66","I've been procrasting a lot for learning new things according to my current level. So I come from a non-tech background but I want to learn about AI, I want to do research into knowing from wehre should I start, what to learn, how to learn etc and practically rn since it feels like a lot of work I don't do anything to get started on it.","Learning and hobbies"
"74","Sticking to the goal","Overwhelm","Overwhelm poster 7/7","assigned","Signal toothpaste — hygiene","signal toothpaste.jpg","3","1","B","66","I keep losing hair but simply have no time to research and set it right","Beauty and self-care"
"74","Sticking to the goal","Overwhelm","Overwhelm poster 7/7","assigned","Signal toothpaste — hygiene","signal toothpaste.jpg","3","2","B","65","I was trying to learn a new technical topic from YouTube and online courses. I had multiple tabs open with different videos, notes and tutorials, but I couldn't figure out what I should learn first. I kept jumping between resources, making notes from some and abandoning others. After a few days I had collected a lot of material but still didn't have a clear idea of what I had actually learned.","Learning and hobbies"
"74","Sticking to the goal","Overwhelm","Overwhelm poster 7/7","assigned","Signal toothpaste — hygiene","signal toothpaste.jpg","3","3","B","65","Figuring out the best time in my day to set aside for this and then procastinating it","Learning and hobbies"
"75","Sticking to the goal","No feeling","No feeling poster 1/15","assigned","Forhans dental care","bleeding gums ad.jpg","10","1","A","86","It was a humid Tuesday evening in the middle of a brutal academic stretch, right in that window where time stops moving between classes and club deliverables. I was standing in front of the mirror in the hostel room, trying to force a brand-new gym stringer over my shoulders one of those scoop-neck ones with the high contrast piping that looked sharp online.  Except the fabric was gripping all the wrong places after weeks of skipped sessions and late-night canteen runs, and the armholes were pulling awkwardly. Instead of looking like the crisp, locked-in aesthetic I had pictured when ordering it at 2:00 AM, it looked like a compromise.","Fitness and wellness"
"75","Sticking to the goal","No feeling","No feeling poster 1/15","assigned","Forhans dental care","bleeding gums ad.jpg","10","2","A","84","I was at my desk in my dorm room at 8 PM, surrounded by lecture notes for an exam the next morning. I had originally planned to go to the campus gym, but I was so far behind on my readings. I kept looking at my sneakers by the door, feeling guilty, but the anxiety of failing my test won. I skipped the gym, ordered greasy takeout, and stayed up until 2 AM cramming instead.","Fitness and wellness"
"75","Sticking to the goal","No feeling","No feeling poster 1/15","assigned","Forhans dental care","bleeding gums ad.jpg","10","3","A","84","Every evening around 7, I tell myself I'll head to the gym after I clear a quick 2-hour block of work - MBA assignments, case prep, whatever's pending that day. But that '2 hours' rarely stays 2 hours; it stretches, one more thing gets added, and by the time I actually look up, the evening's gone and the gym window has closed with it. This happens most weekdays. The 'workaround' I've landed on is just promising myself tomorrow for sure - which obviously doesn't fix anything, it just makes today's skip feel less bad.","Fitness and wellness"
"75","Sticking to the goal","No feeling","No feeling poster 1/15","assigned","Forhans dental care","bleeding gums ad.jpg","10","4","A","83","Maybe it's tied up to my grocery run bit frequent protein orders & supplements are a problem, I barely can manage time for the gym","Fitness and wellness"
"75","Sticking to the goal","No feeling","No feeling poster 1/15","assigned","Forhans dental care","bleeding gums ad.jpg","10","5","A","81","I keep trying to plan my learning in detail, so I write down the skills I want to learn and make plans for when I will work on them. T he problem is that I spend so much time trying to optimise the plan that I do not actually follow it.  I usually end up learning something only when I randomly feel motivated to do it, rather than consistently working towards it.","Learning and hobbies"
"75","Sticking to the goal","No feeling","No feeling poster 1/15","assigned","Forhans dental care","bleeding gums ad.jpg","10","6","A","80","I was sitting on my couch on a Sunday evening ready to finally dive into a synth keyboard course I paid for two months ago, only to spend forty-five minutes hunting down the login details across three different email accounts, resetting a forgotten password, downloading a massive software update that failed twice, and trying to locate the specific PDF workbooks saved somewhere in my messy Downloads folder—by the time the setup was actually ready, my motivation was completely gone and I just closed the laptop.","Learning and hobbies"
"75","Sticking to the goal","No feeling","No feeling poster 1/15","assigned","Forhans dental care","bleeding gums ad.jpg","10","7","A","80","I want to start gym and take care of myself, but fall into the prey of unhealthy lifestyle. Its a vicious loop of unhealthiness which I am determined to break this year!","Fitness and wellness"
"75","Sticking to the goal","No feeling","No feeling poster 1/15","assigned","Forhans dental care","bleeding gums ad.jpg","10","8","B","78","planing it based on time, food and heatlth sitaution","Fitness and wellness"
"75","Sticking to the goal","No feeling","No feeling poster 1/15","assigned","Forhans dental care","bleeding gums ad.jpg","10","9","B","77","It was past midnight in the hostel room, the desk buried under a chaotic stack of printed case frameworks, a half-cold cup of chai, and a laptop glowing with three different Jupyter notebooks and an open terminal running a web scraping script. I was trying to merge a massive dataset for an analytics workflow while simultaneously prepping a slide deck for a consulting deliverable due the next morning.","Learning and hobbies"
"75","Sticking to the goal","No feeling","No feeling poster 1/15","assigned","Forhans dental care","bleeding gums ad.jpg","10","10","B","77","Learning happens across searched articles (including Ken), YouTube videos and now also a usual dedicated search/skill defined on Claude.  I want to consolidate learning and revisit to absorb the learned pieces well. Earlier I used to use Google Keep a lot, along with a dedicated drive folder where there are docs with excerpts and links. Right now, it's just YouTube playlists, a dedicated WhatsApp grp and bookmarks (including on the Ken)... it's all disjoint.","Learning and hobbies"
"76","Sticking to the goal","No feeling","No feeling poster 2/15","assigned","Walmasta emulsion paint — home decor","british paints.jpg","10","1","B","76","I was at a friend's house trying to coordinate a group takeaway order for eight people. Everyone had different dietary restrictions and special requests, the app crashed twice while customizing the items, and two items ended up being completely wrong when the food arrived","Food and eating out"
"76","Sticking to the goal","No feeling","No feeling poster 2/15","assigned","Walmasta emulsion paint — home decor","british paints.jpg","10","2","B","76","I had to plan for my friend's birthday treat venue, and for that I had to take care of people's food preferences and dietary restrictions. Checked dining apps and sites mentioning popular locations to finalize the venue","Going out and entertainment"
"76","Sticking to the goal","No feeling","No feeling poster 2/15","assigned","Walmasta emulsion paint — home decor","british paints.jpg","10","3","B","76","what kind of exercise to do while in gym, the search for clothes and food after gymming is such a task","Fitness and wellness"
"76","Sticking to the goal","No feeling","No feeling poster 2/15","assigned","Walmasta emulsion paint — home decor","british paints.jpg","10","4","B","76","I go to the gym 6 days a week, more than a task its my comfort place where I can vent out what im feeling without actually saying a word. Even with the syllabus week and the random chaos that came with it I went to the gym because it gives me direction and orientation.","Fitness and wellness"
"76","Sticking to the goal","No feeling","No feeling poster 2/15","assigned","Walmasta emulsion paint — home decor","british paints.jpg","10","5","B","75","Sometimes the learning is boaring and sometimes I find no motivation to study.","Learning and hobbies"
"76","Sticking to the goal","No feeling","No feeling poster 2/15","assigned","Walmasta emulsion paint — home decor","british paints.jpg","10","6","B","75","I was trying to decide where to eat with a few friends, and it somehow became a whole coordination exercise. Everyone wanted something different, so we went back and forth on WhatsApp about cuisine, budget, location, and timing. I checked Google Maps for ratings and menus, then messaged a couple of places to see if they had a table. By the time everyone agreed, we’d spent almost as much time deciding where to eat as we would actually eating.","Food and eating out"
"76","Sticking to the goal","No feeling","No feeling poster 2/15","assigned","Walmasta emulsion paint — home decor","british paints.jpg","10","7","B","75","I have been trying to incorporate more protein in my diet, so I try to shop for more protein rich raw materials. For example, I have been purchasing Amul High Protein Lassi and Buttermilk. A while back, I also found out that they have started ""Protein Atta"" I.e. Wheat - so I purchased this. However, after my purchase, I stored it and forgot to consume it. It's now crossed it's expiry date. :( I have many such examples where I have purchased something and then forgot about it and when I realised that it's there - it's too close to expiry or has already been expired.","Groceries and household"
"76","Sticking to the goal","No feeling","No feeling poster 2/15","assigned","Walmasta emulsion paint — home decor","british paints.jpg","10","8","B","75","Actually I do 10 sets of 10 pushups a day so for counting I have created a custom workout on health app which helps me track the workout.","Fitness and wellness"
"76","Sticking to the goal","No feeling","No feeling poster 2/15","assigned","Walmasta emulsion paint — home decor","british paints.jpg","10","9","B","75","I try to read more books and articles. But I go in that endless loop of doomscrolling at times. I also feel attention span has shortened.","Learning and hobbies"
"76","Sticking to the goal","No feeling","No feeling poster 2/15","assigned","Walmasta emulsion paint — home decor","british paints.jpg","10","10","B","74","I keep telling myself I'll set up a plan and get to it in the future, when I get relatively free-er, but never seem to have the time to do so.","Fitness and wellness"
"77","Sticking to the goal","No feeling","No feeling poster 3/15","assigned","Camel geometry instrument box","camel geometry case.jpg","10","1","B","74","Leg day sounded like a great idea until the next morning. I could barely get down the stairs without holding the railing like my life depended on it. For the next few days, even sitting down, getting up, or climbing stairs turned into a small battle. The workout itself was only an hour, but apparently my legs decided the punishment should last for three days. 😭","Fitness and wellness"
"77","Sticking to the goal","No feeling","No feeling poster 3/15","assigned","Camel geometry instrument box","camel geometry case.jpg","10","2","B","74","I walk and carry my phone with me to the gym. After the gym session, I should record details in my Samsung app, which I don't do","Fitness and wellness"
"77","Sticking to the goal","No feeling","No feeling poster 3/15","assigned","Camel geometry instrument box","camel geometry case.jpg","10","3","B","73","I planned to spend some time learning DSA and improving my coding skills. I saved videos and practice problems, but kept telling myself I’d start after finishing other work. A few days later, I realized I had collected a lot of resources but barely practiced any of them.","Learning and hobbies"
"77","Sticking to the goal","No feeling","No feeling poster 3/15","assigned","Camel geometry instrument box","camel geometry case.jpg","10","4","B","73","i have perfect schedule of going to gym at morning 6O' clock.","Fitness and wellness"
"77","Sticking to the goal","No feeling","No feeling poster 3/15","assigned","Camel geometry instrument box","camel geometry case.jpg","10","5","B","73","Last Friday during the evening rush hour, I was trapped on a packed downtown subway train when it abruptly halted inside a dark tunnel. The air conditioning cut out almost immediately, making the crowded car intensely hot and stifling within minutes. Because we were underground, I had absolutely no cell phone service, leaving me unable to text my family to let them know where I was or why I was running late. We sat there in the dark, sweating and anxious, for forty-five claustrophobic minutes before the train finally sputtered back to life and crawled to the next station.","Getting around and vehicles"
"77","Sticking to the goal","No feeling","No feeling poster 3/15","assigned","Camel geometry instrument box","camel geometry case.jpg","10","6","B","73","""Library, 11 PM, trying to learn RAG for the GenAI track 14 tabs open: docs, a 2023 YouTube tutorial, three Stack Overflow threads. The tutorial's LangChain syntax was already deprecated. Spent 40 minutes debugging a version mismatch instead of learning the actual concept, then just asked an AI to explain it directly.","Learning and hobbies"
"77","Sticking to the goal","No feeling","No feeling poster 3/15","assigned","Camel geometry instrument box","camel geometry case.jpg","10","7","B","73","I plan on waking up early in the morning to pursue gym, but I just cannot bring myself to sleep early and get things done.","Fitness and wellness"
"77","Sticking to the goal","No feeling","No feeling poster 3/15","assigned","Camel geometry instrument box","camel geometry case.jpg","10","8","B","72","I have pcos and I need to manage my meals and gym and sleep well, but it never happens","Health and medical"
"77","Sticking to the goal","No feeling","No feeling poster 3/15","assigned","Camel geometry instrument box","camel geometry case.jpg","10","9","B","72","My only problem is planning what to do when I want to workout. Whether I should play a sport, or go to the gym or swim","Fitness and wellness"
"77","Sticking to the goal","No feeling","No feeling poster 3/15","assigned","Camel geometry instrument box","camel geometry case.jpg","10","10","B","72","I have been consistent gym goer, just taking out time out of my schedule everyday is bit of a challenge.","Fitness and wellness"
"78","Sticking to the goal","No feeling","No feeling poster 4/15","assigned","Children needlework contest — kids craft","children needlework .jpg","10","1","B","72","my notion app is truly a second brain. would not be able to live without it. everything is updated and tracked over there.","Learning and hobbies"
"78","Sticking to the goal","No feeling","No feeling poster 4/15","assigned","Children needlework contest — kids craft","children needlework .jpg","10","2","B","72","I want to walk or hit the gym or train at home. None of these sticks beyond 1-2 months at the max. Once I hit saturation or boredom, I just won't do it even if I commit to do just for 10 mins","Fitness and wellness"
"78","Sticking to the goal","No feeling","No feeling poster 4/15","assigned","Children needlework contest — kids craft","children needlework .jpg","10","3","B","72","Well, my workout. I know what muscles i am going to hit, but i forget how many reps in each set, or what was my regular lifting weight, hence going lesser than my ability, stalling my progress","Fitness and wellness"
"78","Sticking to the goal","No feeling","No feeling poster 4/15","assigned","Children needlework contest — kids craft","children needlework .jpg","10","4","B","72","Hostel mess, 9 PM, no nutrition label anywhere. Trying to hit a protein target for the day, so I'm estimating grams of dal and paneer by eyeballing the ladle, cross-checking against a spreadsheet I built with USDA values, then quietly recalculating my deficit because the aloo sabzi definitely wasn't 'one serving.","Fitness and wellness"
"78","Sticking to the goal","No feeling","No feeling poster 4/15","assigned","Children needlework contest — kids craft","children needlework .jpg","10","5","B","71","I keep visiting medium, linkedin, Instagram, substack. Curate the high value fancy yet potent stuff. One in Whatsapp chat with my own number and one is getting collected in Instagram messages with the influencers where the links of resources keep getting collect which I have never visited yet.","Learning and hobbies"
"78","Sticking to the goal","No feeling","No feeling poster 4/15","assigned","Children needlework contest — kids craft","children needlework .jpg","10","6","B","71","As a day scholar, it needs to be visiting my hometown, booking ticket and packing up things to be at the same place with exactly same steps seems feel weirdly fun to me.","Travel and holidays"
"78","Sticking to the goal","No feeling","No feeling poster 4/15","assigned","Children needlework contest — kids craft","children needlework .jpg","10","7","B","71","I love playing chess, and when I lose or draw from a specific position, I literally do it in sleep, means I analyze the whole game in sleep in my dreams and wake up tired next day. So, I stop playing game seriously and with good and deep calculations.","Learning and hobbies"
"78","Sticking to the goal","No feeling","No feeling poster 4/15","assigned","Children needlework contest — kids craft","children needlework .jpg","10","8","B","71","Its a process that can be skipped like cream on face or body, colour on hair, hair styling etc and it is more procastinated as the results take time to come besides you may not know an expert whom to believe for a particular problem or whether even solution exists","Beauty and self-care"
"78","Sticking to the goal","No feeling","No feeling poster 4/15","assigned","Children needlework contest — kids craft","children needlework .jpg","10","9","B","71","I have to manage when I exfoliate when to use retinal days when I'm tired I can't even get to serums ijust use moisturizes then call it a day","Beauty and self-care"
"78","Sticking to the goal","No feeling","No feeling poster 4/15","assigned","Children needlework contest — kids craft","children needlework .jpg","10","10","B","71","I just bookmark or buy books or save videos but never visits them","Learning and hobbies"
"79","Sticking to the goal","No feeling","No feeling poster 5/15","assigned","View-Master stereo viewer — kids","streo viewer.jpg","10","1","B","71","taking a hobby then forgetting about it, need something to push me","Learning and hobbies"
"79","Sticking to the goal","No feeling","No feeling poster 5/15","assigned","View-Master stereo viewer — kids","streo viewer.jpg","10","2","B","71","Searching for books to read next, i came across to the one i have already read and sometimes the suggestions are also not what i am looking for","Learning and hobbies"
"79","Sticking to the goal","No feeling","No feeling poster 5/15","assigned","View-Master stereo viewer — kids","streo viewer.jpg","10","3","B","71","Planning workouts and games, co-ordinating with people, bookings and payments","Fitness and wellness"
"79","Sticking to the goal","No feeling","No feeling poster 5/15","assigned","View-Master stereo viewer — kids","streo viewer.jpg","10","4","B","71","I am an eleventh grader I just don’t have the money and time to go out and train Also I lack the discipline for this particular thing It would be great to have an agent that gets it done in some way idk","Fitness and wellness"
"79","Sticking to the goal","No feeling","No feeling poster 5/15","assigned","View-Master stereo viewer — kids","streo viewer.jpg","10","5","B","71","I have to enter all the details about what food I had to track calories and protein intake.","Fitness and wellness"
"79","Sticking to the goal","No feeling","No feeling poster 5/15","assigned","View-Master stereo viewer — kids","streo viewer.jpg","10","6","B","70","Getting ready and going to Gym, I dont like that part at all. I am ok once I reach there, no problem with the exercise.","Fitness and wellness"
"79","Sticking to the goal","No feeling","No feeling poster 5/15","assigned","View-Master stereo viewer — kids","streo viewer.jpg","10","7","B","70","I like to be nudged. For lot many years, exercise was not on the list. Now I am on Hapbuild by Saurabh Bothra. His morning evening messaging on WhatsApp keeps me going.","Fitness and wellness"
"79","Sticking to the goal","No feeling","No feeling poster 5/15","assigned","View-Master stereo viewer — kids","streo viewer.jpg","10","8","B","70","I recently started my PGDM journey and i was not at all ready for the hectic busy schedule but now i am used to it.","Learning and hobbies"
"79","Sticking to the goal","No feeling","No feeling poster 5/15","assigned","View-Master stereo viewer — kids","streo viewer.jpg","10","9","B","70","Getting to know interesting things happening around my city related to my interests, calendar and prices","Learning and hobbies"
"79","Sticking to the goal","No feeling","No feeling poster 5/15","assigned","View-Master stereo viewer — kids","streo viewer.jpg","10","10","B","69","i have my mental model of my portfolio and some rules which I want to consistently monitor to add/sell based on some data set which are again based on variable calculations not something like GTTs offered by brokerage or triggers.","Money, investing and insurance"
"80","Sticking to the goal","No feeling","No feeling poster 6/15","assigned","Tullo health food","tullo health.jpg","10","1","B","69","Its more like a habit. But I feel that kind of takes away time from things which actually need my attention.","Groceries and household"
"80","Sticking to the goal","No feeling","No feeling poster 6/15","assigned","Tullo health food","tullo health.jpg","10","2","B","69","Take my supplements. Track workouts and food","Fitness and wellness"
"80","Sticking to the goal","No feeling","No feeling poster 6/15","assigned","Tullo health food","tullo health.jpg","10","3","B","69","no time for fun ones, dont wanna do serious ones","Learning and hobbies"
"80","Sticking to the goal","No feeling","No feeling poster 6/15","assigned","Tullo health food","tullo health.jpg","10","4","B","69","No time to do it- by the time get to doing it, too mentally checked out to do it  Plus not many fun options around","Fitness and wellness"
"80","Sticking to the goal","No feeling","No feeling poster 6/15","assigned","Tullo health food","tullo health.jpg","10","5","B","69","The moment i type my age the Sr citizen options will come up. Chronological age has very little to do with the physical ageing of a person. The F&W industry doesnt seem to know this basic","Fitness and wellness"
"80","Sticking to the goal","No feeling","No feeling poster 6/15","assigned","Tullo health food","tullo health.jpg","10","6","B","69","finding books, loading to kindle, learning by finding non-aislop on internet","Learning and hobbies"
"80","Sticking to the goal","No feeling","No feeling poster 6/15","assigned","Tullo health food","tullo health.jpg","10","7","B","69","continue to play drums , play tt and learn ml for acads; i can do em easily but i just odnr give iut a start","Learning and hobbies"
"80","Sticking to the goal","No feeling","No feeling poster 6/15","assigned","Tullo health food","tullo health.jpg","10","8","B","69","I tried with a few apps, such as forest but couldnt help procastinating","Learning and hobbies"
"80","Sticking to the goal","No feeling","No feeling poster 6/15","assigned","Tullo health food","tullo health.jpg","10","9","B","69","I want to spend some time outside working out or playing some sport, but work comes in between and the guilt of having fun over being productive kills my motivation to workout.","Learning and hobbies"
"80","Sticking to the goal","No feeling","No feeling poster 6/15","assigned","Tullo health food","tullo health.jpg","10","10","B","69","Like i know what i want to do, just dont have a dynamic timetable as per my hectic mba schedule to keep up with my dynamic lifestyle","Learning and hobbies"
"81","Sticking to the goal","No feeling","No feeling poster 7/15","assigned","Usha sewing machine","usha sewing machine.jpg","10","1","B","69","I don't have time to do. Also, I need to learn something that can make me profit in the future.","Learning and hobbies"
"81","Sticking to the goal","No feeling","No feeling poster 7/15","assigned","Usha sewing machine","usha sewing machine.jpg","10","2","B","69","I have been mostly up to date with nutrition and going to gym , it's on a couple of days i am unable to do the neccesary routines","Fitness and wellness"
"81","Sticking to the goal","No feeling","No feeling poster 7/15","assigned","Usha sewing machine","usha sewing machine.jpg","10","3","B","69","repurchasing the same skincare on a cycle and remembering the exact shade and formula.","Beauty and self-care"
"81","Sticking to the goal","No feeling","No feeling poster 7/15","assigned","Usha sewing machine","usha sewing machine.jpg","10","4","B","69","I lose motivation to go to gym.Life is too hectic.","Fitness and wellness"
"81","Sticking to the goal","No feeling","No feeling poster 7/15","assigned","Usha sewing machine","usha sewing machine.jpg","10","5","B","69","Need time, a place to work out, and the equipment. If this all works, I would do the whole workout in 45 mins","Fitness and wellness"
"81","Sticking to the goal","No feeling","No feeling poster 7/15","assigned","Usha sewing machine","usha sewing machine.jpg","10","6","B","69","I try exercising, but it is the first thing to get sacrificed when I am short of time, especially office days","Fitness and wellness"
"81","Sticking to the goal","No feeling","No feeling poster 7/15","assigned","Usha sewing machine","usha sewing machine.jpg","10","7","B","69","trying to find that perfect exercise and different, often opposite opinions by youtubers","Fitness and wellness"
"81","Sticking to the goal","No feeling","No feeling poster 7/15","assigned","Usha sewing machine","usha sewing machine.jpg","10","8","B","69","I am unable to wake up on time for a session. Also, the night before the session, sleep does remain interrupted.","Fitness and wellness"
"81","Sticking to the goal","No feeling","No feeling poster 7/15","assigned","Usha sewing machine","usha sewing machine.jpg","10","9","B","69","I was standing in my room at 6:30 AM staring at my running shoes by the door. I had set three separate alarms the night before, swore I’d go for a run, but stood there for ten minutes negotiating with myself before giving up, crawling back into bed, and spending the rest of the morning feeling guilty about skipping it.","Fitness and wellness"
"81","Sticking to the goal","No feeling","No feeling poster 7/15","assigned","Usha sewing machine","usha sewing machine.jpg","10","10","B","68","Ya for this i always want myself to be at frontier of whats all happening around me in AI shit,so for that i just rely on youtube .","Learning and hobbies"
"82","Sticking to the goal","No feeling","No feeling poster 8/15","assigned","View-Master — education","view master.jpg","10","1","B","68","Sometimes i just feel directionless or hit a plateau","Learning and hobbies"
"82","Sticking to the goal","No feeling","No feeling poster 8/15","assigned","View-Master — education","view master.jpg","10","2","B","68","I'm a student, no choice Ive to do it","Learning and hobbies"
"82","Sticking to the goal","No feeling","No feeling poster 8/15","assigned","View-Master — education","view master.jpg","10","3","B","68","I am already using AI for helping me with studies and my hobbies, but I would like to have AI assistants that are sharper and can help me in more dedicated ways. I guess I'll just build them soon.","Learning and hobbies"
"82","Sticking to the goal","No feeling","No feeling poster 8/15","assigned","View-Master — education","view master.jpg","10","4","B","68","Getting up late and no time remains in morning. Feel tired later in the day to do it","Fitness and wellness"
"82","Sticking to the goal","No feeling","No feeling poster 8/15","assigned","View-Master — education","view master.jpg","10","5","B","68","I dont get proper resources to lear, test and then apply","Learning and hobbies"
"82","Sticking to the goal","No feeling","No feeling poster 8/15","assigned","View-Master — education","view master.jpg","10","6","B","68","For learning new skills, I don't seem to find sufficient free options available. It takes time to search for relevant courses and skills seem to be available to only a select few especially when it comes to AI and ML.","Learning and hobbies"
"82","Sticking to the goal","No feeling","No feeling poster 8/15","assigned","View-Master — education","view master.jpg","10","7","B","68","I don't run as often as I'd like to, and I haven't got around to hitting the gym, despite thinking about for a while.","Fitness and wellness"
"82","Sticking to the goal","No feeling","No feeling poster 8/15","assigned","View-Master — education","view master.jpg","10","8","B","68","I wanted to start swimming but kept postponing it because of classes, assignments and other commitments. Finding a suitable time and actually sticking to it became harder than the workout itself","Fitness and wellness"
"82","Sticking to the goal","No feeling","No feeling poster 8/15","assigned","View-Master — education","view master.jpg","10","9","B","67","Fighting for the one good slot at 6am the second booking opens for my fitness class","Fitness and wellness"
"82","Sticking to the goal","No feeling","No feeling poster 8/15","assigned","View-Master — education","view master.jpg","10","10","B","67","I have to go to gym everyday because I have PCOD I have to walk 10000 steps","Fitness and wellness"
"83","Sticking to the goal","No feeling","No feeling poster 9/15","TO SOURCE","— TO SOURCE —","","10","1","B","67","I always prefer fitness and being healthy considered as most important to stay focussed on individual growth","Fitness and wellness"
"83","Sticking to the goal","No feeling","No feeling poster 9/15","TO SOURCE","— TO SOURCE —","","10","2","B","67","start and end exercise in the mornings ... invariably this gets disrupted","Fitness and wellness"
"83","Sticking to the goal","No feeling","No feeling poster 9/15","TO SOURCE","— TO SOURCE —","","10","3","B","67","i follow certain someones over social media and have than thing in me to achieve or do something that i like.","Fitness and wellness"
"83","Sticking to the goal","No feeling","No feeling poster 9/15","TO SOURCE","— TO SOURCE —","","10","4","B","67","My skin is something i myself dont understand completely- across the widely available products for sensitive skin . I want to know what best suites my skin and my purse","Beauty and self-care"
"83","Sticking to the goal","No feeling","No feeling poster 9/15","TO SOURCE","— TO SOURCE —","","10","5","B","67","I am an individual with an open-minded approach to learning. I always choose to learn something new, so whenever I see an opportunity to learn, I jump right into it—whether it’s a quest, project, internship, or competition like the one you’re conducting now.","Learning and hobbies"
"83","Sticking to the goal","No feeling","No feeling poster 9/15","TO SOURCE","— TO SOURCE —","","10","6","B","67","no central place to have everything about quality content that I have consumed, want to consume","Learning and hobbies"
"83","Sticking to the goal","No feeling","No feeling poster 9/15","TO SOURCE","— TO SOURCE —","","10","7","B","67","I don't like doing that at all.","Beauty and self-care"
"83","Sticking to the goal","No feeling","No feeling poster 9/15","TO SOURCE","— TO SOURCE —","","10","8","B","67","i love reading so most of my time gets spend in there","Learning and hobbies"
"83","Sticking to the goal","No feeling","No feeling poster 9/15","TO SOURCE","— TO SOURCE —","","10","9","B","67","Deciding when to go to gym and what are the exact exercises, etc I want to do. Are there any activities I can do around this","Fitness and wellness"
"83","Sticking to the goal","No feeling","No feeling poster 9/15","TO SOURCE","— TO SOURCE —","","10","10","B","67","Well, I have to move!! And that seems like a task! At the end of the day - the same guilt and promise of starting 'afresh ' tomorrow! Waiting for the DAY!","Fitness and wellness"
"84","Sticking to the goal","No feeling","No feeling poster 10/15","TO SOURCE","— TO SOURCE —","","10","1","B","67","I had planned to spend an evening learning a new skill, but after getting back from college, I kept telling myself I’d start after a short break. One video became scrolling, and by the end of the night I had done nothing.","Learning and hobbies"
"84","Sticking to the goal","No feeling","No feeling poster 10/15","TO SOURCE","— TO SOURCE —","","10","2","B","67","Too occupied to make time for gym/running","Fitness and wellness"
"84","Sticking to the goal","No feeling","No feeling poster 10/15","TO SOURCE","— TO SOURCE —","","10","3","B","67","I tend to forget things without proper revision","Learning and hobbies"
"84","Sticking to the goal","No feeling","No feeling poster 10/15","TO SOURCE","— TO SOURCE —","","10","4","B","67","Coursera search to find what fits my CV only to end up nowhere with a list of useless points from ChatGPT.","Learning and hobbies"
"84","Sticking to the goal","No feeling","No feeling poster 10/15","TO SOURCE","— TO SOURCE —","","10","5","B","67","I am currently learning tools and programming languages related to my scope of study.I was a beginner, my college professors and some online mentors gave a path, Constant learning even if I do not feel like doing it","Learning and hobbies"
"84","Sticking to the goal","No feeling","No feeling poster 10/15","TO SOURCE","— TO SOURCE —","","10","6","B","67","pondering what to learn, how to learn and verify if i am learning correctly","Learning and hobbies"
"84","Sticking to the goal","No feeling","No feeling poster 10/15","TO SOURCE","— TO SOURCE —","","10","7","B","67","I was at my desk at home trying to build a basic web app. I followed a tutorial exactly, but my code kept throwing an error. I spent three hours changing variables and looking at forums. I felt completely stupid and defeated. It turned out I had just missed a single closing bracket.","Learning and hobbies"
"84","Sticking to the goal","No feeling","No feeling poster 10/15","TO SOURCE","— TO SOURCE —","","10","8","B","67","I am interested in learning so whenever i got time, I study something or learn some new skill","Learning and hobbies"
"84","Sticking to the goal","No feeling","No feeling poster 10/15","TO SOURCE","— TO SOURCE —","","10","9","B","67","Don't get the right people or more of people of my vibe.","Learning and hobbies"
"84","Sticking to the goal","No feeling","No feeling poster 10/15","TO SOURCE","— TO SOURCE —","","10","10","B","66","Going to work and knowing what do today at the gym (I use the cult app for recommendations) but every now and then I have temptation to change the work regime","Health and medical"
"85","Sticking to the goal","No feeling","No feeling poster 11/15","TO SOURCE","— TO SOURCE —","","10","1","B","66","I was doing yoga at 6 am for a week long, then I slept long, then it was already around 8 am, so i decided its already late, so i went back to sleep and now i am not soing yoga for more than a week","Health and medical"
"85","Sticking to the goal","No feeling","No feeling poster 11/15","TO SOURCE","— TO SOURCE —","","10","2","B","66","As I am a man, I do not do any beauty care.","Beauty and self-care"
"85","Sticking to the goal","No feeling","No feeling poster 11/15","TO SOURCE","— TO SOURCE —","","10","3","B","66","My skin is very oil and sensitive. It is recommended to wash face every night before sleeping and do some skin care but honestly I follow this very rarely.","Beauty and self-care"
"85","Sticking to the goal","No feeling","No feeling poster 11/15","TO SOURCE","— TO SOURCE —","","10","4","B","66","Track exercise and health trackers","Fitness and wellness"
"85","Sticking to the goal","No feeling","No feeling poster 11/15","TO SOURCE","— TO SOURCE —","","10","5","B","66","I was 75 then 47 and currently at the middle of these 2 in weight. Seen my highs and lows in both life and weight.","Fitness and wellness"
"85","Sticking to the goal","No feeling","No feeling poster 11/15","TO SOURCE","— TO SOURCE —","","10","6","B","66","Well, I'm naturally not an active person so it takes a lot of mentally convincing myself to go workout","Fitness and wellness"
"85","Sticking to the goal","No feeling","No feeling poster 11/15","TO SOURCE","— TO SOURCE —","","10","7","B","66","I want to be fit and in shape but the classes timings of my yoga class don't work for me most of the times","Fitness and wellness"
"85","Sticking to the goal","No feeling","No feeling poster 11/15","TO SOURCE","— TO SOURCE —","","10","8","B","66","The cult gym is too far away and booking a rapido back and forth (and waiting for someone to accept) takes away the motivation","Fitness and wellness"
"85","Sticking to the goal","No feeling","No feeling poster 11/15","TO SOURCE","— TO SOURCE —","","10","9","B","66","I don't feel motivated, I want to do it but can't.","Learning and hobbies"
"85","Sticking to the goal","No feeling","No feeling poster 11/15","TO SOURCE","— TO SOURCE —","","10","10","B","66","Just trying to build a general habit of reading more books to learn and grow. Also, go out and socialize more","Learning and hobbies"
"86","Sticking to the goal","No feeling","No feeling poster 12/15","TO SOURCE","— TO SOURCE —","","10","1","B","66","I just do it because people point me of my skin everytime","Beauty and self-care"
"86","Sticking to the goal","No feeling","No feeling poster 12/15","TO SOURCE","— TO SOURCE —","","10","2","B","66","I love learning new hobbies. I go to YT videos then collab or play with best players.  I love new hobbies.","Learning and hobbies"
"86","Sticking to the goal","No feeling","No feeling poster 12/15","TO SOURCE","— TO SOURCE —","","10","3","B","66","It takes lot of time to search additional information while reading on internet.","Learning and hobbies"
"86","Sticking to the goal","No feeling","No feeling poster 12/15","TO SOURCE","— TO SOURCE —","","10","4","B","66","well i do work out - just not consistently. weekends are always working out / pushing the body zone and in the weekdays life happens and i just want to eat and sleep. and beer.","Fitness and wellness"
"86","Sticking to the goal","No feeling","No feeling poster 12/15","TO SOURCE","— TO SOURCE —","","10","5","B","66","Learning is Fun until u don't understand anything and then you go roundabout to AI help but then it doesn't help much as it is not familiar with my curriculum so I just give up","Learning and hobbies"
"86","Sticking to the goal","No feeling","No feeling poster 12/15","TO SOURCE","— TO SOURCE —","","10","6","B","66","Regular hair care(wash, spa, conditioning), skincare for pimples(gets worse with the growing pollution), regular waxing","Beauty and self-care"
"86","Sticking to the goal","No feeling","No feeling poster 12/15","TO SOURCE","— TO SOURCE —","","10","7","B","66","Re-finding where I left off across a course I've signed up for either on YouTube and on some app.","Learning and hobbies"
"86","Sticking to the goal","No feeling","No feeling poster 12/15","TO SOURCE","— TO SOURCE —","","10","8","B","66","Like i love to lear new things and get it done i even starts it but ya after 2 days i doo not even rembere that i had started this","Learning and hobbies"
"86","Sticking to the goal","No feeling","No feeling poster 12/15","TO SOURCE","— TO SOURCE —","","10","9","B","66","I am learning using chatgpt and youtube videos these days.","Learning and hobbies"
"86","Sticking to the goal","No feeling","No feeling poster 12/15","TO SOURCE","— TO SOURCE —","","10","10","B","66","honestly i didnt have any hobby i do a work and start enjoying it","Learning and hobbies"
"87","Sticking to the goal","No feeling","No feeling poster 13/15","TO SOURCE","— TO SOURCE —","","10","1","B","66","I forget how to or find out or organize the resources properly","Learning and hobbies"
"87","Sticking to the goal","No feeling","No feeling poster 13/15","TO SOURCE","— TO SOURCE —","","10","2","B","66","maybe reading a book i procastinate a lot about it","Learning and hobbies"
"87","Sticking to the goal","No feeling","No feeling poster 13/15","TO SOURCE","— TO SOURCE —","","10","3","B","66","i enjoy learning new things ,  i like to do productive things , it doesn't mean i don't enjoy, but both the relaxment and learning should be balanced","Learning and hobbies"
"87","Sticking to the goal","No feeling","No feeling poster 13/15","TO SOURCE","— TO SOURCE —","","10","4","B","66","I start and never finish. Not all hobbies suit all personalities","Learning and hobbies"
"87","Sticking to the goal","No feeling","No feeling poster 13/15","TO SOURCE","— TO SOURCE —","","10","5","B","66","I know I like to learn a lot of things but I am also a perfectionist and can't accept the fact that I am not good at something which I won't be because I have started just now but still can't accept it and then leave that hobby either the 1st week or never start.","Learning and hobbies"
"87","Sticking to the goal","No feeling","No feeling poster 13/15","TO SOURCE","— TO SOURCE —","","10","6","B","66","There's so much to learn and so little time","Learning and hobbies"
"87","Sticking to the goal","No feeling","No feeling poster 13/15","TO SOURCE","— TO SOURCE —","","10","7","B","66","I just totally depends on my mood if i feel like it i would just do it. No need for any external agent","Learning and hobbies"
"87","Sticking to the goal","No feeling","No feeling poster 13/15","TO SOURCE","— TO SOURCE —","","10","8","B","66","I have really let my self go in terms of cosmetic & aesthetic self care","Beauty and self-care"
"87","Sticking to the goal","No feeling","No feeling poster 13/15","TO SOURCE","— TO SOURCE —","","10","9","B","66","Unable to complete it, I started it. Take it for sometime, but then again it gets stopped, and then it gets left behind.","Learning and hobbies"
"87","Sticking to the goal","No feeling","No feeling poster 13/15","TO SOURCE","— TO SOURCE —","","10","10","B","66","I don't know where I saw something first.","Learning and hobbies"
"88","Sticking to the goal","No feeling","No feeling poster 14/15","TO SOURCE","— TO SOURCE —","","10","1","B","65","Going to the gym on the same time everyday","Health and medical"
"88","Sticking to the goal","No feeling","No feeling poster 14/15","TO SOURCE","— TO SOURCE —","","10","2","B","65","I am so motivated to exercise but couldn't make time for it as already involved in other activities","Fitness and wellness"
"88","Sticking to the goal","No feeling","No feeling poster 14/15","TO SOURCE","— TO SOURCE —","","10","3","B","65","Managing my weight and fitness given travel and work","Fitness and wellness"
"88","Sticking to the goal","No feeling","No feeling poster 14/15","TO SOURCE","— TO SOURCE —","","10","4","B","65","It's mostly that I am not able to prioritize time to do the task to learn how to code or maybe try different things","Learning and hobbies"
"88","Sticking to the goal","No feeling","No feeling poster 14/15","TO SOURCE","— TO SOURCE —","","10","5","B","65","Starting to learn swimming was a challenge to me as an adult (no prior experience). Joined a club to start, that too 6 in the morning!","Learning and hobbies"
"88","Sticking to the goal","No feeling","No feeling poster 14/15","TO SOURCE","— TO SOURCE —","","10","6","B","65","I have a great interest in fitness but currently i am not in track","Fitness and wellness"
"88","Sticking to the goal","No feeling","No feeling poster 14/15","TO SOURCE","— TO SOURCE —","","10","7","B","65","Keeping up with the news, I have recently started using AI newsletters and briefs to keep up with the news","Learning and hobbies"
"88","Sticking to the goal","No feeling","No feeling poster 14/15","TO SOURCE","— TO SOURCE —","","10","8","B","65","usually will procrasatinate, not end up not doing that task and it piles up making it a burden for everyone","Learning and hobbies"
"88","Sticking to the goal","No feeling","No feeling poster 14/15","TO SOURCE","— TO SOURCE —","","10","9","B","65","I do not seem to find anytime to get around to it despite having domestic support for household chores","Learning and hobbies"
"88","Sticking to the goal","No feeling","No feeling poster 14/15","TO SOURCE","— TO SOURCE —","","10","10","B","65","Finding an instructor for the piano who will come over and teach you. Coordinate schedules for classes.","Learning and hobbies"
"89","Sticking to the goal","No feeling","No feeling poster 15/15","TO SOURCE","— TO SOURCE —","","1","1","B","65","I have so much acne at my last one year very much so I had to follower Richard skin care to prevent acne","Beauty and self-care"
"90","Where did my money go?","Overwhelm","Overwhelm poster 1/3","assigned","American Express — bank/card","AMERICAN-EXPRESS.jpg","10","1","A","89","Every few days, I end up playing accountant for my friends—tracking our daily food and travel expenses and figuring out who owes what. The frustrating part is when everything piles up after 5 days. I have to remember: who actually ate, what they ate, and how much it cost. ₹40 chat + ₹10 Coke + my ₹20 samosa sounds simple on the day, but five days later, nobody remembers who had what. So I’m left reconstructing everyone’s expenses just to split the bill correctly. 😭","Money, investing and insurance"
"90","Where did my money go?","Overwhelm","Overwhelm poster 1/3","assigned","American Express — bank/card","AMERICAN-EXPRESS.jpg","10","2","A","87","Every month my pocket money comes in and I just stare at the number in my banking app, some goes to mess bills, some to random spends I don't track, and the rest just sits idle in savings. I downloaded an investment app once on a friend's suggestion but closed it after seeing thirty fund options with terms like NAV and expense ratio I didn't understand. At BITS where tuition already costs my family a lot, I want my leftover money to grow, but nobody's shown me how to actually start with a few thousand rupees without a weekend of research first.","Money, investing and insurance"
"90","Where did my money go?","Overwhelm","Overwhelm poster 1/3","assigned","American Express — bank/card","AMERICAN-EXPRESS.jpg","10","3","A","85","I usually analyse skincare products based on their chemical compounds and what each ingredient actually does rather than buying based on brand or marketing. I compare the ingredients, their intended benefits, concentrations where available, and prices across products to see whether I’m actually getting enough value for the money. Sometimes I spend more time researching the formulation than deciding what to buy, and I often end up not buying the product if I feel the formulation doesn’t justify the price. I then look for an alternative with a better value-to-benefit ratio.","Beauty and self-care"
"90","Where did my money go?","Overwhelm","Overwhelm poster 1/3","assigned","American Express — bank/card","AMERICAN-EXPRESS.jpg","10","4","A","84","I was trying to buy a new skincare product and ended up spending much more time researching than I expected. I had to compare a few products, check the ingredients, read reviews, figure out whether they were suitable for me and then compare prices across different apps. I kept opening different websites and going back and forth because every product claimed to solve the same problem. The annoying part was that I wasn't looking for hundreds of options—I just wanted someone to narrow it down to two or three sensible choices and tell me why.","Beauty and self-care"
"90","Where did my money go?","Overwhelm","Overwhelm poster 1/3","assigned","American Express — bank/card","AMERICAN-EXPRESS.jpg","10","5","A","83","I need to manage my savings better, but every time I try to do something it ends up being too many choices, confusing advices,endless yt videos and time is gone. It's been almost an yr that I have been planning for them, but nothing happened","Money, investing and insurance"
"90","Where did my money go?","Overwhelm","Overwhelm poster 1/3","assigned","American Express — bank/card","AMERICAN-EXPRESS.jpg","10","6","A","81","Researching the correct instruments to fund in. I have to keep track of all the expenses by going into specific apps, i need an assistant you can manage my expenses, guide me when i make irrational expense, or when i am spending beyond thresholds. Since my spending is across apps and across different banks, current solutions fail to track and monitor","Money, investing and insurance"
"90","Where did my money go?","Overwhelm","Overwhelm poster 1/3","assigned","American Express — bank/card","AMERICAN-EXPRESS.jpg","10","7","A","81","Recently, I was trying to plan an outing with a group of friends. We first had to decide where to go, then figure out everyone's availability, budget and how we would get there. People kept changing their plans or replying late, so the plan kept moving around. We ended up spending almost as much time in the group chat deciding what to do as we actually spent on the outing.","Going out and entertainment"
"90","Where did my money go?","Overwhelm","Overwhelm poster 1/3","assigned","American Express — bank/card","AMERICAN-EXPRESS.jpg","10","8","B","79","One time, my friends and I were trying to plan a movie and dinner. What should have taken 10 minutes turned into a mess—everyone had different movie preferences, budgets, and food choices. I ended up checking show timings, comparing places, sharing screenshots in the group chat, and still getting messages like, “You guys decide.” In the end, we spent more time planning the outing than actually enjoying it.","Going out and entertainment"
"90","Where did my money go?","Overwhelm","Overwhelm poster 1/3","assigned","American Express — bank/card","AMERICAN-EXPRESS.jpg","10","9","B","78","I was trying to research basic investment options and schemes suitable for students. Despite searching on YouTube and Google, I only found scattered, sponsored, or overly complex information instead of clear, step-by-step guidance. On top of that, manually tracking my monthly UPI micro-expenses across apps to figure out how much I could even save was so overwhelming that I just gave up and postponed it.","Money, investing and insurance"
"90","Where did my money go?","Overwhelm","Overwhelm poster 1/3","assigned","American Express — bank/card","AMERICAN-EXPRESS.jpg","10","10","B","77","I often falter on tracking my expenses, although there are apps for it, I have privacy concerns. When it comes to investing, researching equities or funds to invest in is a daunting task","Money, investing and insurance"
"91","Where did my money go?","Overwhelm","Overwhelm poster 2/3","assigned","Syndicate Bank","SYNDICATE BANK.jpg","10","1","B","76","I was trying to buy a basic skincare product and ended up spending way too much time comparing different options. I was checking reviews, ingredients, prices, and watching videos to figure out which one would actually suit me. In the end I still wasn't completely sure if I was making the right choice.","Beauty and self-care"
"91","Where did my money go?","Overwhelm","Overwhelm poster 2/3","assigned","Syndicate Bank","SYNDICATE BANK.jpg","10","2","B","75","I have an infant daughter and while I love spending time with her and even took a break from my job to be with her more, figuring out what she should eat, cooking it and also feeding her, are quite challenging","Kids and school"
"91","Where did my money go?","Overwhelm","Overwhelm poster 2/3","assigned","Syndicate Bank","SYNDICATE BANK.jpg","10","3","B","75","I am the one planning the trip usually and it means spending time researching about the destination, finding what my family will like and where can we eat etc","Going out and entertainment"
"91","Where did my money go?","Overwhelm","Overwhelm poster 2/3","assigned","Syndicate Bank","SYNDICATE BANK.jpg","10","4","B","75","I can’t decide what to order on Swiggy/zomato or eat at a new place idk if the things i explore would be fulfilling/ tasty but I’ll end up spending money anyways and the things I have tried i try to stick to those but I get bored of it","Food and eating out"
"91","Where did my money go?","Overwhelm","Overwhelm poster 2/3","assigned","Syndicate Bank","SYNDICATE BANK.jpg","10","5","B","74","I had to get my mom's car serviced and ended up spending way more time coordinating it than the actual service. I had to find a service centre, call to check availability, arrange a drop-off, figure out what needed fixing, and then keep following up to see if it was ready. Then there was the usual back-and-forth about the bill and when I could pick it up. It was mostly just annoying because I had to keep remembering to chase them.","Getting around and vehicles"
"91","Where did my money go?","Overwhelm","Overwhelm poster 2/3","assigned","Syndicate Bank","SYNDICATE BANK.jpg","10","6","B","73","Tallying and tracking my expenses, but when I miss out on a few days it becomes difficult recalling and figuring it out","Money, investing and insurance"
"91","Where did my money go?","Overwhelm","Overwhelm poster 2/3","assigned","Syndicate Bank","SYNDICATE BANK.jpg","10","7","B","72","Basically, I had to start an SIP and open a Fixed Deposit, but it felt so overwhelming to see where to place my money and what to track","Money, investing and insurance"
"91","Where did my money go?","Overwhelm","Overwhelm poster 2/3","assigned","Syndicate Bank","SYNDICATE BANK.jpg","10","8","B","72","I was trying to learn something new and kept bouncing between YouTube videos, articles, and courses. I’d start with one topic, find a good resource, then realise it assumed I already knew something else, so I’d go down another rabbit hole. After saving a bunch of videos and links, I still didn’t have a clear path or know what I should actually learn next. The annoying part was spending more time figuring out what to learn and which resource to use than actually learning.","Learning and hobbies"
"91","Where did my money go?","Overwhelm","Overwhelm poster 2/3","assigned","Syndicate Bank","SYNDICATE BANK.jpg","10","9","B","72","I often decide that I want to learn something new, like DSA, full-stack development, or AI, and save videos, courses, and tutorials to start later. But when I finally have free time, I end up spending too much time deciding what to learn first and where to start. I keep postponing it and move on to something else.","Learning and hobbies"
"91","Where did my money go?","Overwhelm","Overwhelm poster 2/3","assigned","Syndicate Bank","SYNDICATE BANK.jpg","10","10","B","71","I was trying to learn a new technical topic for college and started looking for a good tutorial online. I ended up opening YouTube, Google, Reddit and several websites. Each source explained a different part, but I couldn't figure out which one to follow. I kept switching between videos and notes, checking whether the information was correct and trying to decide what to study next. After spending more time finding the right resources than actually learning, I eventually gave up for the day.","Learning and hobbies"
"92","Where did my money go?","Overwhelm","Overwhelm poster 3/3","assigned","Chartered Bank — savings","thechartedbank.jpg","6","1","B","70","I was sitting at home on the 1st of the month trying to pay off my credit cards and transfer rent. I had to log into four different bank apps, figure out which card had reward points expiring soon, and double-check every transaction manually because autodebit gives me anxiety about hidden charges.","Money, investing and insurance"
"92","Where did my money go?","Overwhelm","Overwhelm poster 3/3","assigned","Chartered Bank — savings","thechartedbank.jpg","6","2","B","68","I am always thing where to invest , I at first do the research then in the end i ended up with the fear of lossing the money.","Money, investing and insurance"
"92","Where did my money go?","Overwhelm","Overwhelm poster 3/3","assigned","Chartered Bank — savings","thechartedbank.jpg","6","3","B","67","I was trying to learn a new technical skill, but I got overwhelmed by the number of courses, YouTube videos, tutorials, and resources available. I kept jumping between different sources without knowing what to follow first or whether I was actually making progress. I ended up spending more time deciding what to learn than actually learning it.","Learning and hobbies"
"92","Where did my money go?","Overwhelm","Overwhelm poster 3/3","assigned","Chartered Bank — savings","thechartedbank.jpg","6","4","B","66","Figuring out which beauty/self-care products are appropriate for me without spending hours researching them.","Beauty and self-care"
"92","Where did my money go?","Overwhelm","Overwhelm poster 3/3","assigned","Chartered Bank — savings","thechartedbank.jpg","6","5","B","65","Tax related declaration support from my CA who is not very responsive over calls or text. Wanted to check ways to save tax this financial year. Even filing tax required multiple follow ups","Money, investing and insurance"
"92","Where did my money go?","Overwhelm","Overwhelm poster 3/3","assigned","Chartered Bank — savings","thechartedbank.jpg","6","6","B","65","As a beginner, I don't know where to begin and what budget to keep to buy beauty products for a simple morning beauty ritual.","Beauty and self-care"
"93","Where did my money go?","Repetitive","Repetitive poster 1/3","assigned","Indian Overseas Bank","bank.jpg","10","1","A","89","I am a student living away from home and my monthly budget is a haywire (and that's on me only because of how I splurge on stuff) and the worst part is that I have no track of where I am spending. About a month ago, I started keeping track of my spendings - date, amount, payment mode and a remark to remember what the spend was for. I note all of this down in a Google sheets which I open on my phone anytime I make a payment. But there are times when I find this task of logging in my expenses very dreary. I don't feel like typing down everything time and again. But the problem is using existing apps feels overwhelming with all the elements they have in the UI.","Money, investing and insurance"
"93","Where did my money go?","Repetitive","Repetitive poster 1/3","assigned","Indian Overseas Bank","bank.jpg","10","2","A","89","So since so long I've been trying to track my expenses in buckets like entertainment, groceries, travel etc with sub buckets to analyse where exactly my money is going in a month. I thought od putting my bank statements into claude but then it won't be able to know the exact upi transactions and for that I will have to upload my UPI transaction history but again claude would'nt know which particular person I have paid to. So basically I want some agent who can read my contact list, my gpay history, my bank statements and generate a summary of my expenses at the end of each month.","Money, investing and insurance"
"93","Where did my money go?","Repetitive","Repetitive poster 1/3","assigned","Indian Overseas Bank","bank.jpg","10","3","A","88","I maintain a separate bank account for GPay so that my salary account which generally has a larger sum of money is not exposed on UPI (with all the scams going on). So I send 15-20k at a time but that gets over soon, in which case I have to open net banking and do a transfer. Sometimes the money gets over without me knowing and I don't even have money to pay the vegetable vendor.","Money, investing and insurance"
"93","Where did my money go?","Repetitive","Repetitive poster 1/3","assigned","Indian Overseas Bank","bank.jpg","10","4","A","87","I track all my expenditures every month from my credit card statements and bank statements. I need to categorise them and assign a owner (money spent for me only / wife only / me & wife / friends) and I also calculate my net worth every month. I also update a if-i-die document that is a single source of truth for what my family should know about my assets and finances if I pass away. I have a self-built app to do all of this. The platform parses my statements and largely categorizes spending on its own. But I’ve to assign owners to transactions and calculate my networth on my own.","Money, investing and insurance"
"93","Where did my money go?","Repetitive","Repetitive poster 1/3","assigned","Indian Overseas Bank","bank.jpg","10","5","A","84","Ah yes. I’m a student, and I believe many students like me live far from home for college. We receive a monthly budget, but we don’t always know how to manage it smartly, invest it, or plan our expenses. As a result, we often end up spending it all. If our spending were analysed properly, a portion of that money could potentially be saved and even invested.","Money, investing and insurance"
"93","Where did my money go?","Repetitive","Repetitive poster 1/3","assigned","Indian Overseas Bank","bank.jpg","10","6","A","81","I can never keep track of deals that match my salary cycle. I come across deals either at the middle or the end of the month, when I have the least amount of money to spend. I spend a ton somewhere, and then a few days later the similar products will be on sale elsewhere. I fit into a very common size also, which means my size goes out of stock first, and it'd be nice to be if I could find sales/items early on so I can beat that.","Shopping and deals"
"93","Where did my money go?","Repetitive","Repetitive poster 1/3","assigned","Indian Overseas Bank","bank.jpg","10","7","A","81","I have to track my expenses for the past 3 months. Need to put it in an excel tracker from my transactions history. The load keeps building up, but I don't have the time or energy for it.","Money, investing and insurance"
"93","Where did my money go?","Repetitive","Repetitive poster 1/3","assigned","Indian Overseas Bank","bank.jpg","10","8","A","80","Keeping a track of money spent - daily;   Largely the problem lies in personal transfers as business account(eg. swiggy, wakefit, punjab grill) are easily accountable for by an LLM.   But given >50% transactions are P2P transfers - it needs a muscle for tracking these daily & writing somewhere down.","Money, investing and insurance"
"93","Where did my money go?","Repetitive","Repetitive poster 1/3","assigned","Indian Overseas Bank","bank.jpg","10","9","A","80","keeping track of mutual funds that i have closed and online investments i have made but forgotten. I found that I had over a lakh of rupees I didn't know about. Also I don't know what to do with the excess money I have.","Money, investing and insurance"
"93","Where did my money go?","Repetitive","Repetitive poster 1/3","assigned","Indian Overseas Bank","bank.jpg","10","10","B","78","My friends owe me a lot of money, but I can never ask them. We have our owed amounts shown on Splitwise, but it's not enough to remind them to pay.","Money, investing and insurance"
"94","Where did my money go?","Repetitive","Repetitive poster 2/3","assigned","United Bank of India — savings","united bank 2.jpg","10","1","B","78","So I use two different upi accounts sometimes they record different payment transaction for a unified bank account, Know when I have to apply for ipo or something, or even I need to buy something you know the amount that I have left with me and the amount I have spent is not properly known to me ... Leading overspending and all  Know i no some ipo are coming know I want to, you know already keep amount of fund and give it an auto apply system to it . Similar some stock I need to average on ... So I need to constantly check share prices it would be better if get a you know real time notification for that.","Money, investing and insurance"
"94","Where did my money go?","Repetitive","Repetitive poster 2/3","assigned","United Bank of India — savings","united bank 2.jpg","10","2","B","77","Transferring money between my 2 accounts that I maintain - one ia the main account with larger sum of money, and the other one that I use only for applying for IPOs. Then, transferring it back to the main account after IPO ends.","Money, investing and insurance"
"94","Where did my money go?","Repetitive","Repetitive poster 2/3","assigned","United Bank of India — savings","united bank 2.jpg","10","3","B","77","Its really difficult to keep regular track of expenditure. My balance sheets always gets piled up being un-organised. I somehow end up loosing the money before the end the of month","Money, investing and insurance"
"94","Where did my money go?","Repetitive","Repetitive poster 2/3","assigned","United Bank of India — savings","united bank 2.jpg","10","4","B","75","Tracking my expenses on a weekly basis, trying to remember why I paid where I paid. Also updating my net worth every month.","Money, investing and insurance"
"94","Where did my money go?","Repetitive","Repetitive poster 2/3","assigned","United Bank of India — savings","united bank 2.jpg","10","5","B","74","not getting customed messages for my stock investments  not having track of my payments which type of spending causes how much spend when to ask for pocket money from parents","Money, investing and insurance"
"94","Where did my money go?","Repetitive","Repetitive poster 2/3","assigned","United Bank of India — savings","united bank 2.jpg","10","6","B","74","Currently, I am a college student however I have had worked before, and I have saved some cash for my college's daily expenses. However, I feel if I plan it well and keep investing the savings again and again I can get an edge via compounding and save some money even for my future instead of spending it all here.","Money, investing and insurance"
"94","Where did my money go?","Repetitive","Repetitive poster 2/3","assigned","United Bank of India — savings","united bank 2.jpg","10","7","B","73","keeping track of expenses, investments and shuffling them to keep them secure.","Money, investing and insurance"
"94","Where did my money go?","Repetitive","Repetitive poster 2/3","assigned","United Bank of India — savings","united bank 2.jpg","10","8","B","73","O and my husband do the budgeting at the beginning of every month. Pay off credit cards, EMI, plan for month etc etc. But not able to get a clear picture on the spends of previous month, we use different cards, different forms of payment depending on the kind of expenditure. It’s a task.","Money, investing and insurance"
"94","Where did my money go?","Repetitive","Repetitive poster 2/3","assigned","United Bank of India — savings","united bank 2.jpg","10","9","B","72","I think i have to manage my saving and expenses and keep a tally once every week and that time taking and frustating","Money, investing and insurance"
"94","Where did my money go?","Repetitive","Repetitive poster 2/3","assigned","United Bank of India — savings","united bank 2.jpg","10","10","B","71","I use UPI most of the time, but run out of cash once a month, every month I have to go to the ATM and withdraw 5k just for the safety","Money, investing and insurance"
"95","Where did my money go?","Repetitive","Repetitive poster 3/3","assigned","United Commercial Bank","unitedcommercialbank.jpg","4","1","B","69","Every single month I have to re-evaluate where to put my money so it stays safe and liquid. Just draining.","Money, investing and insurance"
"95","Where did my money go?","Repetitive","Repetitive poster 3/3","assigned","United Commercial Bank","unitedcommercialbank.jpg","4","2","B","68","It’s really hard to keep track of my spending across different apps, stick to a budget, and constantly monitor how my investments are performing.","Money, investing and insurance"
"95","Where did my money go?","Repetitive","Repetitive poster 3/3","assigned","United Commercial Bank","unitedcommercialbank.jpg","4","3","B","68","Same repetitive boring food in the price range that sustainable for eating everyday under budget","Food and eating out"
"95","Where did my money go?","Repetitive","Repetitive poster 3/3","assigned","United Commercial Bank","unitedcommercialbank.jpg","4","4","B","66","budgeting and saving up and investing that saving! i just end up over spending because i didnt track my exoenditures","Money, investing and insurance"
"96","Where did my money go?","Frustration","Frustration poster 1/3","assigned","Canara Bank","canara bank.jpg","10","1","A","86","I was going through my UPI transaction history trying to figure out where my money had disappeared that month. There were small payments everywhere — food, travel, subscriptions, college expenses and random purchases — and none of them seemed significant on their own. I kept scrolling through transactions, mentally categorising them and trying to remember what each payment was actually for. By the end, I had a rough idea of where my money went, but not a useful picture of where I was overspending or what I should change. I wish I could just hand this to an assistant that understood my transactions, automatically categorised them, noticed patterns and told me, in simple terms, what I should pay attention to.","Money, investing and insurance"
"96","Where did my money go?","Frustration","Frustration poster 1/3","assigned","Canara Bank","canara bank.jpg","10","2","A","86","I was trying to get a clear picture of where my money had gone over the past month. I had transactions spread across UPI, bank payments, and other expenses, so I ended up going through transaction histories and manually separating deposits, withdrawals, and different types of spending. It was frustrating because none of the information was really difficult to understand, but putting it all together, checking the numbers, and figuring out what I should actually do with the money took far more time than it should have. I wanted a simple answer like “this is where your money went, this is what you can save, and this is what you should look at next,” but getting there was mostly manual work.","Money, investing and insurance"
"96","Where did my money go?","Frustration","Frustration poster 1/3","assigned","Canara Bank","canara bank.jpg","10","3","A","85","I was trying to figure out where my money had actually gone that month. I had to go through bank statements, UPI transactions, credit card spends and random receipts, then manually categorise everything into food, travel, shopping, subscriptions, etc. A bunch of transactions weren’t obvious, so I had to think back to what I’d actually bought. It was just tedious enough that I kept postponing it until I had a huge pile of expenses to sort through","Money, investing and insurance"
"96","Where did my money go?","Frustration","Frustration poster 1/3","assigned","Canara Bank","canara bank.jpg","10","4","A","85","I frequently miss out on booking tables at all the in-demand locations in Bangalore like Naru and Pizza 4 P's.   Also, figuring out timing, prices, location for a group movie viewing gets tiring because it's tough to a show that's budget friendly, not too far and at a time that works for everyone.","Going out and entertainment"
"96","Where did my money go?","Frustration","Frustration poster 1/3","assigned","Canara Bank","canara bank.jpg","10","5","A","84","The one thing that I remember was when I went to dinner and a movie with my friends. We had arranged everything in advance, but at the place we arrived, the film we were interested in was sold out. We had to quickly determine what to do next and see other show times. We discussed it with everybody and decided to go to a later show after which we had some time at a local café. The greatest difficulty was matching everyone's preferences, budget and timing. There were some changes, but we adapted and still had a great time together. I learned that it is better to be flexible than make too good of a plan when with friends.","Going out and entertainment"
"96","Where did my money go?","Frustration","Frustration poster 1/3","assigned","Canara Bank","canara bank.jpg","10","6","A","83","I have shifted recently from regular Mutual SIP to Direct. So, before selecting the which mutual fund to buy i wanted to have good basic fundamental of Mutual funds & also other types of investment opportunity. But, now i have end up spending more than 4 months & still didn't finished reading the complete Zerodha Mutual fund guide. So, its frustrating that i want to start investment asap at the same time i don't want to skip any basic fundament that leads to selecting wrong mutual fund against my financial goal.","Money, investing and insurance"
"96","Where did my money go?","Frustration","Frustration poster 1/3","assigned","Canara Bank","canara bank.jpg","10","7","A","82","I was sitting in my hostel room trying to structure my preparation for an upcoming consulting case competition. I remembered seeing a brilliant framework PDF in a massive batch-wide Telegram group a week ago, a useful medium article on LinkedIn, and some specific notes a senior had texted me on WhatsApp. I ended up spending forty minutes aimlessly scrolling back through media logs, digging through my browser history, and opening five different bookmarked tabs just to compile the basic reading materials before I could even start studying.","Learning and hobbies"
"96","Where did my money go?","Frustration","Frustration poster 1/3","assigned","Canara Bank","canara bank.jpg","10","8","A","81","My preference for my food choices should align with the offer. I hate spending alott on food, so I like it when it has offer. But I almost unaware ehn the major fast food chain launches it and I realise it afterwards.","Food and eating out"
"96","Where did my money go?","Frustration","Frustration poster 1/3","assigned","Canara Bank","canara bank.jpg","10","9","A","80","Lately, the ITR - painful, but luckily I used an online helper (INDMoney) to autofill for me.","Money, investing and insurance"
"96","Where did my money go?","Frustration","Frustration poster 1/3","assigned","Canara Bank","canara bank.jpg","10","10","B","79","Doing tax related things every year. I forget the process, and everything around it. I struggle a lot with that every year. I don't even understand the things my CA asks. They also struggle a lot with me explaining things every time.","Money, investing and insurance"
"97","Where did my money go?","Frustration","Frustration poster 2/3","TO SOURCE","— TO SOURCE —","","10","1","B","76","Manually recording all my expenditure because some of it happens through a credit card, some through UPI, some through cash and then all of it goes into different categories - groceries, outings, donations, subscriptions. Tracking changes across months and figuring out where I went over-budget is a huge challenge.","Money, investing and insurance"
"97","Where did my money go?","Frustration","Frustration poster 2/3","TO SOURCE","— TO SOURCE —","","10","2","B","76","I often save books, courses and videos I want to learn from, but when I finally get time, I end up spending more time deciding what to learn than actually learning. I wish there were a simple system that knew what I’m interested in and helped me pick up exactly where I left off.","Learning and hobbies"
"97","Where did my money go?","Frustration","Frustration poster 2/3","TO SOURCE","— TO SOURCE —","","10","3","B","75","Difficult to find out about useful research papers or info in general based on my project idea, I rely on random ideas that llms generate and realize it's either impractical or beyond budget. Reading papers is a hassle.","Learning and hobbies"
"97","Where did my money go?","Frustration","Frustration poster 2/3","TO SOURCE","— TO SOURCE —","","10","4","B","75","Since I am college students, managing my money, budgeting and also investment simultaneously gets really tiring, I do want to budget and know where my money is going and what stocks should I invest in, but I have no energy as I am still learning about it","Money, investing and insurance"
"97","Where did my money go?","Frustration","Frustration poster 2/3","TO SOURCE","— TO SOURCE —","","10","5","B","75","I was with friends after class, hungry and exhausted, and we spent 20 minutes deciding where to eat. Everyone had a different preference, and every recommendation felt like an ad.  I want an assistant that knows our food history, likes, dislikes, budget and vibe, and just says: “You’ll like this place. Go.” No promos, no sponsored nonsense, no 47 options.","Food and eating out"
"97","Where did my money go?","Frustration","Frustration poster 2/3","TO SOURCE","— TO SOURCE —","","10","6","B","74","I need to find the place which has good food + Hygiene + fitting in my budget + meeting my calories goal, it takes a lot to find this kind of places further it leads to the frustration","Food and eating out"
"97","Where did my money go?","Frustration","Frustration poster 2/3","TO SOURCE","— TO SOURCE —","","10","7","B","74","I have a very specific clothing preference. And shop online because it's a pain to go to the store. Don't mind spending but my specifications has forced me to hold on to just one brand as it seems perfect. But always look out for other options never really buy due to quality and fitting mismatch.","Shopping and deals"
"97","Where did my money go?","Frustration","Frustration poster 2/3","TO SOURCE","— TO SOURCE —","","10","8","B","73","I was trying to understand where my money was actually going and ended up jumping between different apps, messages and statements. I had to manually check transactions, figure out what was due, and make sure I wasn’t missing anything. Nothing was particularly difficult, but the constant checking and remembering was just annoying.","Money, investing and insurance"
"97","Where did my money go?","Frustration","Frustration poster 2/3","TO SOURCE","— TO SOURCE —","","10","9","B","71","When I sit down to learn something for my career, I usually start with a clear goal, like watching a course or learning a new technical skill. But while searching for resources or watching videos, I get distracted by ads, recommended videos, social media content, and other things that appear along the way. I end up spending more time deciding what to watch or clicking on unrelated content than actually learning. It becomes difficult to stay focused and follow one learning path from start to finish.","Learning and hobbies"
"97","Where did my money go?","Frustration","Frustration poster 2/3","TO SOURCE","— TO SOURCE —","","10","10","B","71","I hate sale in ecom sites. they make me feel like I should take the opportunity to shop and save. I end up spending long hours on finding stuff to buy , only to get frustrated at end and not buying anything at all","Shopping and deals"
"98","Where did my money go?","Frustration","Frustration poster 3/3","TO SOURCE","— TO SOURCE —","","2","1","B","70","It is tough to decide a place which would be in budget and entertaining as well. The research behind it is the most frustrating one.","Going out and entertainment"
"98","Where did my money go?","Frustration","Frustration poster 3/3","TO SOURCE","— TO SOURCE —","","2","2","B","65","It’s difficult to choose among various options and also matching craving with budget and time constraint with hectic work schedule.","Food and eating out"
"99","Where did my money go?","Procrastinate","Procrastinate poster","TO SOURCE","— TO SOURCE —","","6","1","A","82","I kept putting off checking my expenses and organizing my savings. I would think I’d do it at the end of the month, but then I’d get busy and forget. When I finally checked, I had to go through bank messages and UPI transactions to figure out where my money had gone.","Money, investing and insurance"
"99","Where did my money go?","Procrastinate","Procrastinate poster","TO SOURCE","— TO SOURCE —","","6","2","B","77","I was sitting at my hostel desk with a massive Excel sheet open after a major campus club event, trying to settle accounts. I had 15 different junior members texting me random screenshots of UPI payments they made to local vendors for printing, snacks, and banners. Half the screenshots didn't show the transaction ID, some were just a message saying 'done', and my bank statement didn't match the timeline because of server delays. I had to spend three hours manually cross-checking my bank statement against chaotic WhatsApp media dumps just to figure out who owed how much to whom.","Money, investing and insurance"
"99","Where did my money go?","Procrastinate","Procrastinate poster","TO SOURCE","— TO SOURCE —","","6","3","B","76","I really think to learn how to invest money and where to invest money...But I really keep delaying it because I have got no time.","Money, investing and insurance"
"99","Where did my money go?","Procrastinate","Procrastinate poster","TO SOURCE","— TO SOURCE —","","6","4","B","76","I am too lazy to research mutual funds, or keep track of bills, etc. So I have let my money rest in a bank account","Money, investing and insurance"
"99","Where did my money go?","Procrastinate","Procrastinate poster","TO SOURCE","— TO SOURCE —","","6","5","B","76","I set a budget each month. Then forget to document half the spends - it's so easy to lose track when paying takes just a scan - and completely forget where I am","Money, investing and insurance"
"99","Where did my money go?","Procrastinate","Procrastinate poster","TO SOURCE","— TO SOURCE —","","6","6","B","71","As a student, I kept putting off figuring out what to do with the small amount of money I had saved. I would tell myself I needed to understand mutual funds, SIPs and basic investing first, so I kept delaying it.  Eventually, I realised I was spending more time researching what to do than actually doing anything. The task I kept avoiding was simply setting up a small SIP and getting started.","Money, investing and insurance"
"100","Where did my money go?","No feeling","No feeling poster 1/3","TO SOURCE","— TO SOURCE —","","10","1","A","83","One time, I wanted to go out with my friends for dinner and a movie. We spent a lot of time deciding where to go because everyone had different preferences and budgets. Then we had to check movie timings, restaurant availability, travel time, and coordinate everyone’s schedule in WhatsApp. Even after deciding, one friend was late, so we had to change the plan again. It was fun, but the planning and coordination were more stressful than the actual outing","Going out and entertainment"
"100","Where did my money go?","No feeling","No feeling poster 1/3","TO SOURCE","— TO SOURCE —","","10","2","B","79","Planning a weekend outing with friends turned into a full-blown debate. Everyone had different budgets and preferences, so we jumped between Instagram, Google Maps and Zomato checking reviews, prices and distance. After 30 minutes of searching, we basically picked a place because we were tired.","Going out and entertainment"
"100","Where did my money go?","No feeling","No feeling poster 1/3","TO SOURCE","— TO SOURCE —","","10","3","B","79","I had a lump sum amount of money from internship stipend. Just planning my budget and where to put the money troubled me","Money, investing and insurance"
"100","Where did my money go?","No feeling","No feeling poster 1/3","TO SOURCE","— TO SOURCE —","","10","4","B","78","I stay in a hostel, so it’s a constant battle to decide whether to order something to have good food or just save money and eat whatever is prepared in the mess","Food and eating out"
"100","Where did my money go?","No feeling","No feeling poster 1/3","TO SOURCE","— TO SOURCE —","","10","5","B","76","Paste this, changing details if needed:  Last Friday after class, six of us were trying to decide where to eat. Everyone said “anything is fine,” but one person wanted vegetarian food, someone else had a budget, and another wanted somewhere nearby. I kept opening Zomato, sending links in WhatsApp, checking distances and menus, then chasing replies. By the time we decided, two people had left and we just went to the same place as usual.","Food and eating out"
"100","Where did my money go?","No feeling","No feeling poster 1/3","TO SOURCE","— TO SOURCE —","","10","6","B","75","Last Friday after class, six of us were trying to decide where to eat. Everyone said “anything is fine,” but one person wanted vegetarian food, someone else had a budget, and another wanted somewhere nearby. I kept opening Zomato, sending links in WhatsApp, checking distances and menus, then chasing replies. By the time we decided, two people had left and we just went to the same place as usual.","Food and eating out"
"100","Where did my money go?","No feeling","No feeling poster 1/3","TO SOURCE","— TO SOURCE —","","10","7","B","74","Basically I like to invest the money and but I don't have where to invest in how to invest as on my college student  I don't know any specific website to save my money or invest somewhere or I don't know like anything so this is the major problem as I'm minor I don't have any like website to save my money or to save my pocket money so this is the problem I was facing","Money, investing and insurance"
"100","Where did my money go?","No feeling","No feeling poster 1/3","TO SOURCE","— TO SOURCE —","","10","8","B","74","Once we know what to buy, I go and search for deals to save money.","Shopping and deals"
"100","Where did my money go?","No feeling","No feeling poster 1/3","TO SOURCE","— TO SOURCE —","","10","9","B","73","I got my loan sanctioned and I get that money from bank every 3 months. For every 3 months, I have to send them a screenshot or the document on where I am going to it and is it authorized by the person or institution I will be giving to. Very tideous process.","Money, investing and insurance"
"100","Where did my money go?","No feeling","No feeling poster 1/3","TO SOURCE","— TO SOURCE —","","10","10","B","73","I was planning a Sufi night with friends and needed six people to fill a table. I had to get everyone on board, match six different schedules, check if the budget worked for everyone and keep confirming who was actually coming. Then if someone cancelled, I had to find someone else to take their spot and coordinate all over again. What should have been a simple night out turned into a lot of back-and-forth just to make the plan happen.","Going out and entertainment"
"101","Where did my money go?","No feeling","No feeling poster 2/3","TO SOURCE","— TO SOURCE —","","10","1","B","73","Just managing investments and budgeting—where to save, where to put the money, how long to keep it, how to anticipate expenses better","Money, investing and insurance"
"101","Where did my money go?","No feeling","No feeling poster 2/3","TO SOURCE","— TO SOURCE —","","10","2","B","73","Where to order from, what to order from, and get value for money","Food and eating out"
"101","Where did my money go?","No feeling","No feeling poster 2/3","TO SOURCE","— TO SOURCE —","","10","3","B","70","I had to update my bank KYC, carrying Aadhaar, PAN, utility bills, making photocopies, uploading files online, only to have the portal reject them and customer care tell me to “visit the branch again.” Half a day wasted just chasing documents.","Money, investing and insurance"
"101","Where did my money go?","No feeling","No feeling poster 2/3","TO SOURCE","— TO SOURCE —","","10","4","B","69","i just don't know how where to invest and how to make money out of nowhere but want to go for a round.","Money, investing and insurance"
"101","Where did my money go?","No feeling","No feeling poster 2/3","TO SOURCE","— TO SOURCE —","","10","5","B","69","To many apps, budget problem, delivery time problem.","Shopping and deals"
"101","Where did my money go?","No feeling","No feeling poster 2/3","TO SOURCE","— TO SOURCE —","","10","6","B","69","impulse purchase i found very expensive cutting my budget","Shopping and deals"
"101","Where did my money go?","No feeling","No feeling poster 2/3","TO SOURCE","— TO SOURCE —","","10","7","B","68","like when asked to settle the money in group that i paid for","Money, investing and insurance"
"101","Where did my money go?","No feeling","No feeling poster 2/3","TO SOURCE","— TO SOURCE —","","10","8","B","68","Tracking budgets, investment & then making investment decisions and executing across platforms","Money, investing and insurance"
"101","Where did my money go?","No feeling","No feeling poster 2/3","TO SOURCE","— TO SOURCE —","","10","9","B","67","Lingo , constant surprises, opaque information flow, KYC , Hidden charges, lack of talent in financial advisory services,","Money, investing and insurance"
"101","Where did my money go?","No feeling","No feeling poster 2/3","TO SOURCE","— TO SOURCE —","","10","10","B","67","I was spending a lot and my pocket money was going to almost vanish","Money, investing and insurance"
"102","Where did my money go?","No feeling","No feeling poster 3/3","TO SOURCE","— TO SOURCE —","","5","1","B","67","I want to save money and invest it so that it caan turnout to be more valuable but I can't get proper ways to it","Money, investing and insurance"
"102","Where did my money go?","No feeling","No feeling poster 3/3","TO SOURCE","— TO SOURCE —","","5","2","B","66","Prepayment of loan account, because of lack of online payment I have to request for a link and pay within 24hr before the link expires.","Money, investing and insurance"
"102","Where did my money go?","No feeling","No feeling poster 3/3","TO SOURCE","— TO SOURCE —","","5","3","B","66","I am a college student so tracking my spending becomes hectic","Money, investing and insurance"
"102","Where did my money go?","No feeling","No feeling poster 3/3","TO SOURCE","— TO SOURCE —","","5","4","B","65","Tracking my expenses","Money, investing and insurance"
"102","Where did my money go?","No feeling","No feeling poster 3/3","TO SOURCE","— TO SOURCE —","","5","5","B","65","To decide on where to invest if I have a surplus for example where to put the FD money when it matures","Money, investing and insurance"
"103","Planning the trip","Overwhelm","Overwhelm poster 1/6","assigned","Air India — air travel","Air india.jpeg","10","1","A","89","I have planned trips to 28 states. Every single one followed the same sequence.  Open MakeMyTrip. Check trains. Check if tatkal is needed. Open RedBus as backup. Open Google Maps to figure out the last mile. Open Zostel or hostel websites. Screenshot everything into a WhatsApp chat with myself. Send the itinerary to my mother so someone else knows where I am.  I have done this so many times I do not think while doing it. I just open the apps in order, like a checklist that lives in my muscle memory.  The repetitive part is not the travel. The travel is always different. It is the forty five minutes before every trip where I am doing the exact same seven things in the exact same order on the exact same apps, producing the exact same screenshots in the exact same WhatsApp chat with myself.  Twenty eight times.  An agent could have done this for me twenty seven trips ago.","Travel and holidays"
"103","Planning the trip","Overwhelm","Overwhelm poster 1/6","assigned","Air India — air travel","Air india.jpeg","10","2","A","89","I am not well-traveled and I do not have the best knowledge of geography. I took my first flight when I was 25 and left the country for the first time at that age. My travel previously was only limited to my hometown and I didn’t find the need to travel a lot. My wife, on the other hand, is well-traveled but mostly because her father traveled for work. Now, when I have to plan a holiday, it’s frustrating because I don’t know where to begin and what places are good. Some places that appear rosy on Instagram have terrible reputation in terms of hospitality, safety or pricing. Some places that don’t appear on social media are probably the best places to visit.   The regulation with visa, the customs of the place, what is expected behaviour and accepted behavior of a place is all unknown to me and I have to do a lot of research after finding a place, before I book it. Planning a 1 week vacation is typically a 3-6 month task for me.","Travel and holidays"
"103","Planning the trip","Overwhelm","Overwhelm poster 1/6","assigned","Air India — air travel","Air india.jpeg","10","3","A","89","There is too much scrolling and decision fatigue to create plan for a vaccations, and lots details to process with, though there are travel partner firms where you can outsource all of this but I don't like there budget and plans. Last time I was in Udaipur, booked hotel and bus dropped us in city at morning 6 o clock and checkin hotel was scheduled for 12 pm, and those 6 hours were a bit challenge to pass time at different cafes and hotel lobby.","Travel and holidays"
"103","Planning the trip","Overwhelm","Overwhelm poster 1/6","assigned","Air India — air travel","Air india.jpeg","10","4","A","88","Making a 7 day travel itinerary including multiple destination by yourself : A nightmare Deciding a Hotel: Location - Price - Shortlist - Book; Woila! The calculations you made shattered, you were unable to reach on the booking date, due to Traffic, mishaps. Booking a transport: Vehicle class - tariff - Vehicle condition - Book; Congratulations! you got a driver that does not follow your plan. I can go on and on.","Travel and holidays"
"103","Planning the trip","Overwhelm","Overwhelm poster 1/6","assigned","Air India — air travel","Air india.jpeg","10","5","A","87","I was planning a short trip with a couple of friends, and what should have been a simple weekend plan turned into a mini project.  We had to agree on dates first, then compare flight prices, baggage rules, and timings, find a hotel that worked for everyone, check cancellation policies, and keep sending screenshots in our WhatsApp group because everyone had a different preference. One person wanted the cheapest flight, another wanted a better time, and someone else suddenly changed the dates.  I ended up jumping between booking apps, Google Maps, WhatsApp, and emails, trying to keep track of what we'd already agreed on. Even after booking, I had to remember check-in times, tickets, hotel confirmations, and all the little things that could go wrong.  The frustrating part wasn't planning the holiday itself. It was becoming the unpaid project manager of everyone's holiday.","Travel and holidays"
"103","Planning the trip","Overwhelm","Overwhelm poster 1/6","assigned","Air India — air travel","Air india.jpeg","10","6","A","87","When we had to plan to our last year holiday to Srilanka, it was a labourious process to converge on budget, comfort, making best use of time and yet having nice experience. So many times I had thought what if I become a travel partner who can help family in zero-ing on hotels, commuting options, places to visit etc.","Travel and holidays"
"103","Planning the trip","Overwhelm","Overwhelm poster 1/6","assigned","Air India — air travel","Air india.jpeg","10","7","A","87","While planning my Europe trip, I had to coordinate trains, flights, hotels and sightseeing across multiple cities. Changing one train or hotel affected the rest of the itinerary, so I kept switching between Google Maps, booking apps, train websites and WhatsApp, while also tracking costs and timings. The frustrating part was having to repeatedly rebuild the plan whenever one small thing changed.","Travel and holidays"
"103","Planning the trip","Overwhelm","Overwhelm poster 1/6","assigned","Air India — air travel","Air india.jpeg","10","8","A","86","My family is spread across 3 states (corners of the country) Bangalore, Delhi and Agartala. Booking tickets for Durga Puja took a lot of effort in checking flight timing, arranging help for my parents (senior citizens with ailments), my wife and small kid and of course myself with my office schedule (US timing). Direct flights vs multiple-city flight arrangement is a chaos in booking platforms. Wish there was a convenient way to book for everyone in one go considering all conditions (senior citizen care, kid fare, luggage, multiple location flight).","Travel and holidays"
"103","Planning the trip","Overwhelm","Overwhelm poster 1/6","assigned","Air India — air travel","Air india.jpeg","10","9","A","86","""I was trying to book a flight home for Diwali, sitting in my site office after a full day of concrete pours, and every direct flight was either sold out or priced at nearly 4x normal fare because I was booking just eight days out. I ended up with fourteen browser tabs open, comparing a Delhi-Guwahati direct against a Delhi-Kolkata-Guwahati connection that was cheaper but added five hours, while also checking if I could get leave approved for one extra day to make a cheaper flight work. Then I had to coordinate separately with my parents over a phone call about whether to also book my sister's ticket from Bangalore so we'd land around the same time, cross-referencing three different itineraries in my head with no single place showing all of it together. Took me almost two hours after a 10-hour site shift just to lock one ticket.""","Travel and holidays"
"103","Planning the trip","Overwhelm","Overwhelm poster 1/6","assigned","Air India — air travel","Air india.jpeg","10","10","A","86","I was planning a trip with friends and we were trying to book everything together. The annoying part was that the information was scattered across WhatsApp messages, Google searches and different booking apps. One person would find a hotel, someone else would check trains, and then the dates or timings wouldn't match. I ended up comparing prices, checking reviews, coordinating everyone's preferences and sending screenshots back to the group before we could actually book anything. Most of the work was just getting everyone to agree and then making sure nothing was missed.","Travel and holidays"
"104","Planning the trip","Overwhelm","Overwhelm poster 2/6","assigned","Isola/Agfa camera — photography","isola.webp","10","1","A","85","Recently, I was planning a trip with friends and ended up spending hours just figuring out the travel. I had IRCTC open for train availability, Google Maps for routes, hotel apps for stays, and WhatsApp for coordinating with everyone. Every time someone changed their preferred date, budget, or timing, I had to check the options all over again. The actual trip was the fun part; comparing prices, timings, availability and getting everyone to agree was frustrating.","Travel and holidays"
"104","Planning the trip","Overwhelm","Overwhelm poster 2/6","assigned","Isola/Agfa camera — photography","isola.webp","10","2","A","85","We plan our trips on our own and there are multiple bookings that need to be done.For ex, I am planning a trip to Greece with my wife at the moment.  So first step is the research of what places need to be visited, activities to be done there and which of them need advance bookings, stay and logistics checks and then applying the filters on them. Finally after a lot of time has been spent on checking these, then making the actual bookings is a pain.","Travel and holidays"
"104","Planning the trip","Overwhelm","Overwhelm poster 2/6","assigned","Isola/Agfa camera — photography","isola.webp","10","3","A","84","I was planning a trip with a group of friends, and the annoying part was coordinating everything rather than the travel itself. We had to compare train timings and prices, check which option worked for everyone, decide where to stay, and keep asking people in the WhatsApp group who had confirmed. When one person changed their plan, the whole schedule had to be adjusted. We ended up sharing screenshots of tickets, hotel options and payment details across the chat. I remember thinking that one person should just be able to handle the whole thing for everyone instead of us constantly coordinating.","Travel and holidays"
"104","Planning the trip","Overwhelm","Overwhelm poster 2/6","assigned","Isola/Agfa camera — photography","isola.webp","10","4","A","84","When we were planning a trip, I had to keep checking flight prices to figure out when to book before the fares went up. At the same time, I was going through visa rules, checking eligibility, figuring out which documents were required, and hunting down the right forms and supporting documents. It became a constant cycle of comparing prices, reading official requirements, and making sure we hadn’t missed anything important.","Travel and holidays"
"104","Planning the trip","Overwhelm","Overwhelm poster 2/6","assigned","Isola/Agfa camera — photography","isola.webp","10","5","A","84","I was planning a trip with friends and ended up becoming the unofficial coordinator. I had to compare flights, hotels and activities, check everyone’s availability and budget, and keep following up in the group chat for confirmations. Plans kept changing—someone wanted a different hotel, another person changed their dates, and prices kept moving. I had information scattered across WhatsApp, booking apps and Google Maps, and I eventually had to put everything into a rough itinerary myself. The most annoying part was constantly chasing everyone and making sure nothing was missed.","Travel and holidays"
"104","Planning the trip","Overwhelm","Overwhelm poster 2/6","assigned","Isola/Agfa camera — photography","isola.webp","10","6","A","84","The last time I was planning a trip with a few people, the most exhausting part wasn’t choosing where to go—it was coordinating everything. We had different preferences for dates, budget and timings, and the information was scattered across WhatsApp messages. I had to compare buses/trains, check timings, look for stays, ask everyone to confirm, and then keep reminding people to make decisions.  At one point, I had multiple screenshots, booking links and messages saved just to remember what we had already discussed. Someone would change their availability, and I’d have to redo part of the plan. I remember thinking that I didn’t really need another travel-planning app—I needed someone who could keep track of the whole conversation, figure out what still needed to be decided, and just tell us what to book.","Travel and holidays"
"104","Planning the trip","Overwhelm","Overwhelm poster 2/6","assigned","Isola/Agfa camera — photography","isola.webp","10","7","A","84","While looking for a trip to Bali, I had to look at offers from various travel agencies and scrutinize their itineraries to ensure that we're paying getting the most out of our money. Planning for travel is also a tedious process, looking at different websites, different prices and making adjustments according to timings and prices really takes up a lot of time.","Travel and holidays"
"104","Planning the trip","Overwhelm","Overwhelm poster 2/6","assigned","Isola/Agfa camera — photography","isola.webp","10","8","A","83","I was planning a trip with family/friends and had to coordinate everyone's availability, compare train/flight options, check hotel prices, and keep sending options on WhatsApp to get everyone's approval. By the time everyone agreed on the dates and plan, some of the prices had already changed, so I had to start comparing everything again.","Travel and holidays"
"104","Planning the trip","Overwhelm","Overwhelm poster 2/6","assigned","Isola/Agfa camera — photography","isola.webp","10","9","A","82","I was trying to plan a trip with a few friends and ended up becoming the unofficial travel coordinator. I had to check everyone's preferred dates and budget, compare flights, figure out which hotel worked for everyone, check how far it was from the places we wanted to visit, and then keep sending options on WhatsApp because everyone had a different preference. By the time we actually decided, some of the prices had changed. I remember thinking that I was spending almost as much effort coordinating the trip as I would actually enjoy the trip itself.","Travel and holidays"
"104","Planning the trip","Overwhelm","Overwhelm poster 2/6","assigned","Isola/Agfa camera — photography","isola.webp","10","10","A","82","I once planned a holiday around the possibility of seeing someone, without ever actually admitting that was the reason. 😭 The official plan was “just a break, nothing special.” Meanwhile, I was quietly checking dates, figuring out where they might be, wondering whether our plans could overlap, and acting completely normal whenever the topic came up. The funniest part was that the trip could’ve been perfect even if we never met. But somehow one person’s presence or absence had become the secret itinerary. 💀","Travel and holidays"
"105","Planning the trip","Overwhelm","Overwhelm poster 3/6","assigned","Indian Airlines — domestic travel","indian airlines.jpg","10","1","A","82","One time in the mountains, our cab broke down halfway to the stay and we had no network. We had to figure out transport, manage our luggage and find a way to reach before dark. It was frustrating then, but somehow that chaos became one of the most memorable parts of the trip.","Travel and holidays"
"105","Planning the trip","Overwhelm","Overwhelm poster 3/6","assigned","Indian Airlines — domestic travel","indian airlines.jpg","10","2","A","81","I was planning a trip and had to spend hours jumping between different apps and websites to compare flights, hotels and places to visit. One option would look cheaper until extra charges appeared, and another would have a better location but worse reviews. I kept opening tabs, sending screenshots to friends and asking everyone what they preferred. By the time we had finally decided, I felt like planning the trip had become more exhausting than the trip itself.","Travel and holidays"
"105","Planning the trip","Overwhelm","Overwhelm poster 3/6","assigned","Indian Airlines — domestic travel","indian airlines.jpg","10","3","A","81","During a trip, I had to deal with a hotel booking issue after arriving. The booking confirmation showed one thing, but the hotel had different information on their side, so I had to spend a lot of time calling and messaging customer support while also trying to figure out what to do next. The frustrating part was having to explain the same situation multiple times and keep checking for updates. I wish I could have just handed the whole coordination and follow-up process to an assistant.","Travel and holidays"
"105","Planning the trip","Overwhelm","Overwhelm poster 3/6","assigned","Indian Airlines — domestic travel","indian airlines.jpg","10","4","A","81","I have to make multiple plans. 2 with family, 2 with friends, 2 with my wife at a minimum. Domestic and international. Planning, doing the bookings and visas. I have no easy way to do this every year. I end up missing holiday days and just sit at home because of this sometimes.","Travel and holidays"
"105","Planning the trip","Overwhelm","Overwhelm poster 3/6","assigned","Indian Airlines — domestic travel","indian airlines.jpg","10","5","A","80","I think any time I have to travel, I tend to book my tickets a few days before my travel. That costs me a lot of money and the guilt that follows is insane. Also, there are SO many travel influencers telling you the budget for an international trip but it feels inaccurate more often than not. So, I end up not exploring it further.","Travel and holidays"
"105","Planning the trip","Overwhelm","Overwhelm poster 3/6","assigned","Indian Airlines — domestic travel","indian airlines.jpg","10","6","A","80","Planning itinerary. Filtering hotels on a website- price, location, amenities, checking its exact location on Google Maps. Booking trains/ flights. Too much work for a few days of peaceful holiday","Travel and holidays"
"105","Planning the trip","Overwhelm","Overwhelm poster 3/6","assigned","Indian Airlines — domestic travel","indian airlines.jpg","10","7","A","80","Checking and verifying prices at different websites from my local transport to the flight and hotel booking. It's an annoyance with price verification on different application. That's why I avoid doing so.","Travel and holidays"
"105","Planning the trip","Overwhelm","Overwhelm poster 3/6","assigned","Indian Airlines — domestic travel","indian airlines.jpg","10","8","A","80","I’m always thinking about travelling somewhere, but somehow rarely end up going. Once I actually try to plan a trip, there are so many things to figure out , whether it’s safe for me as a girl, what I can afford, travel options, where to stay, timings and my other commitments and deadlines. And when friends are involved, it gets even harder: everyone has a different budget, schedule and preference, plans keep changing, someone may not like the place or may drop out and we end up discussing the trip more than actually booking it. I keep postponing it until the idea eventually dies out. “I want to travel” → safety + budget → friends → conflicting preferences → endless discussion → postponement → no trip.","Travel and holidays"
"105","Planning the trip","Overwhelm","Overwhelm poster 3/6","assigned","Indian Airlines — domestic travel","indian airlines.jpg","10","9","B","79","While planning a trip, I had to keep jumping between Google, Maps, hotel and flight sites, Instagram  just to figure out where to stay, what was actually worth doing, how far places were from each other, and whether everything fit our budget and timing. I ended up with multiple tabs, screenshots and links sent around on WhatsApp, and still had to piece the final plan together myself. I wished I could just tell someone our budget, dates and preferences and have them research, compare and organise the whole thing.","Travel and holidays"
"105","Planning the trip","Overwhelm","Overwhelm poster 3/6","assigned","Indian Airlines — domestic travel","indian airlines.jpg","10","10","B","79","On a family trip, I somehow became the person responsible for everything — finding flights that worked for everyone, comparing and booking hotels, figuring out transport, and planning what we would do each day. Then came the constant questions: “Where are we going today?”, “Is there anything for the kids?”, “What time is the flight?”, “Did you book the hotel?” I spent more time coordinating everyone’s preferences and making sure there was something for everyone than actually enjoying the trip.","Travel and holidays"
"106","Planning the trip","Overwhelm","Overwhelm poster 4/6","assigned","Holiday/travel scheme — mountain getaway","kas.jpg","10","1","B","78","i always open the app then look around for dates , then keep shuffling the dates to see which is the optimum time, then check for hotel which will be good, then check for my travel upto that point and then plan my itenary, too many decisions that i end up not booking at all.","Travel and holidays"
"106","Planning the trip","Overwhelm","Overwhelm poster 4/6","assigned","Holiday/travel scheme — mountain getaway","kas.jpg","10","2","B","78","Booking a trip with friends. We had to compare flights, check everyone’s availability, find a hotel that worked for the group, and keep chasing people for confirmations. I ended up spending hours in different WhatsApp chats and booking sites, then still had to coordinate the final details and make sure nobody had missed anything.","Travel and holidays"
"106","Planning the trip","Overwhelm","Overwhelm poster 4/6","assigned","Holiday/travel scheme — mountain getaway","kas.jpg","10","3","B","78","I became the unpaid travel agent for a group trip. I was comparing flights, trains, hotels and activities while chasing everyone on WhatsApp for dates, budgets and preferences. Every time I found something that worked, someone changed their mind. We spent more time coordinating the trip than actually taking it.","Travel and holidays"
"106","Planning the trip","Overwhelm","Overwhelm poster 4/6","assigned","Holiday/travel scheme — mountain getaway","kas.jpg","10","4","B","77","i wanted to learn financial fundamental & incorporate in thought process to make financial decision making for retirement planning & Travelling etc. But, its very overwhelming & i get lost when i do deeper into the fundamentals asking why.","Learning and hobbies"
"106","Planning the trip","Overwhelm","Overwhelm poster 4/6","assigned","Holiday/travel scheme — mountain getaway","kas.jpg","10","5","B","75","Coordinating the messages in a group of 3-5 people, where everyone can read each other's messages, but still needs a person to come in and explain that message further. Some reply, some do not, and you have to individually message everyone because no one opened the group chat, as there were too many messages to go through, so I have to coordinate between 5 individual chats and give the context to each other in the group and individually. I dunno why I have so much time on my hands to be babying everyone like this.","Travel and holidays"
"106","Planning the trip","Overwhelm","Overwhelm poster 4/6","assigned","Holiday/travel scheme — mountain getaway","kas.jpg","10","6","B","75","If I visit a place, there are so many places that I do research from – Reddit, Insta influencers, google reviews, etc. Then I would have to optimise my trip accordingly based on what is happening on the ground. Sometimes, it is frustrating to do all this.","Travel and holidays"
"106","Planning the trip","Overwhelm","Overwhelm poster 4/6","assigned","Holiday/travel scheme — mountain getaway","kas.jpg","10","7","B","75","Deciding an eating out location it should be unique, distance based on the travel mood, ambience (Fine Dine, club, Bistro Cafe) and multiple factors. I reached a rooftop cafe, Google images told it will have soothing music and great city views; reality - Loud harsh music, average food taste","Food and eating out"
"106","Planning the trip","Overwhelm","Overwhelm poster 4/6","assigned","Holiday/travel scheme — mountain getaway","kas.jpg","10","8","B","74","Packing my stuff. It is very hard everytime to pick, select & pack. Most of the times I end up taking lot of clothes which is not required.","Travel and holidays"
"106","Planning the trip","Overwhelm","Overwhelm poster 4/6","assigned","Holiday/travel scheme — mountain getaway","kas.jpg","10","9","B","72","Too much information on options. Should I do ig myself or choose an agent. Local of foreign ? How do I get an optimized travel plan that meets all my requirements,  eith minimum iterations","Travel and holidays"
"106","Planning the trip","Overwhelm","Overwhelm poster 4/6","assigned","Holiday/travel scheme — mountain getaway","kas.jpg","10","10","B","72","Most of my travels are with a group. So once people are involved, complexities take shape. Getting a date fixed, searching for accommodations that can accommodate all our preferences, communicating the same, incorporating the changes, making the booking and closing the feedback loop. ChatGPT to an extent has made it easier to search for accommodations where you can input your preferences but the remaining part of the process still needs me to be present and getting the grind done.","Travel and holidays"
"107","Planning the trip","Overwhelm","Overwhelm poster 5/6","assigned","VIP suitcase — luggage","VIP suitcase.jpg","10","1","B","71","So many searches back and forth, checking 3-5 platforms, verification of gpt responses, getting legit recommendations","Travel and holidays"
"107","Planning the trip","Overwhelm","Overwhelm poster 5/6","assigned","VIP suitcase — luggage","VIP suitcase.jpg","10","2","B","71","travelling for a short trip with so many choices is another tragedy. so many choices with hotels that are so expensive","Going out and entertainment"
"107","Planning the trip","Overwhelm","Overwhelm poster 5/6","assigned","VIP suitcase — luggage","VIP suitcase.jpg","10","3","B","71","i have to go home for holidays but travelling id nightmare ,thinking about so many things like timings and with whom i am going.....","Travel and holidays"
"107","Planning the trip","Overwhelm","Overwhelm poster 5/6","assigned","VIP suitcase — luggage","VIP suitcase.jpg","10","4","B","71","Talk to everyone in the group. figure out everyone's desires & needs. fit them all in 1 program. see it being rejected. do it all over again.  then finally search for exact destination, hotel, plan","Travel and holidays"
"107","Planning the trip","Overwhelm","Overwhelm poster 5/6","assigned","VIP suitcase — luggage","VIP suitcase.jpg","10","5","B","70","Comparing hotels and travel options took too much time.","Travel and holidays"
"107","Planning the trip","Overwhelm","Overwhelm poster 5/6","assigned","VIP suitcase — luggage","VIP suitcase.jpg","10","6","B","70","Checking different websites and applicable card offers for finding best flight prices.","Travel and holidays"
"107","Planning the trip","Overwhelm","Overwhelm poster 5/6","assigned","VIP suitcase — luggage","VIP suitcase.jpg","10","7","B","68","The most annoying bit is finding the best way to get from point a to point b, the cheapest flight, the quickest option, the best hotel within budget which is also close to the main attractions within a city.","Travel and holidays"
"107","Planning the trip","Overwhelm","Overwhelm poster 5/6","assigned","VIP suitcase — luggage","VIP suitcase.jpg","10","8","B","67","Its fun to plan it but takes alot of research and time","Travel and holidays"
"107","Planning the trip","Overwhelm","Overwhelm poster 5/6","assigned","VIP suitcase — luggage","VIP suitcase.jpg","10","9","B","67","It’s all so manual. The research, the booking, the getting my partner excited for the same things I am.","Travel and holidays"
"107","Planning the trip","Overwhelm","Overwhelm poster 5/6","assigned","VIP suitcase — luggage","VIP suitcase.jpg","10","10","B","66","I do international travel and it’s a pain to check the flights especially the pricing which is very dynamic","Travel and holidays"
"108","Planning the trip","Overwhelm","Overwhelm poster 6/6","assigned","Click III camera — photos","clicklll camera.jpg","2","1","B","66","To check the same item across different platforms for the price, offers by the platform and then payment related offers which differ by credit cards on different platforms. Mainly for fashion, flights, and hotels","Shopping and deals"
"108","Planning the trip","Overwhelm","Overwhelm poster 6/6","assigned","Click III camera — photos","clicklll camera.jpg","2","2","B","65","Planning every trip - finding a decent hotel and figuring transport almost always feels like a bet in the air that may or may not pay off and I have no way of finding out until I reach the place","Travel and holidays"
"109","Planning the trip","Frustration","Frustration poster 1/4","assigned","Kashmir / J&K tourism","kashmir travel.jpg","10","1","A","90","Travel and Holidays. The feeling we get, excited, frustrating, energetic and drained. Excited- When the plan was discussed while having lunch with the function in hand and a mind to bunk it, I was excited so was everyone. That's when the planned kicked out. Frustrating - while discussion in no time the responsibility was on head and my roommate, to search location, make plan, and what not. Energetic - when everything was done with the help of everyone in some another way, delegated small small work, and after planning done and everything booked, We were back again energetic. Drained - After completing the journey and execution of beautiful plan, and reaching back home, we were found lying on bed with surfing on Instagram.","Travel and holidays"
"109","Planning the trip","Frustration","Frustration poster 1/4","assigned","Kashmir / J&K tourism","kashmir travel.jpg","10","2","A","89","I was bored and randomly decided to go to Hampi, around 400 km away, on my 15-year-old Activa 3G. I didn't really plan much beyond the basic route, and the rain made the ride a lot more difficult than I expected. There were times I was soaked, tired and questioning why I had decided to do this on a scooter. But once I reached Hampi and started exploring, all of that felt completely worth it. It ended up being one of those unplanned trips that I'll probably remember for a long time.","Travel and holidays"
"109","Planning the trip","Frustration","Frustration poster 1/4","assigned","Kashmir / J&K tourism","kashmir travel.jpg","10","3","A","89","I recently went on a trip to Haridwar. The journey involved long 12 hour drives, heavy traffic and mountain roads, but the beautiful snow-covered mountains made it completely worth it. Honestly, the best part was the road journey itself we were listening to music, singing along to songs, joking around and just enjoying the time together in the car. Even with the traffic and tiring travel, it felt more like an adventure than a hassle.","Travel and holidays"
"109","Planning the trip","Frustration","Frustration poster 1/4","assigned","Kashmir / J&K tourism","kashmir travel.jpg","10","4","A","88","Recently, I was planning a trip and ended up jumping between flight sites, hotel options, maps, reviews, and WhatsApp conversations to figure out what actually made sense. Every decision affected another one — the hotel depended on the area, the area depended on our plans, and the plans depended on timings and transport. I kept switching tabs, comparing options, asking people for preferences, and then redoing the plan when someone changed their mind. Nothing was individually difficult; it was the constant coordination and keeping the whole picture in my head that was exhausting. I wished I could just give an assistant the constraints and have it work through the options, flag the trade-offs, and get me to a sensible plan.","Travel and holidays"
"109","Planning the trip","Frustration","Frustration poster 1/4","assigned","Kashmir / J&K tourism","kashmir travel.jpg","10","5","A","86","Travel is something i love most .But the travelling is getting costlier day by day , so managing the travel gets tedious with ongoing studies. simply , i went to road trip to kashi , it was almost 1000km away from my house . we planned many things pre, but while traveling the UPIDEA , blow the hole in our pockets , the toll estimation from 4000-5000 went to 10000+ on tolls and many such issue can take the price of the trip to next level .","Travel and holidays"
"109","Planning the trip","Frustration","Frustration poster 1/4","assigned","Kashmir / J&K tourism","kashmir travel.jpg","10","6","A","86","I'm supposed to be taking a vacation, not another list of 100 tasks that need to be done on top my work. Passport, visa, tickets, packing (I have divided responsibility such that I only pack essential documents, medicines and electronics) hotels, cabs, check for the best but also the cheapest and apply a hundred discount codes, the bloody itinerary which nobody can agree on, need vegetarian food everywhere, book attractions and just wait in line with another thousand people, try to not get sick, cover everything on the itinerary or you have wasted money, come back exhausted, everyone's pissed off and it's time to get back to work.","Travel and holidays"
"109","Planning the trip","Frustration","Frustration poster 1/4","assigned","Kashmir / J&K tourism","kashmir travel.jpg","10","7","A","83","I was just planning a trip for Leh, Ladakh. So I was the only person from my group who had to search for the places we want to visit/travel but within that period of time, book a cab for our whole trip, book hotels not so expensive but not so uncomfortable also, keeping searched places where we would eat food due to vegetarian diet and so on. So this task was really very exhausting.","Travel and holidays"
"109","Planning the trip","Frustration","Frustration poster 1/4","assigned","Kashmir / J&K tourism","kashmir travel.jpg","10","8","A","83","The amount of time it takes to travel from a location to another each time repeatedly, makes it frustrating and not wanting to travel in the first place. Eventhough I wanna reach the destination, which drives me through the hurdle.","Travel and holidays"
"109","Planning the trip","Frustration","Frustration poster 1/4","assigned","Kashmir / J&K tourism","kashmir travel.jpg","10","9","A","82","I was planning a trip with friends and had to check different trains/flights, compare prices and timings, coordinate everyone's preferences, and then make the bookings. Every small change meant checking everything again, so the whole process became frustrating and time-consuming.","Travel and holidays"
"109","Planning the trip","Frustration","Frustration poster 1/4","assigned","Kashmir / J&K tourism","kashmir travel.jpg","10","10","A","82","Another activity that drained my energy was organizing a trip with a couple of friends. It included the preparation of an optimal route, comparisons of various means of transportation, checking accommodation costs, and timing of my friends. What was particularly frustrating for me was the fact that the plan would be constantly changing, and each new change of arrival and departure time on the side of my friends required me to start all over again. It was not one difficult thing; it was lots of details to take care of.","Travel and holidays"
"110","Planning the trip","Frustration","Frustration poster 2/4","assigned","Kodak film — photos","kodak film.jpg","10","1","A","82","Most painful part while travel and holidays is finding the cheapest hotels and flight tickets... actually mess comes when im ready to spend but couldn't optimize routes or hotels using my budget. Secondly packing is so frustrating...i almost end up leaving something important...need something easier to keep track of required things","Travel and holidays"
"110","Planning the trip","Frustration","Frustration poster 2/4","assigned","Kodak film — photos","kodak film.jpg","10","2","A","80","I was trying to plan a trip with a few friends, and the annoying part was getting everyone to agree on dates and transport. I had to keep checking everyone’s availability, compare train or bus timings, send options in the group, wait for replies, and then redo the plan when someone changed their mind. None of it was difficult individually, but keeping everything aligned was exhausting","Travel and holidays"
"110","Planning the trip","Frustration","Frustration poster 2/4","assigned","Kodak film — photos","kodak film.jpg","10","3","B","79","I was doing vacation planning with my partner and it was a pain to get everything together including flights, hotels, visa, activities etc. Took almost half a day to get everything right. Then finally booking it was another headache. Finding the best offers, using the right credit cards for max points etc.","Travel and holidays"
"110","Planning the trip","Frustration","Frustration poster 2/4","assigned","Kodak film — photos","kodak film.jpg","10","4","B","78","I think finding good recommendations of where to stay + deals suck. Typically looking at travel websites for recommendations then at something like a booking for deals. Then at something else for shopping etc . It’s super irritating","Travel and holidays"
"110","Planning the trip","Frustration","Frustration poster 2/4","assigned","Kodak film — photos","kodak film.jpg","10","5","B","76","Planning for Japan. It was exhausting and time consuming.","Travel and holidays"
"110","Planning the trip","Frustration","Frustration poster 2/4","assigned","Kodak film — photos","kodak film.jpg","10","6","B","76","​I was sitting at the airport gate in the middle of a family trip when our connecting flight got abruptly canceled due to weather. I spent the next four hours trapped in a nightmare loop on my phone—standing in a massive airport line while simultaneously trying to chat with an automated airline bot that kept crashing. On top of that, I had to manually call our hotel at the destination to negotiate waiving the first-night no-show penalty and rebook last-minute ground transport while fighting for a spot on a morning flight.","Travel and holidays"
"110","Planning the trip","Frustration","Frustration poster 2/4","assigned","Kodak film — photos","kodak film.jpg","10","7","B","76","The very first task of finding out where to go and where to stay. For me good accomodation is very important. The search for a good accomodation at reasonable prices is tiring. Images these days are mis-leading as they might be old/AI generated. Pricing is always expensive given forecasting models.","Travel and holidays"
"110","Planning the trip","Frustration","Frustration poster 2/4","assigned","Kodak film — photos","kodak film.jpg","10","8","B","74","I have to book flight tickets to go back home from college, but don't always know when we have long weekends. Also, prediciting ticket prices is very difficult.","Travel and holidays"
"110","Planning the trip","Frustration","Frustration poster 2/4","assigned","Kodak film — photos","kodak film.jpg","10","9","B","73","The discussion before for deciding where to go, finding new places that suite everyone's preferences, finding mode of transport, coordinating time and the actual travel, all of it has started to feel like hassle","Going out and entertainment"
"110","Planning the trip","Frustration","Frustration poster 2/4","assigned","Kodak film — photos","kodak film.jpg","10","10","B","73","Planning the itineary. Getting people to convey their preferences and planning the trip accordingly is a nightmare","Travel and holidays"
"111","Planning the trip","Frustration","Frustration poster 3/4","assigned","GIP Railway timetable","stay at home ad.jpg","10","1","B","72","On the Kheerganga trek in Himachal — 13 km, mostly uphill — a couple of my friends decided to carry drinks along, packed into one shared backpack. Somewhere mid-trek the bag slipped off a shoulder, hit the trail, and we heard glass shatter — all three bottles gone, cracked open right there on the path. Half our ""cargo"" for the trip, wasted in one second, and there was nothing to do but stand there laughing about it because we still had kilometers left to go and no way to replace them until we got back down. What actually stung afterward wasn't the drinks — it was realizing none of us had thought about how we were packing fragile stuff for a trek: no padding, no separation, just shoved into a shared bag and hoped for the best. A half-decent packing checklist or even someone in the group flagging ""hey, that's going to break"" before we set off would've saved it.","Travel and holidays"
"111","Planning the trip","Frustration","Frustration poster 3/4","assigned","GIP Railway timetable","stay at home ad.jpg","10","2","B","71","I hate whatsapp groups with friends that involve getting everyone's buyin. Then getting them to choose a destination and stay option.","Travel and holidays"
"111","Planning the trip","Frustration","Frustration poster 3/4","assigned","GIP Railway timetable","stay at home ad.jpg","10","3","B","71","It's a major pain. The schedules never align or the weather gets in the way","Travel and holidays"
"111","Planning the trip","Frustration","Frustration poster 3/4","assigned","GIP Railway timetable","stay at home ad.jpg","10","4","B","71","Booking train ticket on time is very hard specially tatkal ticket on busy routes","Travel and holidays"
"111","Planning the trip","Frustration","Frustration poster 3/4","assigned","GIP Railway timetable","stay at home ad.jpg","10","5","B","71","Looking to find the best discounted deals is painful. The dark patterns do not help","Travel and holidays"
"111","Planning the trip","Frustration","Frustration poster 3/4","assigned","GIP Railway timetable","stay at home ad.jpg","10","6","B","71","Groceries are outsourced to wife.  Household is my responsibility.  Since I travel frequently, I get a mountain of work that I have to churn through on the weekends.","Groceries and household"
"111","Planning the trip","Frustration","Frustration poster 3/4","assigned","GIP Railway timetable","stay at home ad.jpg","10","7","B","70","Travel is hectic frustrating and something you push around until you get your work done.","Getting around and vehicles"
"111","Planning the trip","Frustration","Frustration poster 3/4","assigned","GIP Railway timetable","stay at home ad.jpg","10","8","B","70","Deciding travel iternary, booking stays, deciding which place is safe is a painful task.","Travel and holidays"
"111","Planning the trip","Frustration","Frustration poster 3/4","assigned","GIP Railway timetable","stay at home ad.jpg","10","9","B","70","had to travel to andaman, planning the trip, arranging tickets and hotels and logisitcs was a nightmare","Travel and holidays"
"111","Planning the trip","Frustration","Frustration poster 3/4","assigned","GIP Railway timetable","stay at home ad.jpg","10","10","B","70","Living in mumbai so travelling is always a pain.","Getting around and vehicles"
"112","Planning the trip","Frustration","Frustration poster 4/4","assigned","TWA — Visit India Kashmir","trans world airlines.jpg","3","1","B","68","Planning stays, destinations and must-visit places. The guilt of missing a place after coming back before even getting there is the worst.","Travel and holidays"
"112","Planning the trip","Frustration","Frustration poster 4/4","assigned","TWA — Visit India Kashmir","trans world airlines.jpg","3","2","B","68","finding places that fit everyone's choice - parent's may not like something, travel maybe difficult, etc.","Going out and entertainment"
"112","Planning the trip","Frustration","Frustration poster 4/4","assigned","TWA — Visit India Kashmir","trans world airlines.jpg","3","3","B","66","While travelling finding a restaurant, which has good food quality is difficult","Food and eating out"
"113","Planning the trip","Procrastinate","Procrastinate poster 1/2","assigned","Santosh rental cars","SANTOSH rental cars.jpg","10","1","A","83","Travel plan from Mumbai to my hometown is a pain. There is no direct flight - It’s a combination of flight (multiple airport options) with 2-3 hour road travel from airport to my hometown. So, I have to check the best flight option (price, timing) and then check for suitable road option (taxi or train), optimise for the whole journey - price, timing, convenience and then finally book it. Sometimes, I postpone this planning and the flight prices increase in the process and later I regret.","Travel and holidays"
"113","Planning the trip","Procrastinate","Procrastinate poster 1/2","assigned","Santosh rental cars","SANTOSH rental cars.jpg","10","2","A","82","There is nothing particular, the whole process is draining. Planning, creating the itinerary, packing, cross checking if I am leaving something, seeing timings of train/plane and leaving at the right time, keeping an out for my belongings during the travel, dealing with the delays, managing the food, disposing the food, reaching destination, dealing with similar issues in the other half of the trip and so on.","Travel and holidays"
"113","Planning the trip","Procrastinate","Procrastinate poster 1/2","assigned","Santosh rental cars","SANTOSH rental cars.jpg","10","3","A","81","Last year, I planned a trip with my friends and we were really excited about it. However, the journey became stressful because of delays and last-minute changes. Our hotel booking was not properly confirmed, and when we reached the destination, we had to spend a lot of time contacting the hotel and looking for another place to stay. We also had to manage transportation and change our plans because of the unexpected delay. What should have been a relaxing trip turned into a lot of coordination, phone calls, and follow-ups. The most tiring part was having to handle everything while also trying to enjoy the trip.","Travel and holidays"
"113","Planning the trip","Procrastinate","Procrastinate poster 1/2","assigned","Santosh rental cars","SANTOSH rental cars.jpg","10","4","A","81","We just planned to go to some cold place in our Mid-Sem breaks, but the thought of where to go, which transportation to take, cost of it, itinerary would make the plan delay a lot. Eventually settling to a random trip with zero plans.","Travel and holidays"
"113","Planning the trip","Procrastinate","Procrastinate poster 1/2","assigned","Santosh rental cars","SANTOSH rental cars.jpg","10","5","B","79","Had a big Eurotrip to be planned. Got tickets and visa but hotels, itinerary and all other arrangements were pending till a day before the travel ans eventually booked a campervan to avoid planning and booking hotels","Travel and holidays"
"113","Planning the trip","Procrastinate","Procrastinate poster 1/2","assigned","Santosh rental cars","SANTOSH rental cars.jpg","10","6","B","74","I shortlisted the flights, just felt lazy to pay at the moment opend a week later for 2x prices for same flight.","Travel and holidays"
"113","Planning the trip","Procrastinate","Procrastinate poster 1/2","assigned","Santosh rental cars","SANTOSH rental cars.jpg","10","7","B","72","Hunting and booking Best possible airfares around my intended travel dates, with minimal layovers and avoiding odd flight timings as far as possible.","Travel and holidays"
"113","Planning the trip","Procrastinate","Procrastinate poster 1/2","assigned","Santosh rental cars","SANTOSH rental cars.jpg","10","8","B","71","I was at Charles de Gaulle Airport in Paris, trying to catch a connecting flight to Rome. My initial flight out of New York was delayed by two hours, which left me with exactly twenty minutes to cross three terminals.The task was pure chaos. I had to sprint through a massive, unfamiliar airport while dragging a heavy carry-on suitcase whose wheel had snapped off on the tarmac. I arrived at the gate sweating, out of breath, and carrying the broken bag in my arms, only to find the boarding door closed.","Travel and holidays"
"113","Planning the trip","Procrastinate","Procrastinate poster 1/2","assigned","Santosh rental cars","SANTOSH rental cars.jpg","10","9","B","70","I had to plan a trip with my friends. However, we could not find a good place to stay, how to travel and itenary as well since we were all lazy and left it at the last moment due to which trip was cancelled","Travel and holidays"
"113","Planning the trip","Procrastinate","Procrastinate poster 1/2","assigned","Santosh rental cars","SANTOSH rental cars.jpg","10","10","B","70","Going from one place to another if there are various means of  transportation involved it gets messy pretty quickly. I can’t plan the timings delays or the money that will require.","Travel and holidays"
"114","Planning the trip","Procrastinate","Procrastinate poster 2/2","TO SOURCE","— TO SOURCE —","","1","1","B","70","It’s easy to apply for visa - just book tickets and showcase proof of funds but it takes forever and feels like a big chore so my travel plans keep getting postponed","Travel and holidays"
"115","Planning the trip","Repetitive","Repetitive poster","TO SOURCE","— TO SOURCE —","","9","1","A","87","My collage , IIT Hyderabad , is technically IIT Kandi. Kandi is a small village, 2 hrs away from the outskirts of Hyderabad. And I live in hyderabad. Though I live in my hostel at the collage, on weekends I go to my home to spend time with family. It is something I am supposed to do but each time I travel it wastes 3 hrs of my time and drains my energy.   There are no proper travel options from IIT Hyderabad to Hyderabad so I have to switch between two Buses or Autos. It is a very tiring experience weekly.","Travel and holidays"
"115","Planning the trip","Repetitive","Repetitive poster","TO SOURCE","— TO SOURCE —","","9","2","A","84","It’s not a mess really - in fact this is the part I love - planning for travel. But making a personalised itinerary specific to my vegetarian family means planning to an excruciating detail with fallbacks planned too. It’s almost like the food choices are dictating the daily plan","Travel and holidays"
"115","Planning the trip","Repetitive","Repetitive poster","TO SOURCE","— TO SOURCE —","","9","3","A","83","We have been going on holidays with my sisters and their families for the last 2-3 years and it is a pain to coordinate every time. Agreeing in on destinations, dates and hotels consumes so much time that we often settle for whatever is available.","Travel and holidays"
"115","Planning the trip","Repetitive","Repetitive poster","TO SOURCE","— TO SOURCE —","","9","4","A","82","Whenever my family plans a trip, we have to book tickets and fill in the same details again and again, such as names, dates of birth and other passenger information. The process is always the same, but I still have to manually enter all the details every time. Since we travel regularly, it feels like a task that could easily be handled by someone else or automated.","Travel and holidays"
"115","Planning the trip","Repetitive","Repetitive poster","TO SOURCE","— TO SOURCE —","","9","5","A","81","During a trip to the mountains, I had to coordinate the hotel booking, transport, and plans with a few friends. Everyone kept changing their availability, one person was slow to confirm, and I had to repeatedly check prices, send reminders, and make sure the final booking worked for everyone. The annoying part wasn’t any single task—it was keeping track of all the small changes and following up with people. I would have happily handed that coordination to an assistant that could track everyone’s responses, suggest the best option, and remind people automatically.","Travel and holidays"
"115","Planning the trip","Repetitive","Repetitive poster","TO SOURCE","— TO SOURCE —","","9","6","A","81","On a trip with friends, I ended up spending almost as much time planning as actually enjoying the trip. We had to compare flights, check hotel options, figure out everyone's budget, decide where to go each day, and keep asking people for confirmations. The frustrating part was that most of it was repetitive—checking the same things, sharing options, and waiting for replies. I’d happily hand that part to an assistant and just make the final decisions.","Travel and holidays"
"115","Planning the trip","Repetitive","Repetitive poster","TO SOURCE","— TO SOURCE —","","9","7","B","75","What to eat, where to eat, which places to visit first so that we can optimise time and travel. Keeping track of offers for food and movies in credit card or apps.","Going out and entertainment"
"115","Planning the trip","Repetitive","Repetitive poster","TO SOURCE","— TO SOURCE —","","9","8","B","73","I have enrolled for an online course. They have weekly assignments. I missed a few online sessions & hence the assignments that followed as I was travelling out for 3 weeks. I have maintained my pace after I have resumed. However, the 3 assignments that I missed - I need to complete  which creates frustration.","Learning and hobbies"
"115","Planning the trip","Repetitive","Repetitive poster","TO SOURCE","— TO SOURCE —","","9","9","B","70","takes close to 2.5 hrs daily of travel time","Getting around and vehicles"
"116","Planning the trip","No feeling","No feeling poster 1/3","TO SOURCE","— TO SOURCE —","","10","1","A","82","Knew that we have to travel to Himachal in the month of October since April. But booking , searching for places, planning the iternary. It keeps getting pushed in the dream of having 2-3 focused hours which rarely come and then suddenly the fares of flights are 20% more; some people properties you wish to stay in are completely booked and you start feeling like you are compromising even after spending 1-2 lacs.","Travel and holidays"
"116","Planning the trip","No feeling","No feeling poster 1/3","TO SOURCE","— TO SOURCE —","","10","2","A","81","Recently, while planning a trip from Chandigarh to Goa, I was trying to find the right balance between time, money and comfort. The direct flight from Chandigarh to Goa was limited, highly priced, but convenient. A flight from Delhi was cheaper but need to take a train to Delhi which was also adding to the time.","Travel and holidays"
"116","Planning the trip","No feeling","No feeling poster 1/3","TO SOURCE","— TO SOURCE —","","10","3","B","79","Professional certification on hold, planning learning after work hours considering Bangalore traffic and travel time","Learning and hobbies"
"116","Planning the trip","No feeling","No feeling poster 1/3","TO SOURCE","— TO SOURCE —","","10","4","B","76","Travelling typically means planning out the itinerary and making the bookings which takes away a little fun out, i want to plan things but then i dont want to do it from scratch, some options in place where i just choose and things just gets done","Travel and holidays"
"116","Planning the trip","No feeling","No feeling poster 1/3","TO SOURCE","— TO SOURCE —","","10","5","B","76","Trying to book the most cost and time optimized hotels and flights. It has to fit a bunch of criteria- comfortable, centrally located, not too expensive and ofcourse identifying the right OTA which gives the max discount","Travel and holidays"
"116","Planning the trip","No feeling","No feeling poster 1/3","TO SOURCE","— TO SOURCE —","","10","6","B","75","Make flight bookings, hotel bookings and the recreation activities there - all require planning schedules at the most optimum cost (not low but optimum)","Travel and holidays"
"116","Planning the trip","No feeling","No feeling poster 1/3","TO SOURCE","— TO SOURCE —","","10","7","B","75","I feel travelling is like therapy. The more I travel and enjoy the more I feel like this is me. I mostly go with friends and family. I feel more than solo travelling, someone should be there along to have fun. Yes, solo travelling means you meet new people and all but that can be done when someone is there along with you too. People ask are you a mountain person or a beach person, do you like cold places or hot, do you like the west or the east, I say as far as I'm going out of my space and exploring new places, new people, new food- it becomes my comfort zone. Be it hot or cold, mountain or beach, etc.","Travel and holidays"
"116","Planning the trip","No feeling","No feeling poster 1/3","TO SOURCE","— TO SOURCE —","","10","8","B","75","Planning takes so much time and efforts, Deciding upon places to visit, bookings for travel and stay, taking suggestions from people who already went there, and doing all this under a budget. Also the timings need to be convenient for all the people if going in a group.","Travel and holidays"
"116","Planning the trip","No feeling","No feeling poster 1/3","TO SOURCE","— TO SOURCE —","","10","9","B","74","Have to plan and make bookings for a family holiday that i have been postponing","Travel and holidays"
"116","Planning the trip","No feeling","No feeling poster 1/3","TO SOURCE","— TO SOURCE —","","10","10","B","73","Finding the best destination at that time, making good itinerary, finding the right car with driver, booking good hotels/flight/train. Becomes a challenge during busy seasons. For international, visa, currency, connectivity is also a challenge","Travel and holidays"
"117","Planning the trip","No feeling","No feeling poster 2/3","TO SOURCE","— TO SOURCE —","","10","1","B","72","I have to plan a Singapore trip. So getting the flights, visa, itinerary in place","Travel and holidays"
"117","Planning the trip","No feeling","No feeling poster 2/3","TO SOURCE","— TO SOURCE —","","10","2","B","72","on last sunday me and my family went to a waterfall or we can say a hilly area where i and my sisters taking pictures and suddenly my mother called us and start shouting because we are not comming but it hurts me that my brother and other male cousins are also clicking pictures at the mountain and we are at the ground .then i repplied my mother in a harsh way at this point i messed my enjoing feel.","Travel and holidays"
"117","Planning the trip","No feeling","No feeling poster 2/3","TO SOURCE","— TO SOURCE —","","10","3","B","72","Yes I had one day and night trip with my two more friends but we don't want to plan and we have left late from home, not got hotels as traffic was more and had to sleep on car.","Travel and holidays"
"117","Planning the trip","No feeling","No feeling poster 2/3","TO SOURCE","— TO SOURCE —","","10","4","B","70","You need to find the best place nearby to visit such that its feasible to travel with family , the place isnt crowded but has serene stays at a nice budget ...","Travel and holidays"
"117","Planning the trip","No feeling","No feeling poster 2/3","TO SOURCE","— TO SOURCE —","","10","5","B","70","Travel and holidays are actually a fun experience but it makes me so tired when you have to travel on areas like Himachal pradesh and holidays also become boring when you don't have friends and no weekend plans","Travel and holidays"
"117","Planning the trip","No feeling","No feeling poster 2/3","TO SOURCE","— TO SOURCE —","","10","6","B","70","Planning a detailed itinerary for a trip. Once I know the broad dates and destinations filling it out becomes a lot of grunt work","Travel and holidays"
"117","Planning the trip","No feeling","No feeling poster 2/3","TO SOURCE","— TO SOURCE —","","10","7","B","69","I have to go out and eat, so travelling and coming back etc takes time. That's all","Food and eating out"
"117","Planning the trip","No feeling","No feeling poster 2/3","TO SOURCE","— TO SOURCE —","","10","8","B","69","Normaly we likes chats dont want eat repetative foods trying some thing new where it is avaiable near to home or travel long etc","Food and eating out"
"117","Planning the trip","No feeling","No feeling poster 2/3","TO SOURCE","— TO SOURCE —","","10","9","B","69","Booking international flights, where application of filters, still generates weird options that have no logic to travel from A to B","Travel and holidays"
"117","Planning the trip","No feeling","No feeling poster 2/3","TO SOURCE","— TO SOURCE —","","10","10","B","68","I want to be able to find all the trips, flights events happening on my specific dates of holidays few months in advance, also itinerary planning to my taste and finding travel partners","Travel and holidays"
"118","Planning the trip","No feeling","No feeling poster 3/3","TO SOURCE","— TO SOURCE —","","10","1","B","68","I feel that as far as entertainment goes, be it visiting a theatre to watch a movie or any other form of entertainment, travel consumes a lot of time and it is draining away the energy.","Going out and entertainment"
"118","Planning the trip","No feeling","No feeling poster 3/3","TO SOURCE","— TO SOURCE —","","10","2","B","68","When you are visiting an unknown place, everything is unknown and hotels, cabs, etc find ways to hoodwink you. This takes the joy away from the vacation.","Travel and holidays"
"118","Planning the trip","No feeling","No feeling poster 3/3","TO SOURCE","— TO SOURCE —","","10","3","B","67","For trains, getting a booking is impossible; for bus and flight, I still have to physically get on a website to do it","Travel and holidays"
"118","Planning the trip","No feeling","No feeling poster 3/3","TO SOURCE","— TO SOURCE —","","10","4","B","67","Find the best deals and timings for travel. Budgetting","Travel and holidays"
"118","Planning the trip","No feeling","No feeling poster 3/3","TO SOURCE","— TO SOURCE —","","10","5","B","67","reaching my colleges requires 2 hours of travelling to and fro thats most frustating","Getting around and vehicles"
"118","Planning the trip","No feeling","No feeling poster 3/3","TO SOURCE","— TO SOURCE —","","10","6","B","66","Like we wanted to go to banaras but we didn't had any idea we wanted to plan but then went raw and was more fun","Travel and holidays"
"118","Planning the trip","No feeling","No feeling poster 3/3","TO SOURCE","— TO SOURCE —","","10","7","B","66","I always need to remember what my fast tag balance is since most of travel happen on highways","Getting around and vehicles"
"118","Planning the trip","No feeling","No feeling poster 3/3","TO SOURCE","— TO SOURCE —","","10","8","B","66","Checking the optimal flight ticket, hotel along with proximity and planning or changing the itinerary according to the available options","Travel and holidays"
"118","Planning the trip","No feeling","No feeling poster 3/3","TO SOURCE","— TO SOURCE —","","10","9","B","65","Weekend. At home. Spent whole of Saturday and Sunday doing this","Travel and holidays"
"118","Planning the trip","No feeling","No feeling poster 3/3","TO SOURCE","— TO SOURCE —","","10","10","B","65","I once travelled 150km just to have biryani","Food and eating out"
"119","Getting your money back","Overwhelm","Overwhelm poster 1/4","assigned","Bank of India — banking","BOI.jpeg","10","1","A","90","My trip to Mahabaleshwar was a chaotic chain of expensive mistakes. First, we booked our bus tickets for what we thought was 3 PM. When we got ready to leave the next day, we realized we had accidentally booked the 3 AM slot. The bus had already left in the middle of the night, so we lost that ticket money entirely and had to scramble to book a last-minute cab.  When we finally reached Mahabaleshwar, things got worse. We had booked a hotel situated a bit outside the main town. Only upon arriving did we realize that local cab aggregators like Uber or Ola don't operate there, leaving us completely stranded with no way to commute to the tourist spots. We had no choice but to cancel that booking—which was completely non-refundable, so we lost that money too-and frantically rebook a new hotel right inside the town center. Having an assistant that could have flagged the 3 AM vs 3 PM mistake, or warned me about the lack of local transport around my specific hotel location, would have saved me a lot of money and stress.""","Travel and holidays"
"119","Getting your money back","Overwhelm","Overwhelm poster 1/4","assigned","Bank of India — banking","BOI.jpeg","10","2","A","89","I was trying to buy an electronic item during a festive sale and ended up with seven tabs open across Amazon, Flipkart, brand websites, and price tracker extensions.  I spent nearly an hour toggling between platforms trying to figure out which card offer actually applied, whether the ""instant discount"" required an EMI transaction, and if the coupon code was already factored into the displayed price. After finally placing the order, I checked another app 20 minutes later only to find an unadvertised bank cashback offer that made it ₹1,500 cheaper, leaving me debating whether to cancel the original order, deal with refund wait times, and re-order.","Shopping and deals"
"119","Getting your money back","Overwhelm","Overwhelm poster 1/4","assigned","Bank of India — banking","BOI.jpeg","10","3","A","88","One situation was when I was helping my family compare a few investment and insurance options. I was sitting at home with my laptop and phone, trying to understand the differences between plans, returns, premiums, lock-in periods, and the actual terms and conditions. The annoying part was that the information was spread across different websites, PDFs, WhatsApp messages, and conversations with people. I had to keep switching between them, make my own notes, calculate the numbers, and then explain the options to my family in simple terms. What made it worse was that some of the important details were buried in lengthy documents, so it was difficult to quickly figure out what was actually better for us. I remember thinking that an assistant could have gathered everything, compared the options side by side, highlighted the important clauses and risks, and kept track of what we had already considered. The decision itself wasn't particularly difficult—the frustrating part was all the research and coordination required before making it.","Money, investing and insurance"
"119","Getting your money back","Overwhelm","Overwhelm poster 1/4","assigned","Bank of India — banking","BOI.jpeg","10","4","A","87","One task that made me feel quite frustrated was trying to understand and compare investment options for my own savings. I was looking at mutual funds, fixed deposits and insurance plans online, but every website used different terms and showed different returns. I remember spending a lot of time comparing things like returns, lock-in periods, charges and risks, but I still wasn't sure which option actually made sense for me.  What made it more confusing was that some plans sounded attractive because of the returns they advertised, but when I looked deeper, there were conditions and charges that were not obvious at first. I ended up making an Excel sheet to compare the options side by side and understand where my money would actually go.  It was a small task, but it made me realise how difficult financial products can feel when the information is not presented simply.","Money, investing and insurance"
"119","Getting your money back","Overwhelm","Overwhelm poster 1/4","assigned","Bank of India — banking","BOI.jpeg","10","5","A","86","I needed to purchase a dress/accessories/essentials for going out or for replacing some necessary items but similar products are showing up at different price ranges, the ratings or reviews are unreliable or non-existent, or the type of clothes/jewels I want are not available. As for deals, it is difficult to figure out which coupons are available since you need to enter a code and there's no drop-down list.  Returns and exchanges are also exhausting since they only give you a same day notice and no specific time. Sometimes the code does not match and multiple follow ups or delays are needed.","Shopping and deals"
"119","Getting your money back","Overwhelm","Overwhelm poster 1/4","assigned","Bank of India — banking","BOI.jpeg","10","6","A","86","I was trying to compare mutual funds for a class exercise and thought it would be a fairly simple process. It wasn’t. I had to check different fund websites and sources for the fund manager’s tenure, track record, returns and other performance information, then bring everything into one place so I could actually compare the funds. Some information was easy to find, some was buried in different pages, and I kept going back and forth to verify whether I was comparing the same periods and metrics. The frustrating part was that the information existed, but turning it into a decision required a lot of manual searching and checking. I would have loved an assistant that could gather the data, verify it, put the funds side by side and explain what actually mattered.","Money, investing and insurance"
"119","Getting your money back","Overwhelm","Overwhelm poster 1/4","assigned","Bank of India — banking","BOI.jpeg","10","7","A","86","One situation that really comes to mind was trying to sort out an investment and insurance decision at the same time. I was comparing different investment options, checking the returns, charges, lock-in periods, and trying to understand exactly what I was actually getting for the money. On top of that, I had to deal with different people explaining different things, and every answer seemed to lead to another question.  I remember spending a lot of time going through documents, checking numbers online, asking for clarification, and following up because the information I was getting was either incomplete or difficult to understand. I wasn't just trying to decide where to put my money—I had to figure out which option actually made sense for me, what the risks were, what fees I would be paying, and what would happen if I wanted to withdraw the money later. It became unnecessarily complicated for something that should have been a fairly straightforward decision.  The frustrating part was having to keep track of all the details myself and repeatedly chase people for clear answers. That was exactly the kind of task I would have happily handed over to a human assistant: compare the options, organize the information, point out the important differences, follow up with the right people, and give me a simple summary of what I actually needed to know.","Money, investing and insurance"
"119","Getting your money back","Overwhelm","Overwhelm poster 1/4","assigned","Bank of India — banking","BOI.jpeg","10","8","A","85","I was working on a personal finance task where I had to compare different investment and insurance options before deciding what made the most sense. I was going through multiple websites, brochures, and documents to understand returns, fees, risk levels, coverage, exclusions, and terms. The frustrating part was that the information was presented differently across each source, making it difficult to compare options directly. I had to manually organize the details and calculate which options offered better value. I wished I had an assistant that could collect the relevant information, compare the options side by side, highlight important differences, and explain what actually mattered for the decision.","Money, investing and insurance"
"119","Getting your money back","Overwhelm","Overwhelm poster 1/4","assigned","Bank of India — banking","BOI.jpeg","10","9","A","83","I was trying to buy a pair of sneakers online during a sale. I found the pair I wanted at what looked like a great price, but then I started checking different websites for the same product. One had a lower price, another had a coupon, another offered cashback, and then the shipping charges changed the final amount. I ended up opening way too many tabs, comparing prices, checking reviews, figuring out whether the seller was trustworthy, and still wasn't sure if I was actually getting the best deal. What should have taken 5 minutes turned into almost an hour.","Shopping and deals"
"119","Getting your money back","Overwhelm","Overwhelm poster 1/4","assigned","Bank of India — banking","BOI.jpeg","10","10","A","82","I was trying to understand where to put some of my savings and ended up jumping between different apps, websites, and videos to compare mutual funds, stocks, and other options. I had to figure out things like returns, risk, fees, and whether a particular option actually suited me. The frustrating part was that every source explained things differently, so instead of making a decision, I spent more time researching and second-guessing myself. I wished I could simply tell an assistant my goals, budget, and risk preference and have it compare the options and explain the trade-offs clearly.","Money, investing and insurance"
"120","Getting your money back","Overwhelm","Overwhelm poster 2/4","assigned","Indian Overseas Bank — banking","IOB.jpeg","10","1","A","82","Shopping and finding the best deals can be surprisingly difficult. Like everyone else, I always want to get things at the lowest possible price. When shopping online, the same or similar products can be available on different platforms at very different prices, so I have to compare multiple websites before deciding where to buy.  Even after finding the best product price, the decision doesn't end there. Different bank cards and payment methods offer different discounts, cashback, or instant offers. I often have to check which card gives the best deal before making the payment.  Having so many choices can help us save money, but it also means spending a lot of time comparing prices, platforms, and payment offers just to make sure we're actually getting the best deal.","Shopping and deals"
"120","Getting your money back","Overwhelm","Overwhelm poster 2/4","assigned","Indian Overseas Bank — banking","IOB.jpeg","10","2","A","81","I was buying something online and realised I was doing a full investigation just to figure out the actual best price — card offers, bank discounts, coupons, cashback, delivery fees, and whether the “deal” was actually a deal. By the end, I had 12 tabs open and still wasn't sure what the product was really worth.","Shopping and deals"
"120","Getting your money back","Overwhelm","Overwhelm poster 2/4","assigned","Indian Overseas Bank — banking","IOB.jpeg","10","3","A","80","I was trying to sort out an investment-related task and had to compare different options, check returns, understand the charges/terms, and follow up for missing information. I had multiple tabs and messages open, kept going back and forth between documents, and still wasn't completely sure I was comparing everything on the same basis. The frustrating part was that it wasn't really a difficult decision—it was just a lot of small pieces of information scattered around. I remember thinking that I would happily give the whole thing to someone, tell them what I wanted, and just have them come back with the best option and what I needed to do next.","Money, investing and insurance"
"120","Getting your money back","Overwhelm","Overwhelm poster 2/4","assigned","Indian Overseas Bank — banking","IOB.jpeg","10","4","A","80","A few weeks ago, I was trying to decide where to put some of my savings. I was sitting in my hostel room with multiple tabs open, comparing investment options, returns, risk, fees and tax implications. Every platform explained things differently, so I kept switching between Google, YouTube and different apps just to understand whether I was making the right decision. What frustrated me most was that I had all the information available, but still had to manually compare everything and figure out what actually applied to me.","Money, investing and insurance"
"120","Getting your money back","Overwhelm","Overwhelm poster 2/4","assigned","Indian Overseas Bank — banking","IOB.jpeg","10","5","A","80","I was trying to choose a mutual fund for my long-term investment and ended up spending hours comparing different funds. I checked past returns, expense ratios, risk levels, fund size, fund managers and portfolio holdings across different websites and apps. The problem was that every source showed different information, and good past performance didn't necessarily mean the fund was right for me. I eventually had to make the decision myself, but I was still unsure whether I had missed an important factor or chosen a fund that overlapped too much with what I already owned.","Money, investing and insurance"
"120","Getting your money back","Overwhelm","Overwhelm poster 2/4","assigned","Indian Overseas Bank — banking","IOB.jpeg","10","6","B","79","Checking multiple websites. Sometimes I ask Claude to help me with better keywords. But even that combined with image search takes up too much time to find things. The increasingly cumbersome return processes are the worst.","Shopping and deals"
"120","Getting your money back","Overwhelm","Overwhelm poster 2/4","assigned","Indian Overseas Bank — banking","IOB.jpeg","10","7","B","79","I was trying to compare different investment options and understand which one made sense for me. I had to go through multiple websites, read about returns, fees, lock-in periods, and tax implications, and then compare everything in a spreadsheet. The annoying part was that the information was scattered and full of financial jargon, so I had to spend a lot of time figuring out what actually mattered. I would have happily handed this off to an assistant who could research the options, summarize the differences, and give me a shortlist","Money, investing and insurance"
"120","Getting your money back","Overwhelm","Overwhelm poster 2/4","assigned","Indian Overseas Bank — banking","IOB.jpeg","10","8","B","79","I had a UPI transaction that was supposed to be reversed. I received an email saying ₹7,137.90 had been credited back to my credit card, and the credit was also showing in the card app. But when I checked my bank account, the amount had actually been debited instead of refunded. I had to compare the transaction details across my bank account, credit card app and email to figure out what had happened and whether I needed to contact the bank.","Money, investing and insurance"
"120","Getting your money back","Overwhelm","Overwhelm poster 2/4","assigned","Indian Overseas Bank — banking","IOB.jpeg","10","9","B","76","I was sick and admitted to a hospital while i was in college. The day I returned I was supposed to take too many medicines but i used to procrastinate so much that i would usually forget taking them. I still have so many meds left and idk what to do with them.","Health and medical"
"120","Getting your money back","Overwhelm","Overwhelm poster 2/4","assigned","Indian Overseas Bank — banking","IOB.jpeg","10","10","B","75","I was trying to understand where to invest some of my savings and ended up jumping between YouTube videos, Reddit threads, bank websites and random calculators. One person was talking about mutual funds, another about FDs, another about insurance as an investment. I had to compare returns, lock-in periods, tax implications and risk, but every source explained things differently. After an hour, I had more tabs open than clarity. I remember thinking, “I wish I could just tell someone my situation and have them figure out what actually makes sense for me.","Money, investing and insurance"
"121","Getting your money back","Overwhelm","Overwhelm poster 3/4","assigned","UCO Bank","ucobank.jpg","10","1","B","75","I was sitting in my room trying to manage my monthly expenses and investments. I wanted to decide where to put my savings, but I had to compare different mutual funds, check returns and risks, understand tax implications, and figure out how much I should invest. It became difficult because all the information was spread across different apps and websites, and I wasn’t sure which option was actually best for me.","Money, investing and insurance"
"121","Getting your money back","Overwhelm","Overwhelm poster 3/4","assigned","UCO Bank","ucobank.jpg","10","2","B","73","Trying to buy a high value electronic appliance online, I spent days opening ten different browser tabs to compare spec sheets, cross verify hidden bank card discounts, check return policies, and read scattered Reddit review threads before completely giving up out of sheer decision fatigue.","Shopping and deals"
"121","Getting your money back","Overwhelm","Overwhelm poster 3/4","assigned","UCO Bank","ucobank.jpg","10","3","B","73","I had to compare an insurance/investment option for my family, but the details on returns, charges, lock-in and coverage were scattered across brochures and agent conversations. I ended up piecing it together myself just to understand what I was actually buying.","Money, investing and insurance"
"121","Getting your money back","Overwhelm","Overwhelm poster 3/4","assigned","UCO Bank","ucobank.jpg","10","4","B","68","I was sitting in my hostel trying to figure out how to invest some of my savings. I started comparing mutual funds and different investment options, but soon I was jumping between websites, videos and calculators trying to understand risk, returns, fees and what was actually suitable for me. Nothing was necessarily “broken,” but the process felt unnecessarily confusing for someone who was just starting out. I had all the information I needed, but not in a form that made the decision easy.","Money, investing and insurance"
"121","Getting your money back","Overwhelm","Overwhelm poster 3/4","assigned","UCO Bank","ucobank.jpg","10","5","B","66","IT returns having complexities, should I re-assess Mutual Funds, sitting with CA to figure out what is best, so that I pay less taxes.","Money, investing and insurance"
"121","Getting your money back","Overwhelm","Overwhelm poster 3/4","assigned","UCO Bank","ucobank.jpg","10","6","B","66","So while investing there is a lot of buzz of new policies, benefits coming up everyday and then it confuses as to which one is actually the best. Somehow i landed up with a wrong policy and got less returns","Money, investing and insurance"
"121","Getting your money back","Overwhelm","Overwhelm poster 3/4","assigned","UCO Bank","ucobank.jpg","10","7","B","66","I was at home trying to understand some financial information, and I had to figure out which option was best for me. I had to compare things like investment returns, risks, fees, and insurance coverage, while also trying to understand complicated terms and conditions. I ended up searching online and asking others for help because I wasn’t completely sure I was making the right decision.","Money, investing and insurance"
"121","Getting your money back","Overwhelm","Overwhelm poster 3/4","assigned","UCO Bank","ucobank.jpg","10","8","B","66","I ordered a pair of shoes online, but the size was wrong. I had to find the order, check the return deadline, keep the original box and packaging, choose a pickup slot, and make sure someone would be home. The pickup did not happen on the first day, so I had to open the app again and reschedule it. Each step was small, but together it felt like too much work for one return.","Shopping and deals"
"121","Getting your money back","Overwhelm","Overwhelm poster 3/4","assigned","UCO Bank","ucobank.jpg","10","9","B","66","I ordered a pair of shoes online, but the size was wrong. I had to find the order, check the return deadline, keep the original box and packaging, choose a pickup slot, and make sure someone would be home. The pickup did not happen on the first day, so I had to open the app again and reschedule it. Each step was small, but together it felt like too much work for one return.","Shopping and deals"
"121","Getting your money back","Overwhelm","Overwhelm poster 3/4","assigned","UCO Bank","ucobank.jpg","10","10","B","65","The task to research where to invest money and what will be the best option considering the amount and long-term returns.","Money, investing and insurance"
"122","Getting your money back","Overwhelm","Overwhelm poster 4/4","assigned","Bank of India","bank of india.jpeg","1","1","B","65","I closed an NSC at the Post Office and was wanting to figure out what to do with the matured amount for a return in the range of 15-18% per annum!","Money, investing and insurance"
"123","Getting your money back","Frustration","Frustration poster 1/3","TO SOURCE","— TO SOURCE —","","10","1","A","88","The Task: Returning a wrong or damaged product and getting a timely refund.  Where I was: At my desk in the middle of a workday, trying to meet a strict 7-day return window.  What happened: The delivered item was the wrong size/model. The app's automated system kept denying the return request with generic ""item non-returnable"" errors, even though the listing clearly offered a 7-day replacement guarantee.  What I had to deal with: Uploading multiple photos and unboxing videos to a support portal, arguing with a chatbot to reach a human agent, waiting at home for three consecutive days because the courier partner marked ""customer unavailable"" without actually visiting, and chasing customer care for two weeks to release the stuck refund to my bank account.","Shopping and deals"
"123","Getting your money back","Frustration","Frustration poster 1/3","TO SOURCE","— TO SOURCE —","","10","2","A","88","Situation: I bought a few shirts and trousers online during a sale for an upcoming college event. However, I heavily procrastinated actually trying them on. By the time I finally wore them to check the fit, they were slightly off, and the hassle-free online return window had just closed.  Because I couldn't return them, I was forced into the offline market. I had to drag myself to the local tailor shop to get them altered. The shop was chaotic. I had to negotiate the alteration prices, physically show him what needed fixing, and he wrote my name on a tiny scrap of paper.  The worst part was the follow-up. A week later, I had to repeatedly call him to check if they were ready. He kept saying to come tomorrow. When they were finally done, I had to physically go back to the crowded market just to pick them up and pay him via a direct WhatsApp UPI number, because local tailors don't use logistics apps or structured billing.","Shopping and deals"
"123","Getting your money back","Frustration","Frustration poster 1/3","TO SOURCE","— TO SOURCE —","","10","3","A","87","The daily annoyance I want to rewire is the exhausting, uncoordinated friction of my multi-bus daily commute. To reach college and return to my PG, I must switch between two different public buses. Because tracking systems fail to provide accurate live bus locations or stop updates, I frequently miss connections by just two minutes, forcing me to wait endlessly for the next vehicle. On the way back, this stress compounded by suffocating, overcrowded buses that make missing stops an ongoing risk. This remains unautomated because current transit apps rely on static timetables rather than real-time passenger loads and dynamic traffic patterns. I want to build an autonomous agent that aggregates crowdsourced transit data, predicts actual connection windows, and guides me dynamically through the chaos of peak-hour commuting.","Getting around and vehicles"
"123","Getting your money back","Frustration","Frustration poster 1/3","TO SOURCE","— TO SOURCE —","","10","4","A","86","Three weeks before a group trip to Vietnam, sitting at my desk sorting out flight dates, internal transfers and hotel choices for five people on a chaotic 40-message WhatsApp group. Halfway through locking down a resort, two people changed their leave dates. I had to cancel unpaid holds, re-check passport validity dates, re-collect flight preferences, and manually re-calculate everyone’s individual splits for the non-refundable deposits, all while watching the original flight prices soar in real time.","Travel and holidays"
"123","Getting your money back","Frustration","Frustration poster 1/3","TO SOURCE","— TO SOURCE —","","10","5","A","86","I was trying to buy something fairly expensive online and got stuck comparing the same product across Amazon, Flipkart, the brand’s website, and a few other stores. The listed price wasn’t really the price—there were bank offers, coupons, exchange deals, cashback, and different delivery dates to consider. I ended up opening a ridiculous number of tabs and doing the calculations myself just to figure out whether I was actually getting a good deal. The frustrating part was that I knew I was probably missing a better offer somewhere, but checking every option manually wasn’t worth the time.","Shopping and deals"
"123","Getting your money back","Frustration","Frustration poster 1/3","TO SOURCE","— TO SOURCE —","","10","6","A","85","Where I was: At home right after a family member got discharged from a planned short stay at a day-care surgical clinic.  What happened: The hospital wasn't on the TPA’s cashless network, requiring an out-of-pocket payment and a manual reimbursement claim process.  What I had to deal with: Organizing dozens of documents—itemized hospital bills, discharge summaries, pharmacy receipts, doctor prescriptions, diagnostic reports, and payment receipts. A month later, the insurer sent an email requesting missing itemized bill breakdowns that the hospital hadn't initially formatted correctly, restarting the entire verification cycle.","Money, investing and insurance"
"123","Getting your money back","Frustration","Frustration poster 1/3","TO SOURCE","— TO SOURCE —","","10","7","A","85","Even though I ordered my food on time , with a prepaid order, I still did not receive the full order and had to bug the company for a refund and there was a whole hassle about the amount that had to be refunded","Food and eating out"
"123","Getting your money back","Frustration","Frustration poster 1/3","TO SOURCE","— TO SOURCE —","","10","8","A","85","I travel internationally several times a month for work. For this, there is a lengthy office process: - Planning the trip - agenda, itinerary - Talking to my human assistant to get quotations for flights and hotels from the travel agency - Creating a trip report online - Entering activity, flight and hotel details - Getting approvals - Getting forex, visa, insurance, etc. - Checking in, the entire travel itself, might have flight delays, changes, etc. Then there is the whole expenses angle. After I complete the trip, I have to log all the bills, scans, etc., and submit to accounts, along with the trip report, which includes a lengthy set of info, including photos and videos if available, of activities. I have to wait for the office to go through multiple levels of approvals before the trip report is closed (including waiting for a random time when I would be reimbursed for expenses made on my own cards).   This takes many productive hours each month, is mindbogglingly manual and tiresome, and usually becomes a pile of work at the end of each quarter.","Travel and holidays"
"123","Getting your money back","Frustration","Frustration poster 1/3","TO SOURCE","— TO SOURCE —","","10","9","A","82","Filing tax returns in India is a complete pain in the a**. The number of different statements, receipts and forms I need to download from different bank/insurance/Government websites is large. And I then need to give passwords for each statement to my human tax agent, who will then calculate my tax liability in an interative process in dialogue with me. I repeat this entire process for my wife too. Very painful process indeed.","Money, investing and insurance"
"123","Getting your money back","Frustration","Frustration poster 1/3","TO SOURCE","— TO SOURCE —","","10","10","B","79","Frustrating - when what I want is sold out / unavailable/ does not deliver in my area, or I have received a faulty product, and I have to upload pictures to prove it so that I get my refund","Groceries and household"
"124","Getting your money back","Frustration","Frustration poster 2/3","TO SOURCE","— TO SOURCE —","","10","1","B","78","I bought veggies. Wife had a look at them and asked me to return it as they were too mature / ripe. Very frustrating indeed.","Groceries and household"
"124","Getting your money back","Frustration","Frustration poster 2/3","TO SOURCE","— TO SOURCE —","","10","2","B","77","Ordering vegetables everyday to get fresh vegetables but still sometimes its not fresh. Then going through whole process of customer care and return/refund.","Groceries and household"
"124","Getting your money back","Frustration","Frustration poster 2/3","TO SOURCE","— TO SOURCE —","","10","3","B","76","One day, I was coughing so severely that my body felt completely weak. Since I was alone, I had to travel nearly 10 kilometers to buy medicine and return, because delivery services were unavailable on Sunday. In the end, the auto-rickshaw fare cost just as much as the medicine itself.","Health and medical"
"124","Getting your money back","Frustration","Frustration poster 2/3","TO SOURCE","— TO SOURCE —","","10","4","B","76","Anxious - as I had to shop for a gift and I had a budget to stick to. It was exhausting, moving from one app to another to find something to gift. By then, the phone guessed my need and began bombarding me with new sale offers. I fell into the trap, ordered something, and it turned out to be horrible! And now I have to spend time again to return it!","Shopping and deals"
"124","Getting your money back","Frustration","Frustration poster 2/3","TO SOURCE","— TO SOURCE —","","10","5","B","75","everything related to annual filing of income tax returns is a royal pain. govt keeps asking for more and more information every year in excruciating detail - keeps squeezing the 6% of population which pays income tax, while the majority don't pay anything, or pay just a token amount. makes one feel like a criminal, while in reality it should be the exact opposite","Money, investing and insurance"
"124","Getting your money back","Frustration","Frustration poster 2/3","TO SOURCE","— TO SOURCE —","","10","6","B","74","i hate hate hate how every website has different rules. i recently ordered a toy from the website of a reputed brand - it came completely damaged and im unable to return it","Shopping and deals"
"124","Getting your money back","Frustration","Frustration poster 2/3","TO SOURCE","— TO SOURCE —","","10","7","B","74","I have keloids in several parts of my body, and I have to keep going for steroid injections to control them. The treatment doesn't completely get rid of them; it mainly helps prevent them from growing further, so I have to keep returning for treatment. The injections are very painful, and knowing that I have to go through them repeatedly makes me keep putting off the next treatment.","Health and medical"
"124","Getting your money back","Frustration","Frustration poster 2/3","TO SOURCE","— TO SOURCE —","","10","8","B","73","Stocks in one app, Mutual funds in other, FDs in other. Hard and frustrating to keep track of how much invested where and how much returns am I getting","Money, investing and insurance"
"124","Getting your money back","Frustration","Frustration poster 2/3","TO SOURCE","— TO SOURCE —","","10","9","B","71","When my father was hospitalised for a thyroid operation, I claimed on the insurance from my previous employer.  After his discharge I collected every bill hospital, pharmacy, everything and went around getting each one stamped by the hospital, because I'd been told an unstamped bill means a query, and a query means weeks. So I front-loaded the paperwork to prevent a delay I could already see coming.  It didn't work. The insurer raised queries anyway and asked for more documents. Once I'd sent those, nothing happened, so I started chasing through emails, calls, and when I heard nothing back, escalating to my company's HR to get someone at the insurer to respond. HR was the only lever I had, and I only had it because I'd worked there.  The reimbursement came through about two months after my father was discharged.","Money, investing and insurance"
"124","Getting your money back","Frustration","Frustration poster 2/3","TO SOURCE","— TO SOURCE —","","10","10","B","70","I have a portfolio of real estate and stocks. I’m trying to optimize it to get optimal returns across them. With Real estate, for instance I’m trying to find a tenant for an office space in the heart of the city. Renegotiate the lease on my industrial land. And find a buyer for a site that I have. All of the steaks effort. I also need to follow up with a developer for Vilas. I’ve booked and the CRM isn’t responding to my messages to take the next steps of getting the property registered.","Money, investing and insurance"
"125","Getting your money back","Frustration","Frustration poster 3/3","TO SOURCE","— TO SOURCE —","","2","1","B","68","I was trying to make my first investment decision and thought it would take 15 minutes. Instead, I ended up jumping between apps, articles and calculators, trying to understand returns, risk, charges and what actually applied to me. The annoying part wasn't the lack of information—it was having too much information with no clear way to turn it into a decision. I eventually had to piece everything together myself.","Money, investing and insurance"
"125","Getting your money back","Frustration","Frustration poster 3/3","TO SOURCE","— TO SOURCE —","","2","2","B","68","Filling reimbursement forms, attaching bills, couriering them to insurer. It all takes a lot of time and effort","Health and medical"
"126","Getting your money back","Repetitive","Repetitive poster","TO SOURCE","— TO SOURCE —","","8","1","A","89","I was standing outside a partially rusted rolling shutter in Pantnagar at 5:45 AM, already sweating through my t-shirt, trying to negotiate a short-term gym membership before my plant shift started. Relocating for a two-month summer stint meant my usual university routine was completely dismantled, and I desperately needed a reliable place to train before spending the next ten hours analyzing inbound logistics and trying to eliminate non-value-added activities on the shop floor.  I had tracked down this specific local gym on Google Maps because it was the only one claiming to open before 6 AM. When I walked in, the owner was half-asleep on a plastic chair, sipping tea. I asked for a simple, two-month access plan. He flatly refused, tapping a laminated, handwritten chart on the desk. He only offered a strict six-month lock-in or an exorbitant daily pass rate that made zero financial sense for a student.  What followed was a ridiculously inefficient, high-friction negotiation. I tried explaining my temporary relocation. He countered by offering a ""special"" three-month package, but mandated that I pay the entire sum upfront in cash—blatantly ignoring the massive UPI QR code taped to the mirror directly behind his head. The scanner ""wasn't accepting large amounts today,"" he casually claimed.  The exact task I had to deal with was not fitness; it was the agonizing administrative friction of just trying to pay someone to let me use their equipment. I had to leave the premises, walk three blocks to a dusty ATM that turned out to be out of service, and then hike another two blocks to find a functioning machine. I finally returned with physical currency, completely mentally drained before I had even touched a single dumbbell.  Our wearable tech tracks our heart rate variability down to the millisecond, yet the physical infrastructure of accessing local wellness spaces remains deeply fragmented, entirely unstructured, and completely hostile to transient schedules.","Fitness and wellness"
"126","Getting your money back","Repetitive","Repetitive poster","TO SOURCE","— TO SOURCE —","","8","2","A","86","Ensuring fresh produce is brought in time, nothing is wasted and we have a variety of fresh food cooked everyday for family health. I do daily meal planning and daily household cleaning planning and brief my maid and cook. But they do what I ask them to do and they do it well. So all the thinking and planning, including weekly fridge emptying, groceries checking, provisions checking, to dust checking, is me. And segregating hand wash from the machine wash clothes, since there is lot of handloom, is me. It is routine work and am on top of it but on travel and return days from long work days I get tired","Groceries and household"
"126","Getting your money back","Repetitive","Repetitive poster","TO SOURCE","— TO SOURCE —","","8","3","A","86","I track equipment for the sports as a committee member, e.g., mats, balls, and kabaddi gear. Someone borrows something, I chase them to return it, they swear they did, but it's still in their locker. I have a Google Sheet nobody fills, so I manually round-check storage, and WhatsApp people asking 'do you still have X?' Every match day, I'm panicking because I don't know what's actually available. An assistant that tracks who has what and sends reminders would save me from being the inventory nag.","Learning and hobbies"
"126","Getting your money back","Repetitive","Repetitive poster","TO SOURCE","— TO SOURCE —","","8","4","A","83","I travel everyday to the clg which is almost 50km away from the place i live. I have to wake up every day at 5.30 ,get onto the bus at 6.30 and travel for 2 hrs daily .The return journey is another storyy ,sometimes it takes 3 hrs due to traffic.And the seats ,the people frustrate me .They make noise i cant sleep for 10 min , if i bend the seat ,the person behind me has a problem ,and people play games and make noises. I am feed up , i just feel like not gng anywhere ,for even enjoying i dont want to travel and reach there.","Travel and holidays"
"126","Getting your money back","Repetitive","Repetitive poster","TO SOURCE","— TO SOURCE —","","8","5","B","79","i didn't have any money to return some of the my friends debt then i thought i could sell him some of my things so that he will not pressurize me after all he is my childhood friend but he is continuosly asking me again and again for the money so i tell him you will not die if you wait for that and he got little bit rage bait that if you don't have the guts to return then why you take the money","Money, investing and insurance"
"126","Getting your money back","Repetitive","Repetitive poster","TO SOURCE","— TO SOURCE —","","8","6","B","74","Every month all the transactions from upi, credit card, bank accounts, cash have to be data entered and categorized in order to summarize the expense across categories and compare with monthly budget. Investments have to be manually reviewed for rebalancing as per performance and objectives. Insurance opd claims have to be manually submitted with details for reimbursement.","Money, investing and insurance"
"126","Getting your money back","Repetitive","Repetitive poster","TO SOURCE","— TO SOURCE —","","8","7","B","73","Creating the weekly feeding roster, scheduling vet visits in between classes and tracking expenses and filing for reimbursements from the college administration.","Pets"
"126","Getting your money back","Repetitive","Repetitive poster","TO SOURCE","— TO SOURCE —","","8","8","B","69","Managing the money while getting a better return with minimal risk of investment is getting harder and harder every day .","Money, investing and insurance"
"127","Getting your money back","Procrastinate","Procrastinate poster","TO SOURCE","— TO SOURCE —","","5","1","A","89","I was huddled under the leaking canvas awning of a trendy cocktail bar in London at 9:15 PM, screaming into my phone over the bass of a nearby street performer while trying to hold a spot for eight people who were scattered across three different transit lines. I had spent three weeks coordinating this ""perfect Friday night out"" to celebrate a friend’s promotion, pulling off a minor miracle by locking down a non-refundable booking deposit. Now, the bar was refusing to seat us because our entire party wasn't present, two friends were trapped on a delayed tube line with zero cell service, and another group text thread was actively blowing up because someone brought an uninvited plus-one, entirely throwing off our head-count. I stood there in the pouring rain, aggressively refreshing a ride-sharing app with a soaking wet thumb, trying to track my friends' real-time locations while a very unsympathetic host tapped their clipboard and threatened to give our table away to the massive queue forming behind us.","Going out and entertainment"
"127","Getting your money back","Procrastinate","Procrastinate poster","TO SOURCE","— TO SOURCE —","","5","2","A","84","I need to manage my money and start investing, and I always keep procrastinating that task repetitively. This is important that I manage my funds, get the money back from people who owe me, and also start learning about the investment segments which could me good returns. I cannot handover this task as I feel this is something personal to me, and I would be unlikely to handover this work to an AI, until and unless that AI is in built in my banking app. I deal with it by sitting down, start checking each transactions and get distracted by the latest IPO that is trending instead of investing my money long term.","Money, investing and insurance"
"127","Getting your money back","Procrastinate","Procrastinate poster","TO SOURCE","— TO SOURCE —","","5","3","B","78","I had to invest in some stocks with my montly pocket money... The task was really time consuming in which stock should i invest which would give me good returns ... I ended up procrastinating","Money, investing and insurance"
"127","Getting your money back","Procrastinate","Procrastinate poster","TO SOURCE","— TO SOURCE —","","5","4","B","78","Active management of the portfolio- I default to SIPs because too lazy to do anything else. Log in across multiple accounts etc would love an easier way to manage assets across platforms in an easy manner. Stop SIPs that don’t give return anymore.","Money, investing and insurance"
"127","Getting your money back","Procrastinate","Procrastinate poster","TO SOURCE","— TO SOURCE —","","5","5","B","65","Keeping track of all the investments ,due to which delays ,choosing the right investment policy ,looking at someone else get a better return due to better selection of policies","Money, investing and insurance"
"128","Getting your money back","No feeling","No feeling poster 1/2","TO SOURCE","— TO SOURCE —","","10","1","A","84","I gave my laptop to get repaired .It was repaired and dispatch from company  side but it take around month to reach my place . I mean it get return 3 time  , like how ? It never reached to me so I could return it back . I travel nearby delivery office regarding this .I receive no message, no call regarding my order , then how it get returned 3 times.I had important metting on the same week it got returned second time . I have to buy a second hand laptop in urgency.","Weddings and special occasions"
"128","Getting your money back","No feeling","No feeling poster 1/2","TO SOURCE","— TO SOURCE —","","10","2","A","83","I start an online course or save a YouTube playlist for a skill I want to learn, such as DSA or AI development(Data Science) . After a few days of college work and projects, I stop. When I return, I cannot remember where I left off, what I understood, or which exercises I planned to do next. I spend time reopening tabs, videos, notes, and bookmarks, then often decide to restart later instead of continuing.","Learning and hobbies"
"128","Getting your money back","No feeling","No feeling poster 1/2","TO SOURCE","— TO SOURCE —","","10","3","A","82","I start an online course or save a YouTube playlist for a skill I want to learn, such as DSA or AI development. After a few days of college work and projects, I stop. When I return, I cannot remember where I left off, what I understood, or which exercises I planned to do next. I spend time reopening tabs, videos, notes, and bookmarks, then often decide to restart later instead of continuing.","Learning and hobbies"
"128","Getting your money back","No feeling","No feeling poster 1/2","TO SOURCE","— TO SOURCE —","","10","4","B","76","Everytime one orders fruits or vegetables online the quality is a suspect. It has to be checked, returned and then ensure the refund in wallet","Groceries and household"
"128","Getting your money back","No feeling","No feeling poster 1/2","TO SOURCE","— TO SOURCE —","","10","5","B","76","I just can't manage to take out time for gym or sports. The problem is that it's not just 1 hour of gym it's the process of going ,returning and again meal preping.","Fitness and wellness"
"128","Getting your money back","No feeling","No feeling poster 1/2","TO SOURCE","— TO SOURCE —","","10","6","B","76","I just can't manage to take out time for gym or sports. The problem is that it's not just 1 hour of gym it's the process of going ,returning and again meal preping.","Fitness and wellness"
"128","Getting your money back","No feeling","No feeling poster 1/2","TO SOURCE","— TO SOURCE —","","10","7","B","74","Saving copies of bills that I need to take pictures of and upload them in a proper format with all details on company's portal for reimbursements. I work in an FMCG company where travel is very frequent. My claims have reached over 50K by now that I am yet to submit and claim my own money. Same goes with submitting medical bills for reimbursements","Money, investing and insurance"
"128","Getting your money back","No feeling","No feeling poster 1/2","TO SOURCE","— TO SOURCE —","","10","8","B","73","I was filling a form for reimbursement of medical bills of my grandpa's and he had to fill like n number of forms to get a mere refund of thousand rupees.","Health and medical"
"128","Getting your money back","No feeling","No feeling poster 1/2","TO SOURCE","— TO SOURCE —","","10","9","B","71","I need shoes. Like sneakers. Going on a trip, lots of walking. Ordered a few pairs, nothing fit, returned it all. Idk my size. In store nobody has a nice selection. I've given up","Shopping and deals"
"128","Getting your money back","No feeling","No feeling poster 1/2","TO SOURCE","— TO SOURCE —","","10","10","B","68","Deciding between different kinds of investments, based on risk and return, and replacing an old health-insurance policy with a new one.","Money, investing and insurance"
"129","Getting your money back","No feeling","No feeling poster 2/2","TO SOURCE","— TO SOURCE —","","2","1","B","68","Groceries, cart-making, then refunding all the spoiled stuff from quick-commerce","Shopping and deals"
"129","Getting your money back","No feeling","No feeling poster 2/2","TO SOURCE","— TO SOURCE —","","2","2","B","66","Returns are a message ( online shopping). Complaints aren't handled well. Again tech helps protect the company!","Shopping and deals"
"130","Finding the exact right thing","Overwhelm","Overwhelm poster 1/14","assigned","Cadbury 5 Star chocolate bar","5star.webp","10","1","A","88","Every e-commerce platform has a different deal: some offer discounts on ICICI, some on Axis, some on something else. It's extremely energy-draining to jump from platform to platform to see which app is providing the best discount on whatever I'm planning to buy.  The same thing happens with flight booking as well. I used to check at least three to four different platforms before booking my flight tickets. I realised recently it's not worth my time, so I just use Amazon Flights to book my tickets now.","Shopping and deals"
"130","Finding the exact right thing","Overwhelm","Overwhelm poster 1/14","assigned","Cadbury 5 Star chocolate bar","5star.webp","10","2","A","87","I was trying to buy a new pair of headphones and spent way longer than I expected figuring out what to get. I started on Amazon, then checked reviews on YouTube and Reddit, compared a few models on different sites, looked at prices and offers, and kept second-guessing whether the more expensive option was actually worth it. I had a rough budget and knew what features I wanted, but there were too many slightly different options and too much conflicting advice. Eventually I just picked one because I was tired of researching. The frustrating part was spending more time deciding what to buy than actually buying it.","Shopping and deals"
"130","Finding the exact right thing","Overwhelm","Overwhelm poster 1/14","assigned","Cadbury 5 Star chocolate bar","5star.webp","10","3","A","87","""I was sitting in my room late at night, just trying to buy a decent USB-C hub for my Mac so I could connect a second monitor for coding. I ended up with 15 tabs open across Amazon and Flipkart. I spent over an hour cross-checking reviews, calculating complex bank discount structures, and hunting for promo codes on random deal sites. By the time I found the 'best' deal, I realized it required a specific credit card I didn't even have. I was so mentally drained by the decision fatigue that I just closed my laptop and bought nothing.""","Shopping and deals"
"130","Finding the exact right thing","Overwhelm","Overwhelm poster 1/14","assigned","Cadbury 5 Star chocolate bar","5star.webp","10","4","A","87","I was working late at my desk around 9 PM on a weekday, starving. I spent 40 minutes switching back and forth between Swiggy and Zomato comparing delivery times, prices, and coupon codes, only to find the item was out of stock at checkout. I ended up ordering the exact same bland bowl I always get out of pure decision fatigue.","Food and eating out"
"130","Finding the exact right thing","Overwhelm","Overwhelm poster 1/14","assigned","Cadbury 5 Star chocolate bar","5star.webp","10","5","A","87","I was sitting at home trying to figure out how I could afford college. I had an admission offer with a large education loan attached to it, and my parents were willing to contribute, but I realised that paying tuition, living expenses, and loan interest would put a serious strain on our finances. I ended up comparing loan amounts, interest rates, exchange rates, scholarships, and expected career outcomes in a spreadsheet, trying to work out which option actually made financial sense. The frustrating part was that every decision affected another one—borrowing less meant more pressure on my parents now, while borrowing more meant a much larger repayment burden later. I wanted something that could help me make that entire decision systematically instead of juggling spreadsheets, assumptions, and conflicting advice.","Money, investing and insurance"
"130","Finding the exact right thing","Overwhelm","Overwhelm poster 1/14","assigned","Cadbury 5 Star chocolate bar","5star.webp","10","6","A","87","I wanted to buy a branded shirt which I knew would be available on multiple platforms. While I wanted to make sure that I get it at the cheapest price, I wanted the shirt in 2 days and so my priority was to find that shirt in my size at a site which can deliver that shirt in 2 days while hopefully being listed at a cheaper price. This process took me so much time that I eventually bought from the first site which delivered in 2 days regardless of the price (and the delivery fee and handling fee they were charging)","Shopping and deals"
"130","Finding the exact right thing","Overwhelm","Overwhelm poster 1/14","assigned","Cadbury 5 Star chocolate bar","5star.webp","10","7","A","86","i spend too much time at the aisle debating among the wide varieties of companies and their products. i have to weigh the quantity, quality, price and everything before buying... also the wishlist thing is real... i hv a wishlist that i never buy from and the comparing deals and offers is hard to keep track of.","Shopping and deals"
"130","Finding the exact right thing","Overwhelm","Overwhelm poster 1/14","assigned","Cadbury 5 Star chocolate bar","5star.webp","10","8","A","86","I once spent way too long looking for a discount on something I absolutely did not need. I had about 17 tabs open, compared prices across every possible website, checked coupon codes, and even waited for a “better deal.”  Finally, I found the perfect discount… only to realise the original price had mysteriously gone up just before the sale. So technically, I saved ₹500 by spending ₹2,000 more.   At that point, I closed all the tabs and bought it anyway. Because apparently, getting a “deal” is more important than actually saving money.","Shopping and deals"
"130","Finding the exact right thing","Overwhelm","Overwhelm poster 1/14","assigned","Cadbury 5 Star chocolate bar","5star.webp","10","9","A","86","One task I regularly deal with is finding the right resources when I want to learn something new. For example, when I wanted to improve my understanding of finance and entrepreneurship, I had to search through YouTube videos, articles, courses, and different websites to find useful and reliable material. I often ended up with too many options and no clear learning path. I had to compare resources, decide what to study first, and create my own schedule. I would have preferred an assistant that understood my goals, recommended the best resources, created a structured learning plan, tracked my progress, and adjusted the plan as I improved.","Learning and hobbies"
"130","Finding the exact right thing","Overwhelm","Overwhelm poster 1/14","assigned","Cadbury 5 Star chocolate bar","5star.webp","10","10","A","85","When I need to buy something online, I usually have to check multiple apps, go through dozens of options, compare prices, reviews, sizes and styles, and still sometimes not find exactly what I want. For example, I might know roughly what kind of clothes or product I want, but finding the right one takes so much scrolling and comparing that I sometimes just put it off and tell myself I'll do it later.","Shopping and deals"
"131","Finding the exact right thing","Overwhelm","Overwhelm poster 2/14","assigned","GEC radios — electronics","GEC.jpeg","10","1","A","85","I was trying to learn a new technical skill and got stuck before I had even properly started. I had YouTube videos open, a few courses saved, GitHub repositories bookmarked and articles recommending completely different learning paths. Every source seemed useful, but they all assumed a different starting point. I spent more time comparing what I should learn, which resource to trust and what order to follow than actually learning. By the end, I had a collection of tabs, playlists and bookmarks, but no clear plan for what to do next.","Learning and hobbies"
"131","Finding the exact right thing","Overwhelm","Overwhelm poster 2/14","assigned","GEC radios — electronics","GEC.jpeg","10","2","A","85","A few weeks ago, I was out with friends and we wanted to order food for everyone. The annoying part was figuring out what to order because everyone had different preferences and budgets. We kept sending restaurant links and screenshots in the WhatsApp group, comparing menus, checking ratings, asking who wanted what, and then realizing something was unavailable. Eventually, one person just placed the order. I wish an assistant could have handled the whole thing—understood everyone's preferences and budget, shortlisted a few options, checked availability, and coordinated the order without all the back-and-forth.","Food and eating out"
"131","Finding the exact right thing","Overwhelm","Overwhelm poster 2/14","assigned","GEC radios — electronics","GEC.jpeg","10","3","A","85","We are buying a home which is supposed to get delivered in 3 years. We kaready have a loan but will have to pay 20% of the amount at delivery and then plan for interiors. This will need money and and me and my wife we keep discussing how much we need and we need to identify how to start saving it every month and in what instrument. It's tedious to compare multiple instruments and then identify what gives us optimal results with peace of mind. I have started interaction with llms but in the end explaining back and forth and then executing it takes time. Once I finalize executing it will require me to finalize an instrument, stup instructions and then track it on performance.","Money, investing and insurance"
"131","Finding the exact right thing","Overwhelm","Overwhelm poster 2/14","assigned","GEC radios — electronics","GEC.jpeg","10","4","A","85","I was trying to buy something online and ended up spending much more time deciding what to buy than I expected. I had a few options open across different shopping apps, with different prices, discounts, delivery dates and reviews. Then I started checking YouTube reviews and Reddit comments because I wasn't sure whether the cheaper option was actually a good deal.  I kept switching between tabs, comparing specifications, checking whether the discount was genuine, and adding things to my cart just to see the final price. By the end, I had a bunch of screenshots and links saved but still wasn't completely sure which one was actually worth buying. The annoying part was doing all that research manually for something that should have taken 10 minutes.","Shopping and deals"
"131","Finding the exact right thing","Overwhelm","Overwhelm poster 2/14","assigned","GEC radios — electronics","GEC.jpeg","10","5","A","85","I was trying to buy a laptop and ended up comparing models for hours — checking the processor, GPU, RAM, thermals, upgrade options, reviews and prices across different sites. I’d narrow it down to one, find another model at a similar price, and start comparing all over again. Even after finding a good option, I kept checking whether there was a better deal or whether the price might drop. The annoying part was that the research took almost as much effort as the actual purchase.","Shopping and deals"
"131","Finding the exact right thing","Overwhelm","Overwhelm poster 2/14","assigned","GEC radios — electronics","GEC.jpeg","10","6","A","85","Whenever I want to buy something, I end up comparing the same product across multiple apps just to make sure I’m not overpaying. I check Amazon, Flipkart, and other sites, compare prices, coupons, delivery dates, and reviews, and then keep going back and forth because the price seems to change constantly. Sometimes I finally decide to buy it, only to find the same product cheaper somewhere else. It’s frustrating and feels like way too much effort for a simple purchase.","Shopping and deals"
"131","Finding the exact right thing","Overwhelm","Overwhelm poster 2/14","assigned","GEC radios — electronics","GEC.jpeg","10","7","A","85","I was trying to decide where to eat with a few friends. We were all in different places, had different preferences, and nobody wanted to take responsibility for choosing the restaurant. I ended up searching through Google Maps, checking menus, looking at reviews, comparing prices, checking whether they had tables available, and then sending options to everyone on WhatsApp. By the time we finally agreed, we had already spent more time deciding where to eat than actually eating.","Food and eating out"
"131","Finding the exact right thing","Overwhelm","Overwhelm poster 2/14","assigned","GEC radios — electronics","GEC.jpeg","10","8","A","84","Shopping for something as basic as shoes feels frustrating because of the sheer volume of options, having to go through so many similar options to whittle it down to the final few. After all that research then the same shoe being available on different websites and stores and then having to compare prices and deals and coupons.","Shopping and deals"
"131","Finding the exact right thing","Overwhelm","Overwhelm poster 2/14","assigned","GEC radios — electronics","GEC.jpeg","10","9","A","84","Comparing prices/ offers on different platforms is tedious. As a student, I reside on campus and I order food from platforms like Swiggy/ Zomato almost every day. I switch between apps to check for availability, prices & discounts on the same items.","Food and eating out"
"131","Finding the exact right thing","Overwhelm","Overwhelm poster 2/14","assigned","GEC radios — electronics","GEC.jpeg","10","10","A","84","I was trying to buy something online and ended up checking the same product across multiple sites. The price kept changing depending on the seller, coupon, bank offer and delivery charges, so I kept going back and forth trying to figure out the actual cheapest option. Then I started checking reviews to make sure I wasn't saving ₹200 only to get a worse product. What should have been a quick purchase turned into a lot of tabs, comparisons and second-guessing.","Shopping and deals"
"132","Finding the exact right thing","Overwhelm","Overwhelm poster 3/14","assigned","Bata shoes — footwear","bata.jpeg","10","1","A","84","I was literally 3 days away from joining college and suddenly I remembered I had to buy a bag pack. now, I have opened 6-7 websites and literally surfing thousands of options on each of them, checking reviews an them checking same product on different websites to check which one is giving better deal, which one is delivering earliest. oh god, it took me hours and I was so drained.","Shopping and deals"
"132","Finding the exact right thing","Overwhelm","Overwhelm poster 3/14","assigned","Bata shoes — footwear","bata.jpeg","10","2","A","84","No one could agree on where to go—one friend was set on watching a movie, another just wanted to grab food, and someone else couldn't even make it at the same time as everyone else. I spent a bunch of time searching for places, checking prices, figuring out how far everything was, and sending all these options in our group chat.  Of course, as soon as I did that, people started changing their minds or just stopped responding altogether. After all that effort, we were still nowhere closer to deciding on a plan.  Honestly, the problem wasn't even about the outing itself. The real headache was trying to juggle everyone’s preferences and schedules, people changing their plans last minute, others leaving me on read, and then comparing all the places based on price, distance, timing—plus what everyone wanted. What should've been simple just turned into this endless back-and-forth.","Going out and entertainment"
"132","Finding the exact right thing","Overwhelm","Overwhelm poster 3/14","assigned","Bata shoes — footwear","bata.jpeg","10","3","A","84","Look for the best deal across platforms whether I'm shopping for grocery or clothes or electronics. It drives my family mad but I just have a habit to compare prices before buying to the detriment of sometimes missing out on something I wanted or ending up paying more","Shopping and deals"
"132","Finding the exact right thing","Overwhelm","Overwhelm poster 3/14","assigned","Bata shoes — footwear","bata.jpeg","10","4","A","83","The Misleading Discount (Online Shopping)The Location: Sitting on my couch at home browsing an e-commerce app.What Happened: I found a jacket marked 50% off during a flash sale.The Mess: I added it to my cart, but at checkout, the price jumped back to full.The Deal With: I had to dig through complex terms and conditions, only to realize the discount required a specific credit card I didn't own. I felt tricked and abandoned the cart.","Shopping and deals"
"132","Finding the exact right thing","Overwhelm","Overwhelm poster 3/14","assigned","Bata shoes — footwear","bata.jpeg","10","5","A","83","was shopping online and ended up comparing prices, discounts, delivery charges, and reviews across multiple websites. Some deals had hidden conditions, and I couldn’t figure out which option was actually the best value. It became a frustrating mess that I would have happily handed over to an assistant.","Shopping and deals"
"132","Finding the exact right thing","Overwhelm","Overwhelm poster 3/14","assigned","Bata shoes — footwear","bata.jpeg","10","6","A","82","I was shopping online for something I needed for college. I checked Amazon and Flipkart, compared prices, looked for discounts and delivery charges, and still wasn’t sure if I was getting a good deal. I ended up spending a lot of time comparing the same product across different websites,but it was not so useful","Shopping and deals"
"132","Finding the exact right thing","Overwhelm","Overwhelm poster 3/14","assigned","Bata shoes — footwear","bata.jpeg","10","7","A","82","Last month, I was comparing prices for a laptop online. I checked Amazon, Flipkart, and a few other sites, compared reviews and offers, then kept switching between apps to see if the price would drop or a better deal appeared. It took much longer than expected and I still wasn’t sure if I was actually getting the best price.","Shopping and deals"
"132","Finding the exact right thing","Overwhelm","Overwhelm poster 3/14","assigned","Bata shoes — footwear","bata.jpeg","10","8","A","82","I was trying to decide where to eat with friends while we were out. We had to consider everyone's preferences, budget, dietary restrictions, location, and whether the restaurant had availability. I ended up checking multiple apps, reading reviews, comparing menus, and coordinating through WhatsApp. It took much longer than expected, and I had to keep following up before we could make a decision. I would happily hand over the searching, comparing, and coordinating to an assistant that could suggest the best options and help finalize the plan.","Food and eating out"
"132","Finding the exact right thing","Overwhelm","Overwhelm poster 3/14","assigned","Bata shoes — footwear","bata.jpeg","10","9","A","82","I was at home trying to buy a pair of earbuds online. I found a few options, but then I had to compare prices across different apps, check whether there were any bank offers or coupons, read reviews, and figure out if the cheaper option was actually worth it. I kept switching between apps and adding things to my cart just to see which one gave the better deal. By the end, I was more confused than when I started and still hadn’t bought anything.","Shopping and deals"
"132","Finding the exact right thing","Overwhelm","Overwhelm poster 3/14","assigned","Bata shoes — footwear","bata.jpeg","10","10","A","82","Whenever my skin changes, gets irritated, or the weather changes, I end up starting my product search all over again. I have to check ingredients, reviews and whether a product is likely to suit what I need at that time, then compare different products across apps to find the right one at a reasonable price. Sometimes the same product is priced differently on different apps, so I end up checking several places before buying. It feels like I’m repeatedly doing the same research from scratch just to find something that works and is reasonably priced.","Beauty and self-care"
"133","Finding the exact right thing","Overwhelm","Overwhelm poster 4/14","assigned","Bata canvas shoes — youth footwear","bata2.jpeg","10","1","A","82","One time before going out, I realized I needed a haircut and some basic grooming. What I thought would be simple turned into checking different salons, comparing prices and reviews, calling to ask about availability, and figuring out when I could fit it into my schedule. By the end, I had spent more time planning the self-care than actually doing it.","Beauty and self-care"
"133","Finding the exact right thing","Overwhelm","Overwhelm poster 4/14","assigned","Bata canvas shoes — youth footwear","bata2.jpeg","10","2","A","82","I was hungry in my room and spent way too long scrolling through food apps, comparing restaurants, prices and delivery times, only to order something random in the end.","Food and eating out"
"133","Finding the exact right thing","Overwhelm","Overwhelm poster 4/14","assigned","Bata canvas shoes — youth footwear","bata2.jpeg","10","3","A","81","I was trying to buy something online and ended up checking Amazon, Flipkart and a few other sites to compare prices, reviews and offers. Then I’d save a bunch of options, forget which one was actually best, and go back and forth before buying. The annoying part was doing all that research for something that should’ve taken 10 minutes.","Shopping and deals"
"133","Finding the exact right thing","Overwhelm","Overwhelm poster 4/14","assigned","Bata canvas shoes — youth footwear","bata2.jpeg","10","4","A","81","Everytime comparing the product across channels, delivery time, review comparison & others","Shopping and deals"
"133","Finding the exact right thing","Overwhelm","Overwhelm poster 4/14","assigned","Bata canvas shoes — youth footwear","bata2.jpeg","10","5","A","81","I was at a mall looking for a pair of sneakers and found a pair I liked at a good discount. After waiting in line, I found out the discount only applied if I used a specific bank card. I ended up comparing prices online, checking different offers, and eventually ordering them online for less. The frustrating part was that the “deal” looked simple but had a bunch of conditions attached to it.","Shopping and deals"
"133","Finding the exact right thing","Overwhelm","Overwhelm poster 4/14","assigned","Bata canvas shoes — youth footwear","bata2.jpeg","10","6","A","81","I don't like spending a minute comparing different websites for better deals. If I see something somewhere, I'm inclined to just buy it anyway instead of looking through other places with the same product but 10% cheaper","Shopping and deals"
"133","Finding the exact right thing","Overwhelm","Overwhelm poster 4/14","assigned","Bata canvas shoes — youth footwear","bata2.jpeg","10","7","A","81","I was trying to buy a pair of sneakers online before a sale ended. I had the product open on two different websites, was checking prices, comparing coupon codes, reading reviews, and asking my friends which one to get. Then I realised one site had a lower price but higher delivery charges, while another had a bank discount I wasn't eligible for. I ended up spending almost an hour comparing tabs and still wasn't sure if I was getting the best deal.  What I really wanted was someone to just say: Buy this one from here—you'll pay ₹X after all discounts, it arrives by Friday, and it's the best option based on what you usually buy.","Shopping and deals"
"133","Finding the exact right thing","Overwhelm","Overwhelm poster 4/14","assigned","Bata canvas shoes — youth footwear","bata2.jpeg","10","8","A","81","I was trying to buy something online and ended up opening the same product on multiple apps to compare prices, discounts, delivery dates and reviews. One app showed a lower price but the delivery was later, another had a better offer if I used a specific bank card, and somewhere else there was a coupon I wasn't sure would actually work. I kept adding and removing the product from different carts, checking screenshots and trying to figure out whether I was actually getting the best deal or just wasting time chasing a small discount. By the end, buying one thing had turned into a whole research project.","Shopping and deals"
"133","Finding the exact right thing","Overwhelm","Overwhelm poster 4/14","assigned","Bata canvas shoes — youth footwear","bata2.jpeg","10","9","A","81","I have this completely broken slippers and my feet gets dirty everytime I go to the washroom or outside and my feet practically touches the floor and even gets wet with toilet water and it will take me 10 mins to just order a basic slipper but if I buy one then it has to a really good one and well researched and only after I compare my options and if not that then I don't want it so I have been living like this for 2 months.","Shopping and deals"
"133","Finding the exact right thing","Overwhelm","Overwhelm poster 4/14","assigned","Bata canvas shoes — youth footwear","bata2.jpeg","10","10","A","81","I was trying to buy a laptop online and had to compare prices across multiple websites, check different offers, coupon codes, delivery charges, and reviews. It was frustrating because finding the genuinely best deal took much longer than actually deciding what to buy.","Shopping and deals"
"134","Finding the exact right thing","Overwhelm","Overwhelm poster 5/14","assigned","Bharat Electronics — electronics","bharat electronics.jpeg","10","1","A","81","I was trying to buy something online and ended up opening way too many tabs just to figure out whether I was actually getting a good deal. I checked the price on a couple of different apps, looked at reviews, searched for coupon codes, checked whether the same product was available somewhere else, and then went back to the first option because I couldn't remember which one had the better price.  The annoying part wasn't buying the thing. It was figuring out whether I was making the right choice without spending more time researching it than the product was worth.","Shopping and deals"
"134","Finding the exact right thing","Overwhelm","Overwhelm poster 5/14","assigned","Bharat Electronics — electronics","bharat electronics.jpeg","10","2","A","81","I found a product online that looked like a great deal, but after comparing prices across platforms, delivery charges and the final checkout price, the “deal” wasn't as attractive as it first appeared. I had to spend time checking multiple websites just to figure out what the actual best price was.","Shopping and deals"
"134","Finding the exact right thing","Overwhelm","Overwhelm poster 5/14","assigned","Bharat Electronics — electronics","bharat electronics.jpeg","10","3","A","81","I was trying to buy something online and spent way too much time comparing different products, prices, reviews, and offers. I kept checking multiple apps and websites to see if I could get a better deal, but it was hard to know which one was actually worth buying. In the end, I was just frustrated with how much time the whole process took.","Shopping and deals"
"134","Finding the exact right thing","Overwhelm","Overwhelm poster 5/14","assigned","Bharat Electronics — electronics","bharat electronics.jpeg","10","4","A","80","A few days ago, I needed to buy something online and started comparing prices across different apps. I found one that looked like a good deal, but then I had to check whether another website had it cheaper, look for coupon codes, compare delivery charges, check reviews, and figure out whether the “discount” was actually a discount. I ended up with five tabs open and sent screenshots to a friend asking which one looked better.  The annoying part was that I spent almost as much time finding and validating the deal as actually shopping. I would happily hand this over to someone who could just tell me, “This is the best price from a reliable seller—buy this one.”","Shopping and deals"
"134","Finding the exact right thing","Overwhelm","Overwhelm poster 5/14","assigned","Bharat Electronics — electronics","bharat electronics.jpeg","10","5","A","80","One time, while working late on my college capstone project, I was too busy to cook or go out. I ended up spending way too much time deciding what to order, checking different places, comparing prices and delivery times, and coordinating with friends about what everyone wanted. By the time we decided, I felt like ordering food had become another task on my to-do list.","Food and eating out"
"134","Finding the exact right thing","Overwhelm","Overwhelm poster 5/14","assigned","Bharat Electronics — electronics","bharat electronics.jpeg","10","6","A","80","Once I was trying to buy a product online and spent a lot of time comparing prices across different websites. I found what looked like a good deal, but then I noticed that the final price changed after adding delivery charges and applying different coupons. I had to check multiple offers, compare reviews, and try different coupon codes to find the actual best price. It became frustrating because I was spending almost as much time finding the right deal as I would have spent choosing the product itself.","Shopping and deals"
"134","Finding the exact right thing","Overwhelm","Overwhelm poster 5/14","assigned","Bharat Electronics — electronics","bharat electronics.jpeg","10","7","A","80","I was buying something online and had to compare the same product across different websites, check reviews, prices, delivery charges and discounts. I kept switching between apps and tabs because the cheapest-looking option wasn't always the best deal. It took a lot of time just to decide where to buy it.","Shopping and deals"
"134","Finding the exact right thing","Overwhelm","Overwhelm poster 5/14","assigned","Bharat Electronics — electronics","bharat electronics.jpeg","10","8","A","80","I was shopping online for something I needed and spent a lot of time comparing prices, reviews, sizes, and different sellers. I finally found what looked like the best deal, but then I had to check multiple apps for coupons and delivery charges, and the price kept changing. It took way longer than it should have just to decide what to buy.","Shopping and deals"
"134","Finding the exact right thing","Overwhelm","Overwhelm poster 5/14","assigned","Bharat Electronics — electronics","bharat electronics.jpeg","10","9","A","80","I was trying to order food for a group, and it turned into way more coordination than it should have been. I had to check everyone’s preferences, figure out who wanted what, find a place that actually had everything, compare prices, and then keep messaging people because someone would inevitably change their order at the last minute. By the time we finally placed the order, I’d spent more time coordinating it than actually deciding what to eat.","Food and eating out"
"134","Finding the exact right thing","Overwhelm","Overwhelm poster 5/14","assigned","Bharat Electronics — electronics","bharat electronics.jpeg","10","10","A","80","I was hunting for resistance loop bands during a sale, the site showed “50% off,” but the discount didn’t apply, coupon codes failed, and hidden shipping charges popped up. I ended up juggling tabs and deals, wasting time just to figure out the real best price.","Shopping and deals"
"135","Finding the exact right thing","Overwhelm","Overwhelm poster 6/14","assigned","Campa Cola/Orange — soft drink, friends","campa.jpeg","10","1","A","80","When i was shopping online for something I needed and had to check several websites to compare prices, discounts, delivery charges, and reviews. I kept switching between different apps and tabs to figure out which option was actually the best deal. It was frustrating because the cheapest-looking option wasn’t always the cheapest after delivery fees and discounts. I wished someone could have done the comparison for me and simply told me which one was the best value.","Shopping and deals"
"135","Finding the exact right thing","Overwhelm","Overwhelm poster 6/14","assigned","Campa Cola/Orange — soft drink, friends","campa.jpeg","10","2","A","80","I was shopping online for a product and found the same or similar item across multiple apps. I had to compare prices, delivery charges, coupons, bank offers, ratings, and delivery dates separately. The lowest-looking price wasn't always the cheapest after adding delivery fees and applying different offers. I ended up opening several apps and doing the comparison manually before deciding where to buy. It felt like a task an assistant should have handled for me.","Shopping and deals"
"135","Finding the exact right thing","Overwhelm","Overwhelm poster 6/14","assigned","Campa Cola/Orange — soft drink, friends","campa.jpeg","10","3","A","80","I have to check for the delivery charges , then the actual amount the item , compare prices and compare if ordering it online would be more economical or going out and buying it","Shopping and deals"
"135","Finding the exact right thing","Overwhelm","Overwhelm poster 6/14","assigned","Campa Cola/Orange — soft drink, friends","campa.jpeg","10","4","A","80","one  experience  that comes to mind was when i was shopping for clothes and trying to find good deal online. I had a limited budget , so i spent quite some time comparing prices accross different apps and checking discounts, coupons and offers. I finally found a product that i liked at a good price , but when i went to place the order, the discount was not getting applied at checkout.","Shopping and deals"
"135","Finding the exact right thing","Overwhelm","Overwhelm poster 6/14","assigned","Campa Cola/Orange — soft drink, friends","campa.jpeg","10","5","A","80","Comparing prices across platforms for the best deal, which actually makes it cheaper than buying in person (because at the very least, freshness of produce is guaranteed in the latter).","Groceries and household"
"135","Finding the exact right thing","Overwhelm","Overwhelm poster 6/14","assigned","Campa Cola/Orange — soft drink, friends","campa.jpeg","10","6","B","79","I was with friends trying to decide where to eat. We spent more time comparing restaurants, menus, prices, ratings and travel time than actually deciding. Then we had to message everyone again to agree on one place.","Food and eating out"
"135","Finding the exact right thing","Overwhelm","Overwhelm poster 6/14","assigned","Campa Cola/Orange — soft drink, friends","campa.jpeg","10","7","B","79","Recently, I was ordering food with friends and we spent quite a lot of time deciding what to eat.  We had to compare menus, prices, reviews and delivery times across different apps and still weren’t sure which option would be best.  The whole process took longer than actually eating the food.","Food and eating out"
"135","Finding the exact right thing","Overwhelm","Overwhelm poster 6/14","assigned","Campa Cola/Orange — soft drink, friends","campa.jpeg","10","8","B","79","Recently, I was shopping online for clothes and kept comparing the same item across different websites.  I had to check prices, sizes, reviews, delivery dates and discount codes, and sometimes the “deal” wasn’t actually cheaper after checking everything.  It took a lot of time to figure out whether I was genuinely getting a good deal.","Shopping and deals"
"135","Finding the exact right thing","Overwhelm","Overwhelm poster 6/14","assigned","Campa Cola/Orange — soft drink, friends","campa.jpeg","10","9","B","79","Confused in deals. Overthink. Check multiple apps to best price. In the end get frustrated.","Shopping and deals"
"135","Finding the exact right thing","Overwhelm","Overwhelm poster 6/14","assigned","Campa Cola/Orange — soft drink, friends","campa.jpeg","10","10","B","79","Last week, I was trying to decide where to eat with friends. We spent almost 30 minutes comparing Zomato/Google reviews, menus, prices, distance, and whether the place had a table available. By the time we decided, half the group had lost interest.","Food and eating out"
"136","Finding the exact right thing","Overwhelm","Overwhelm poster 7/14","assigned","Cherry Blossom shoe polish","cherry.jpeg","10","1","B","79","Every time these are last-minute purchases when the cook is here or about to come and we need to buy. and i waste a lot of time comparing prices/gifts and the best platform to buy from.","Groceries and household"
"136","Finding the exact right thing","Overwhelm","Overwhelm poster 7/14","assigned","Cherry Blossom shoe polish","cherry.jpeg","10","2","B","79","One example is when I wanted to buy a few personal-care and grooming products. I was at home comparing different options online, but there were too many brands, reviews, prices, and recommendations. I had to check whether the product was suitable for me, compare prices across apps, and read reviews to avoid buying something that wouldn’t work. It took much longer than expected, and I still wasn’t completely sure I had chosen the right product.","Beauty and self-care"
"136","Finding the exact right thing","Overwhelm","Overwhelm poster 7/14","assigned","Cherry Blossom shoe polish","cherry.jpeg","10","3","B","79","When I want to buy something online, I check different apps to compare prices, offers, and reviews. Sometimes I spend more time finding the best deal than deciding what to buy.","Shopping and deals"
"136","Finding the exact right thing","Overwhelm","Overwhelm poster 7/14","assigned","Cherry Blossom shoe polish","cherry.jpeg","10","4","B","79","During a festive sale, I was trying to buy an item I'd been eyeing, comparing prices across two apps. Right when I decided on the best deal, it went out of stock, and a coupon code that should've worked wouldn't apply at checkout either. What should've taken five minutes turned into a frustrating half hour of switching between apps and retrying codes.","Shopping and deals"
"136","Finding the exact right thing","Overwhelm","Overwhelm poster 7/14","assigned","Cherry Blossom shoe polish","cherry.jpeg","10","5","B","79","During a festive sale, I was trying to buy an item I'd been eyeing, comparing prices across two apps. Right when I decided on the best deal, it went out of stock, and a coupon code that should've worked wouldn't apply at checkout either. What should've taken five minutes turned into a frustrating half hour of switching between apps and retrying codes.","Shopping and deals"
"136","Finding the exact right thing","Overwhelm","Overwhelm poster 7/14","assigned","Cherry Blossom shoe polish","cherry.jpeg","10","6","B","79","Last week I was looking to buy something online and ended up checking the same product across a few different websites. I had to compare prices, delivery dates, reviews and offers, and then figure out whether the cheaper option was actually a better deal. It took much longer than I expected for something that should have been a fairly simple purchase.","Shopping and deals"
"136","Finding the exact right thing","Overwhelm","Overwhelm poster 7/14","assigned","Cherry Blossom shoe polish","cherry.jpeg","10","7","B","78","Toggling between grocery apps or shops in a mall to find the best deals for what I want and not what the shops want to offload. In the confusion and exhaustion, I end up buying things I don't really need and forget the ones that actually triggered the shopping spree","Shopping and deals"
"136","Finding the exact right thing","Overwhelm","Overwhelm poster 7/14","assigned","Cherry Blossom shoe polish","cherry.jpeg","10","8","B","78","The best deals in most eCom apps are hidden. The pop ups show you are eligible but when you wade thru the clicks you are knocked out --- OTT platforms, Make my trip, Swiggy, Amazon are unfortunately anmes i have to mention, with Adobe, Apple, & MS in a great race to fleece the unwary. one of the biggest problems is about multiple devices access - its always the most difficult and navigating to integrate it accros your TV & mobile shakes your ""Gott in Himmel"" theories. Add Frankenstien if its between an IoS mobile and a Google TV. kill me please.","Shopping and deals"
"136","Finding the exact right thing","Overwhelm","Overwhelm poster 7/14","assigned","Cherry Blossom shoe polish","cherry.jpeg","10","9","B","78","I recently had to compare different bank accounts and payment options for managing my savings. I had to go through multiple websites, understand charges and benefits and figure out which option actually made sense for me. The information was scattered and full of financial terms, which made the whole process more frustrating than it needed to be.","Money, investing and insurance"
"136","Finding the exact right thing","Overwhelm","Overwhelm poster 7/14","assigned","Cherry Blossom shoe polish","cherry.jpeg","10","10","B","78","I was sitting in my hostel room. Me and my friends wanted to go out for lunch and they asked me to look for a new place because they were bored with the usual ones. So I was tasked to find a restaurant which serves tasty food, which is not very far from campus (because everyone hates Mumbai traffic dearly) and which is friendly for pocket. Finding a place which hits all these marks (in reality and not just on an app or online reviews or reels) was a very daunting task. Eventually they gave up on me and we went to one of our usual spots.","Food and eating out"
"137","Finding the exact right thing","Overwhelm","Overwhelm poster 8/14","assigned","Goldspot soft drink — youth","goldspot.jpeg","10","1","B","78","I live in a hostel, so uts a everyday task to decide what to eat and go through the app for an hour and then order , comparing price across different apps","Food and eating out"
"137","Finding the exact right thing","Overwhelm","Overwhelm poster 8/14","assigned","Goldspot soft drink — youth","goldspot.jpeg","10","2","B","78","Tracking how my investments are doing across platforms. Unfortunately too many platforms that take time but I know what to do and almost feels therapeutic at times","Money, investing and insurance"
"137","Finding the exact right thing","Overwhelm","Overwhelm poster 8/14","assigned","Goldspot soft drink — youth","goldspot.jpeg","10","3","B","77","Had to book tickets took time to find the right time and price had to compare different websites to see which offer max discounts.","Travel and holidays"
"137","Finding the exact right thing","Overwhelm","Overwhelm poster 8/14","assigned","Goldspot soft drink — youth","goldspot.jpeg","10","4","B","77","Finding optimum choices - with a suitable comparison on metrics which actually matter, then finding dependable customer reviews (not fake ones which fill Amazon and most websites)  Comparing across websites which is not easy and then finding discount coupon codes   Part of this AI can do for me today but not perfectly","Shopping and deals"
"137","Finding the exact right thing","Overwhelm","Overwhelm poster 8/14","assigned","Goldspot soft drink — youth","goldspot.jpeg","10","5","B","77","The skus are not the great across apps i need to scroll and search across multiple apps to find what i need , the apps have a way around they also hid the type of cloth used and there are so many ads that if I click somewhere else the whole process of search goes away and when I finally find something I like then i need to compare across apps to find best deal","Shopping and deals"
"137","Finding the exact right thing","Overwhelm","Overwhelm poster 8/14","assigned","Goldspot soft drink — youth","goldspot.jpeg","10","6","B","76","While working on my LLM security benchmark project, I kept hitting the same wall — finding reliable sources to actually learn from. I'd search for a topic like prompt injection or adversarial testing and get ten different blog posts, papers, and YouTube explainers, half of them contradicting each other or outdated within months since the field moves that fast. I'd spend hours just filtering — cross-checking claims across GitHub repos, arXiv papers, and random X threads to figure out who was actually right, before I'd even started learning the concept itself. It bleeds into hobbies too — I picked up chess to unwind between study sessions, mostly late-night phone games, but never learned properly. I'd lose a game, get curious why, and fall into a half-hour YouTube rabbit hole of ""top 10 opening mistakes"" videos that never matched the actual position I'd played — watching generic content instead of getting feedback on my real mistake, then closing the app frustrated with nothing fixed.","Learning and hobbies"
"137","Finding the exact right thing","Overwhelm","Overwhelm poster 8/14","assigned","Goldspot soft drink — youth","goldspot.jpeg","10","7","B","76","There are lot of brands and lot of different products. I find it time consuming to search the product, look for reviews and then compare them. Also i have to constantly look for the date of offers and price drops.","Beauty and self-care"
"137","Finding the exact right thing","Overwhelm","Overwhelm poster 8/14","assigned","Goldspot soft drink — youth","goldspot.jpeg","10","8","B","75","When my friends and I planned to eat out after college, I had to check everyone’s preferences, find a place that suited everyone, compare the menu and prices, and then message everyone again to confirm. It took much longer than the actual decision","Food and eating out"
"137","Finding the exact right thing","Overwhelm","Overwhelm poster 8/14","assigned","Goldspot soft drink — youth","goldspot.jpeg","10","9","B","75","Whenever you have to order in or maybe choose a restaurant for eating out, it's a very tedious to compare across options matching your preferences","Food and eating out"
"137","Finding the exact right thing","Overwhelm","Overwhelm poster 8/14","assigned","Goldspot soft drink — youth","goldspot.jpeg","10","10","B","75","I was trying to manage my money and figure out how to save and invest properly. I kept thinking I should start, but I didn’t know which option was actually right for me, how much I should put in, or what I needed to check before doing it. I ended up putting it off because the whole process felt confusing and time-consuming.","Money, investing and insurance"
"138","Finding the exact right thing","Overwhelm","Overwhelm poster 9/14","assigned","Mafatlal suitings — office/fabric","mafatlal group.jpeg","10","1","B","75","You can answer simply like this:  > I was thinking about how to manage and invest my money. I kept comparing different options and worrying about whether I was making the right decision.","Money, investing and insurance"
"138","Finding the exact right thing","Overwhelm","Overwhelm poster 9/14","assigned","Mafatlal suitings — office/fabric","mafatlal group.jpeg","10","2","B","75","Comparing prices and stuff to know I am not being ripped off.","Shopping and deals"
"138","Finding the exact right thing","Overwhelm","Overwhelm poster 9/14","assigned","Mafatlal suitings — office/fabric","mafatlal group.jpeg","10","3","B","75","I was getting ready for an event and realised I needed a few beauty/self-care products. I opened multiple apps, compared prices and reviews, checked whether the products would arrive on time, and then ended up asking a friend what actually works. What should’ve been a quick purchase became way more complicated.","Beauty and self-care"
"138","Finding the exact right thing","Overwhelm","Overwhelm poster 9/14","assigned","Mafatlal suitings — office/fabric","mafatlal group.jpeg","10","4","B","75","Finding a gift for a school group kids birthday party, finding the right specifications and comparisons.","Shopping and deals"
"138","Finding the exact right thing","Overwhelm","Overwhelm poster 9/14","assigned","Mafatlal suitings — office/fabric","mafatlal group.jpeg","10","5","B","75","I wanted to buy a tablet. I spent over an hour jumping between Amazon, Flipkart, and various coupon sites searching for working discount codes, comparing prices, and checking bank offer eligibilities, only to find most codes were expired or invalid at checkout.","Shopping and deals"
"138","Finding the exact right thing","Overwhelm","Overwhelm poster 9/14","assigned","Mafatlal suitings — office/fabric","mafatlal group.jpeg","10","6","B","75","Finding out deals, and what fits right for me and what does not is very frustrating for me. Different sizing from different brands, sales going on on different platforms, its all a mess to shop online.","Shopping and deals"
"138","Finding the exact right thing","Overwhelm","Overwhelm poster 9/14","assigned","Mafatlal suitings — office/fabric","mafatlal group.jpeg","10","7","B","75","its so frustrating to keep checking which app/ website has better offer on the same product and because you have checked it on multiple platforms, you get bombed with 1000 unnecessary promotional mails that genuinely are fake discount appeals","Shopping and deals"
"138","Finding the exact right thing","Overwhelm","Overwhelm poster 9/14","assigned","Mafatlal suitings — office/fabric","mafatlal group.jpeg","10","8","B","74","i just keep comparing and comparing products across different apps, sorting through various app and multiple products which only have a slight difference in specification","Shopping and deals"
"138","Finding the exact right thing","Overwhelm","Overwhelm poster 9/14","assigned","Mafatlal suitings — office/fabric","mafatlal group.jpeg","10","9","B","73","Trying to find new styles across a hundred platforms, compare prices and ending up just doomscrolling forever and not buying anything.","Shopping and deals"
"138","Finding the exact right thing","Overwhelm","Overwhelm poster 9/14","assigned","Mafatlal suitings — office/fabric","mafatlal group.jpeg","10","10","B","73","I was shopping online for clothes and had to check different websites, compare prices and sizes, read reviews, and find the best deal. It took a lot of time to decide what to buy.","Shopping and deals"
"139","Finding the exact right thing","Overwhelm","Overwhelm poster 10/14","assigned","Sprint soft drink","sprint.jpeg","10","1","B","73","I was shopping online for clothes and had to check different websites, compare prices and sizes, read reviews, and find the best deal. It took a lot of time to decide what to buy.","Shopping and deals"
"139","Finding the exact right thing","Overwhelm","Overwhelm poster 10/14","assigned","Sprint soft drink","sprint.jpeg","10","2","B","72","""Searching for working promo codes and comparing prices across 3-4 different shopping apps before buying a single product.""","Shopping and deals"
"139","Finding the exact right thing","Overwhelm","Overwhelm poster 10/14","assigned","Sprint soft drink","sprint.jpeg","10","3","B","72","Again the choice overload forces you to compare price across different platforms which takes a lot of time and peace","Shopping and deals"
"139","Finding the exact right thing","Overwhelm","Overwhelm poster 10/14","assigned","Sprint soft drink","sprint.jpeg","10","4","B","71","arranging for daily meals is a tiresome endeavor, when you're in a new city and you don't know which option works best for you, some hire maids, some go with tiffin services and some go outside. one stop solution needed but there is no one-size-fits-all","Food and eating out"
"139","Finding the exact right thing","Overwhelm","Overwhelm poster 10/14","assigned","Sprint soft drink","sprint.jpeg","10","5","B","71","No place to save all the clothes I want to buy from multiple platforms, no way to compare prices easily, no notifications when my size is available.","Shopping and deals"
"139","Finding the exact right thing","Overwhelm","Overwhelm poster 10/14","assigned","Sprint soft drink","sprint.jpeg","10","6","B","71","I want something, then I get confused, over compare and forget why I actually started and end up doing nothing.","Shopping and deals"
"139","Finding the exact right thing","Overwhelm","Overwhelm poster 10/14","assigned","Sprint soft drink","sprint.jpeg","10","7","B","71","Figuring out the best deals, shipping times and if products are not available, find them on alternate sites.","Shopping and deals"
"139","Finding the exact right thing","Overwhelm","Overwhelm poster 10/14","assigned","Sprint soft drink","sprint.jpeg","10","8","B","70","Finding clothes is still easy but comparing prices throughout the web is a task","Shopping and deals"
"139","Finding the exact right thing","Overwhelm","Overwhelm poster 10/14","assigned","Sprint soft drink","sprint.jpeg","10","9","B","70","I was trying to decide where to order dinner from after a long day, and ended up scrolling through multiple food delivery apps, checking ratings, menus, prices and delivery times. Then I had to ask my family what they wanted, compare everyone's preferences and finally place the order. The actual ordering took a few minutes, but deciding what everyone would eat was the exhausting part.","Food and eating out"
"139","Finding the exact right thing","Overwhelm","Overwhelm poster 10/14","assigned","Sprint soft drink","sprint.jpeg","10","10","B","70","I'd like someone who analyses past data, success rates, company integrity, customer reviews etc. for these decisions because all of that information amounts to massive scale as well deep research. And often difficult to find it in sources with integrity (instead of people / platforms making commission or having biases).","Money, investing and insurance"
"140","Finding the exact right thing","Overwhelm","Overwhelm poster 11/14","assigned","Sprint soft drink — youth/going out","sprint2.jpeg","10","1","B","70","Price comparison and offers from the same restaurant, in different platforms","Food and eating out"
"140","Finding the exact right thing","Overwhelm","Overwhelm poster 11/14","assigned","Sprint soft drink — youth/going out","sprint2.jpeg","10","2","B","69","Price comparison,product reviews, feature comparison etc","Shopping and deals"
"140","Finding the exact right thing","Overwhelm","Overwhelm poster 11/14","assigned","Sprint soft drink — youth/going out","sprint2.jpeg","10","3","B","69","Figuring out whats going on for a particular weekend, figuring out where ticket sales are happening then figuring out from the booking services which ones is the cheapest","Going out and entertainment"
"140","Finding the exact right thing","Overwhelm","Overwhelm poster 11/14","assigned","Sprint soft drink — youth/going out","sprint2.jpeg","10","4","B","69","Selection process is tiring, we have to compare among different options available and suitability of our use case","Shopping and deals"
"140","Finding the exact right thing","Overwhelm","Overwhelm poster 11/14","assigned","Sprint soft drink — youth/going out","sprint2.jpeg","10","5","B","69","Where do I find The right item given so many choices. It's just so tough to buy and shop.","Shopping and deals"
"140","Finding the exact right thing","Overwhelm","Overwhelm poster 11/14","assigned","Sprint soft drink — youth/going out","sprint2.jpeg","10","6","B","68","Too many options, sizing discrepancies, manual work of checking reviews, waiting for deals","Shopping and deals"
"140","Finding the exact right thing","Overwhelm","Overwhelm poster 11/14","assigned","Sprint soft drink — youth/going out","sprint2.jpeg","10","7","B","68","I was trying to decide where to put some of my savings. I opened a few apps, looked at different investment options and started reading about them. There were too many things to compare, and I wasn’t sure what was actually right for me. I kept telling myself I would properly research it tomorrow. A few days passed and I still hadn’t made a decision. In the end, the difficult part was not investing itself, but knowing what to choose and feeling confident about the decision.","Money, investing and insurance"
"140","Finding the exact right thing","Overwhelm","Overwhelm poster 11/14","assigned","Sprint soft drink — youth/going out","sprint2.jpeg","10","8","B","68","Finding the right resource to learn which is cost effective takes time and then completing the course work & it's practical application doesn't happen diligently","Learning and hobbies"
"140","Finding the exact right thing","Overwhelm","Overwhelm poster 11/14","assigned","Sprint soft drink — youth/going out","sprint2.jpeg","10","9","B","68","Looking over different platforms, deals, ratings, bestsellers all this is fuss","Food and eating out"
"140","Finding the exact right thing","Overwhelm","Overwhelm poster 11/14","assigned","Sprint soft drink — youth/going out","sprint2.jpeg","10","10","B","67","Like i feel that everyday clothes shouldnt be all about wha you wear and why it is very normal people talk when you wear same clothes like 2-3 times but that shouldnt be case clothes shouldnt be a thing by which you judge someone and i dont have patience to see too many clothes and select something","Shopping and deals"
"141","Finding the exact right thing","Overwhelm","Overwhelm poster 12/14","assigned","Binny's Varsity suiting — executive","varsity.jpeg","10","1","B","67","I would have to search across many different apps to find where the product is the cheapest.","Shopping and deals"
"141","Finding the exact right thing","Overwhelm","Overwhelm poster 12/14","assigned","Binny's Varsity suiting — executive","varsity.jpeg","10","2","B","67","Figuring out the best deals so that I don’t feel ripped off","Shopping and deals"
"141","Finding the exact right thing","Overwhelm","Overwhelm poster 12/14","assigned","Binny's Varsity suiting — executive","varsity.jpeg","10","3","B","67","Patience to see multiple items and try and select from them runs out after about 30 mins… I am more of a just pick the first thing and get out type of shopping person. Cannot go to multiple shops just to see and compare and then decide. Pick a shop and decide there itself","Shopping and deals"
"141","Finding the exact right thing","Overwhelm","Overwhelm poster 12/14","assigned","Binny's Varsity suiting — executive","varsity.jpeg","10","4","B","67","To purchase one product you always want to find the best option and price available across different platforms and if any sale is coming, which helps in taking informed decision","Shopping and deals"
"141","Finding the exact right thing","Overwhelm","Overwhelm poster 12/14","assigned","Binny's Varsity suiting — executive","varsity.jpeg","10","5","B","67","like i am a studdent so whenever going to buy something i have to take care of my buget and choose the thing which fill my stomach also and dont get spend too much money","Shopping and deals"
"141","Finding the exact right thing","Overwhelm","Overwhelm poster 12/14","assigned","Binny's Varsity suiting — executive","varsity.jpeg","10","6","B","67","The same story of when planning a lunch/ dinner checking for places with menu that suits everyone, if it has discount , comparing with other platforms on who is in offering the most discount and more.","Food and eating out"
"141","Finding the exact right thing","Overwhelm","Overwhelm poster 12/14","assigned","Binny's Varsity suiting — executive","varsity.jpeg","10","7","B","67","Looking at different cinemas to compare there movie ticket prices","Going out and entertainment"
"141","Finding the exact right thing","Overwhelm","Overwhelm poster 12/14","assigned","Binny's Varsity suiting — executive","varsity.jpeg","10","8","B","67","Checking for offers on different platforms like magic pin and then checking which mode of payment has best rewards. Look for any promotional messages sent by the brand to me which I can use","Shopping and deals"
"141","Finding the exact right thing","Overwhelm","Overwhelm poster 12/14","assigned","Binny's Varsity suiting — executive","varsity.jpeg","10","9","B","67","Sitting in my room scrolling, searching for tshirts. Boring, repetitive. Also, my being indecisive doesn't help.","Shopping and deals"
"141","Finding the exact right thing","Overwhelm","Overwhelm poster 12/14","assigned","Binny's Varsity suiting — executive","varsity.jpeg","10","10","B","67","price and feature comparison and timing sales for large purchases","Shopping and deals"
"142","Finding the exact right thing","Overwhelm","Overwhelm poster 13/14","assigned","Rolex watch — aspirational buy","ROLEX 001.jpg","10","1","B","66","I was at home trying to figure out my taxes. I had to look up the latest tax rules, work out which deductions and exemptions applied to me, find the right documents, and figure out how much I actually owed. Every website seemed to explain it differently, and I kept worrying I was going to enter something wrong or miss a deadline.","Money, investing and insurance"
"142","Finding the exact right thing","Overwhelm","Overwhelm poster 13/14","assigned","Rolex watch — aspirational buy","ROLEX 001.jpg","10","2","B","66","I was sitting at home trying to pick an online course to learn video editing. I spent three hours jumping between Udemy, YouTube tutorials, and Reddit reviews, getting overwhelmed by conflicting course ratings and outdated curriculum information before giving up entirely","Learning and hobbies"
"142","Finding the exact right thing","Overwhelm","Overwhelm poster 13/14","assigned","Rolex watch — aspirational buy","ROLEX 001.jpg","10","3","B","66","I was trying to buy something online and ended up checking the same product across different shopping apps to compare prices, discounts, delivery dates and reviews. I also had to search for coupon codes and check whether the lower price was actually a better deal after delivery charges. By the end, I had too many tabs open and still was not completely sure I was getting the best price.","Shopping and deals"
"142","Finding the exact right thing","Overwhelm","Overwhelm poster 13/14","assigned","Rolex watch — aspirational buy","ROLEX 001.jpg","10","4","B","66","As a student with a limited budget and a hectic schedule, finding the right product at the right price and getting it on time can be difficult. I also end up spending too much time browsing and shopping just to pass time.","Shopping and deals"
"142","Finding the exact right thing","Overwhelm","Overwhelm poster 13/14","assigned","Rolex watch — aspirational buy","ROLEX 001.jpg","10","5","B","66","Get a list of what’s needed, identify the shops where the items are available, go around to pick best deal, brining them back in bike than a car which is pragmatic","Groceries and household"
"142","Finding the exact right thing","Overwhelm","Overwhelm poster 13/14","assigned","Rolex watch — aspirational buy","ROLEX 001.jpg","10","6","B","66","I know what to learn but its hard to find the right resources and research on resources takes so tym that i dont end up doing it like crochet i want to start but from which course which video which yarn and this is so tym consuming that i dont end up doing the right task.","Learning and hobbies"
"142","Finding the exact right thing","Overwhelm","Overwhelm poster 13/14","assigned","Rolex watch — aspirational buy","ROLEX 001.jpg","10","7","B","66","Haivng varius different brands which brand i have to use, which one i have to buy and which one will suite right vacation etc","Shopping and deals"
"142","Finding the exact right thing","Overwhelm","Overwhelm poster 13/14","assigned","Rolex watch — aspirational buy","ROLEX 001.jpg","10","8","B","66","Hate to keep browsing multiple apps for the same deal","Shopping and deals"
"142","Finding the exact right thing","Overwhelm","Overwhelm poster 13/14","assigned","Rolex watch — aspirational buy","ROLEX 001.jpg","10","9","B","65","If I want to buy any clothes or any other item, I do research about it a lot and then decide and for the materialistic thing like clothing and all it's very difficult for me to decide what will look good on me.","Shopping and deals"
"142","Finding the exact right thing","Overwhelm","Overwhelm poster 13/14","assigned","Rolex watch — aspirational buy","ROLEX 001.jpg","10","10","B","65","Comparing prices and looking for deals","Shopping and deals"
"143","Finding the exact right thing","Overwhelm","Overwhelm poster 14/14","assigned","Standard TV — electronics","STANDARD TV.jpg","3","1","B","65","very indecisive with what to but paradox of plenty so many options with insta stores as well and with no trust abt the quality leading to desicion paralysis","Shopping and deals"
"143","Finding the exact right thing","Overwhelm","Overwhelm poster 14/14","assigned","Standard TV — electronics","STANDARD TV.jpg","3","2","B","65","Comparing different websites for the cheapest price","Shopping and deals"
"143","Finding the exact right thing","Overwhelm","Overwhelm poster 14/14","assigned","Standard TV — electronics","STANDARD TV.jpg","3","3","B","65","Choosing apps after price comparison, vehicle selection","Getting around and vehicles"
"144","Finding the exact right thing","Frustration","Frustration poster 1/5","assigned","Akai/Bush music system","akaibush.jpg","10","1","A","85","its absolutely frustrating to see different deals/prices on my friends phone and mine. and the options we get apparently ""curated"" to our feed is bleh. since i like my friends' more","Shopping and deals"
"144","Finding the exact right thing","Frustration","Frustration poster 1/5","assigned","Akai/Bush music system","akaibush.jpg","10","2","A","83","Usually when I want to eat out with friends, the difficult part is deciding where to go. We spend a lot of time checking Google Maps, Instagram, reviews, menus and prices. Everyone has a different preference, so it becomes even harder to agree on one place.  Sometimes we finally choose a restaurant, only to find that it is crowded, too expensive, doesn't have the food we wanted, or is too far away. Then we have to start searching again. It feels like a small thing, but it wastes a lot of time.","Food and eating out"
"144","Finding the exact right thing","Frustration","Frustration poster 1/5","assigned","Akai/Bush music system","akaibush.jpg","10","3","A","81","I went to Nykaa to buy a lipstick, and the attendee was really irritating. Even after telling him a lot of times I need a dark brown shade, he was not showing me good shades; it was time-consuming and not a fruitful sprint.","Shopping and deals"
"144","Finding the exact right thing","Frustration","Frustration poster 1/5","assigned","Akai/Bush music system","akaibush.jpg","10","4","A","81","It's really painful when we are flooded with many offers and deals which makes no sense to us. Actually no such best deals are available on the things that we want. Some AI help to choose the real best deals or offers for the stuff we want would be useful.","Shopping and deals"
"144","Finding the exact right thing","Frustration","Frustration poster 1/5","assigned","Akai/Bush music system","akaibush.jpg","10","5","A","80","Follow ups and scheduling in group projects is such a pain. Many of the tasks are the same but for different topics but working with a large group is difficult.   Sometimes apps for learning are not actually effective, just gamified algorithms. So finding the right resources in the right order and curating it for my goals is taking longer than doing the learning itself","Learning and hobbies"
"144","Finding the exact right thing","Frustration","Frustration poster 1/5","assigned","Akai/Bush music system","akaibush.jpg","10","6","B","79","Its becoming increasingly hard in tracking all the deals, coupons and best offer. Just when you buy a product you see a better deal a few days after, which you would have waited for if you had known of such a deal.","Shopping and deals"
"144","Finding the exact right thing","Frustration","Frustration poster 1/5","assigned","Akai/Bush music system","akaibush.jpg","10","7","B","79","everytime I have to buy something it's frustrating the amount of time that goes behind finding the best deals and checking the reviews of the products","Shopping and deals"
"144","Finding the exact right thing","Frustration","Frustration poster 1/5","assigned","Akai/Bush music system","akaibush.jpg","10","8","B","79","I meant to set up annual portfolio reviews with my money managers. Scheduling the reviews themselves was a pain and then the actions to be done after needed following up","Money, investing and insurance"
"144","Finding the exact right thing","Frustration","Frustration poster 1/5","assigned","Akai/Bush music system","akaibush.jpg","10","9","B","79","I was looking into a stock before deciding whether I wanted to invest in it. I had to go through the company’s financials, recent news, past performance, what analysts were saying, and then cross-check the information across different sources. The annoying part was that I kept opening different tabs and repeating the same process for every company I was considering. I’d make notes, realise I was missing something, go back and research that, then compare it with another stock. It wasn’t hard, but it was really repetitive and time-consuming. I remember thinking that I’d much rather have someone or something do the initial research and give me a clean summary so I could focus on actually making the decision.","Money, investing and insurance"
"144","Finding the exact right thing","Frustration","Frustration poster 1/5","assigned","Akai/Bush music system","akaibush.jpg","10","10","B","77","Everytime you go out you want something new at the same time dont want to screw things up so you want to play safe. Gets very frustrating.","Food and eating out"
"145","Finding the exact right thing","Frustration","Frustration poster 2/5","assigned","Campa Cola — soft drink","campa cola.jpg","10","1","B","77","Searching through the list, comparing it from multiple websites going through the reviews out the original from the fake and then do the buying painful tedious repeated task","Shopping and deals"
"145","Finding the exact right thing","Frustration","Frustration poster 2/5","assigned","Campa Cola — soft drink","campa cola.jpg","10","2","B","76","Online clothes shopping for college is incredibly frustrating. I spend hours analyzing user reviews just to find unique styles that won't make me twin with classmates. On top of that, standard sizing never seems to work for me—getting shirts or jackets that fit my shoulders and chest properly without hanging weirdly feels almost impossible.","Shopping and deals"
"145","Finding the exact right thing","Frustration","Frustration poster 2/5","assigned","Campa Cola — soft drink","campa cola.jpg","10","3","B","76","Its difficult to figure out entertainment event or show which i will like & searching takes ages especially when i enter in to something which i would not like. Searching entertainment for evening, we got same mumdane recommendations from family members & everyone was scratching their head with options like a movie, daughter said go to game zone in mall or lastly going out for dinner wherein the city may offer many other innovative new options just that there is no finding & interest matching done. Even we have to find friends for similar interest & accompany us.","Going out and entertainment"
"145","Finding the exact right thing","Frustration","Frustration poster 2/5","assigned","Campa Cola — soft drink","campa cola.jpg","10","4","B","75","Usually I or we (family) will be browsing through many options across sites and then create a list by dumping the links to the product on a common group. Initially it worked, but lately even that is not helping, so finally involved members had to sit together 1hr or so and then finally decided on something, sometimes even outside the list, because the list was also not good","Shopping and deals"
"145","Finding the exact right thing","Frustration","Frustration poster 2/5","assigned","Campa Cola — soft drink","campa cola.jpg","10","5","B","75","I just want to find a good restaurant to eat (maybe with a decent offer). I have to check Dineout, District & Eazy Diner to see what suits best. The worst is going through their numerous credit card offers, only to find my credit cards don't qualify!","Food and eating out"
"145","Finding the exact right thing","Frustration","Frustration poster 2/5","assigned","Campa Cola — soft drink","campa cola.jpg","10","6","B","75","like i live in  a hostel so everyday going out and having food because of no good food in mess is unnecessarily tiring and kills alot of time which we as students cant really afoord","Food and eating out"
"145","Finding the exact right thing","Frustration","Frustration poster 2/5","assigned","Campa Cola — soft drink","campa cola.jpg","10","7","B","75","It's so tiring to always find a good cafe which serves the best food at the lowest possible price. I wish I could do this in my dreams.","Food and eating out"
"145","Finding the exact right thing","Frustration","Frustration poster 2/5","assigned","Campa Cola — soft drink","campa cola.jpg","10","8","B","74","I waste my time finding deals then come up with the thought that do i really need to buy this and close the window .","Shopping and deals"
"145","Finding the exact right thing","Frustration","Frustration poster 2/5","assigned","Campa Cola — soft drink","campa cola.jpg","10","9","B","74","Was trying to find a certain type of dress (henleys & pleated pants), but it's hard to find such dress solely through google. Took me to myntra/ajio etc, but there after applying certain filters etc, I saw some pants which i eliminated after seeing photos submitted by real customers (about the product). If i could somehow see those photos upfront, I would find it easier to shop for such clothes.","Shopping and deals"
"145","Finding the exact right thing","Frustration","Frustration poster 2/5","assigned","Campa Cola — soft drink","campa cola.jpg","10","10","B","74","When there are very few to little options for me to buy from which leads to take up majority of my time is a pain. And also going together with someone else for their shopping is usually boring","Shopping and deals"
"146","Finding the exact right thing","Frustration","Frustration poster 3/5","assigned","Goldspot soft drink","goldspot.jpg","10","1","B","73","I wanted to eat and the type of food (non-veg) was fix, but which place to choose and which dish to choose is always a pain and I always end up getting the same dish for years and trying ntg new.","Food and eating out"
"146","Finding the exact right thing","Frustration","Frustration poster 3/5","assigned","Goldspot soft drink","goldspot.jpg","10","2","B","73","Shopping exhausts me; even with deals, it feels like I'm getting the shorter end of the stick.","Shopping and deals"
"146","Finding the exact right thing","Frustration","Frustration poster 3/5","assigned","Goldspot soft drink","goldspot.jpg","10","3","B","72","Going through catalogues to find a product that suits me. Reading through reviews, checking price history all are repetitive tasks","Shopping and deals"
"146","Finding the exact right thing","Frustration","Frustration poster 3/5","assigned","Goldspot soft drink","goldspot.jpg","10","4","B","72","Its hard to choose a food. Its better if every food has its ingrediants and reviews shown.","Food and eating out"
"146","Finding the exact right thing","Frustration","Frustration poster 3/5","assigned","Goldspot soft drink","goldspot.jpg","10","5","B","72","I was trying to put together an outfit for a college fest last month, opening Myntra, then Ajio, then Amazon in separate tabs, trying to match a shirt from one with pants from another while guessing if the colors would even go together in person. Each platform shows me thousands of individual items ranked by their own algorithm, but none of them think in terms of a full outfit, so I'm the one mentally assembling combinations and second guessing every pairing. I wish there was something that actually knew my style and body type across platforms, and could just show me a complete look instead of me stitching one together from five open tabs.","Shopping and deals"
"146","Finding the exact right thing","Frustration","Frustration poster 3/5","assigned","Goldspot soft drink","goldspot.jpg","10","6","B","72","Very difficult to find the right products for my skin, and doing the research is frustrating. Furthermore, I have to order using e-commerce apps, as q-commerce may not have the products.","Beauty and self-care"
"146","Finding the exact right thing","Frustration","Frustration poster 3/5","assigned","Goldspot soft drink","goldspot.jpg","10","7","B","72","I could not find right style, right fit, or too expensive. I scroll for a bit then close the app at the end, buying nothing. It is time consuming.","Shopping and deals"
"146","Finding the exact right thing","Frustration","Frustration poster 3/5","assigned","Goldspot soft drink","goldspot.jpg","10","8","B","72","Love trying new cusines but I find locating a reasonable and quality restaurant a hassle. Even when I do the restaurant is not upto the mark as the reviews/suggestions suggested.","Food and eating out"
"146","Finding the exact right thing","Frustration","Frustration poster 3/5","assigned","Goldspot soft drink","goldspot.jpg","10","9","B","72","A few of us were trying to decide where to eat after college. We had different preferences, budgets, and places we wanted to try, so we ended up scrolling through Google Maps, checking menus and reviews, sending screenshots in the group, and going back and forth for way too long. By the time we finally decided, we could have already been eating.","Food and eating out"
"146","Finding the exact right thing","Frustration","Frustration poster 3/5","assigned","Goldspot soft drink","goldspot.jpg","10","10","B","72","I honestly don't like shopping because I couldn't get those particular items which I want. Such as I want to buy a fresher dress, and I couldn't find it online or offline for my size and it frustrates me a lot.","Shopping and deals"
"147","Finding the exact right thing","Frustration","Frustration poster 4/5","assigned","Vimal suitings — fabric/clothing","VImal.jpeg","10","1","B","71","It's like an art when I do it with interest, but a real pain when I don't want to do any of it and just want to end my day.","Food and eating out"
"147","Finding the exact right thing","Frustration","Frustration poster 4/5","assigned","Vimal suitings — fabric/clothing","VImal.jpeg","10","2","B","70","same process of applying for visas, searching for best deals for tickets and hotels is super time consuming and boring","Travel and holidays"
"147","Finding the exact right thing","Frustration","Frustration poster 4/5","assigned","Vimal suitings — fabric/clothing","VImal.jpeg","10","3","B","69","I have no time to do it. I wish I didnt have to","Shopping and deals"
"147","Finding the exact right thing","Frustration","Frustration poster 4/5","assigned","Vimal suitings — fabric/clothing","VImal.jpeg","10","4","B","69","looking through all restaurants to find a pure veg one that has enough vegan options for me and even within vegan, which cuisine do they have that i am in mood for. and then reading reviews to know if they are hygienic etc.","Going out and entertainment"
"147","Finding the exact right thing","Frustration","Frustration poster 4/5","assigned","Vimal suitings — fabric/clothing","VImal.jpeg","10","5","B","69","Best prices, what I need vs what I have. What to be bought offline and immediate vs what is not urgent etc.","Shopping and deals"
"147","Finding the exact right thing","Frustration","Frustration poster 4/5","assigned","Vimal suitings — fabric/clothing","VImal.jpeg","10","6","B","67","It's frustrating to trust the reviews on the products listed on e-commerce","Shopping and deals"
"147","Finding the exact right thing","Frustration","Frustration poster 4/5","assigned","Vimal suitings — fabric/clothing","VImal.jpeg","10","7","B","67","I love going out and trying new places but I had to find out where to go. I also need a repo of all the places I have been with how did I like it and based on my preferences, which place can I go to. There are a lot of places to choose from so I find it very time consuming.","Food and eating out"
"147","Finding the exact right thing","Frustration","Frustration poster 4/5","assigned","Vimal suitings — fabric/clothing","VImal.jpeg","10","8","B","67","going through different sites and searching for the best deal","Shopping and deals"
"147","Finding the exact right thing","Frustration","Frustration poster 4/5","assigned","Vimal suitings — fabric/clothing","VImal.jpeg","10","9","B","67","I just hate going for shopping clothes, just because those people put so many options i got irritated","Shopping and deals"
"147","Finding the exact right thing","Frustration","Frustration poster 4/5","assigned","Vimal suitings — fabric/clothing","VImal.jpeg","10","10","B","66","It hard to catch up with deals across platforms like myntra might be giving 20% off but amzon might be giving 30% so it's that","Shopping and deals"
"148","Finding the exact right thing","Frustration","Frustration poster 5/5","assigned","Bombay Dyeing suitings — fabric/clothing","bombay dying.jpeg","3","1","B","66","The selection of the best fit and with the appropriate colour is a very painful task also sometimes the coupons expire","Shopping and deals"
"148","Finding the exact right thing","Frustration","Frustration poster 5/5","assigned","Bombay Dyeing suitings — fabric/clothing","bombay dying.jpeg","3","2","B","65","I have to go make something and that is tedious but I have to make it everyday so yeah","Food and eating out"
"148","Finding the exact right thing","Frustration","Frustration poster 5/5","assigned","Bombay Dyeing suitings — fabric/clothing","bombay dying.jpeg","3","3","B","65","i end up choosing the same option after going through the whole menu","Food and eating out"
"149","Finding the exact right thing","Repetitive","Repetitive poster 1/2","assigned","Murphy Radio — Diwali/entertainment","murphy radio.webp","10","1","A","82","I want an agent that can go through all the app which give offer specially in food and pick the best deal for me based on my diet preference and past order history like it should not recommend me same thing instead find the most afforadable and highest value deal of different dished for me choose across platforms","Shopping and deals"
"149","Finding the exact right thing","Repetitive","Repetitive poster 1/2","assigned","Murphy Radio — Diwali/entertainment","murphy radio.webp","10","2","A","80","Loads of time-sensitive offers come in to buy something necessary for the house or group, and everyone forgets about it until it is too late. Other times, it is as simple as buying groceries/fruits on the way back, and with the lack of a reminder phone call, I end up missing it.","Shopping and deals"
"149","Finding the exact right thing","Repetitive","Repetitive poster 1/2","assigned","Murphy Radio — Diwali/entertainment","murphy radio.webp","10","3","A","80","​I was sitting on my couch doing the weekly grocery order. I had to manually compare items across two quick-commerce apps just to see which one had milk, fresh veggies, and coffee in stock without charging absurd surge/delivery fees. It’s the exact same boring, mindless routine every single week, consuming 30 minutes for items I buy constantly.","Shopping and deals"
"149","Finding the exact right thing","Repetitive","Repetitive poster 1/2","assigned","Murphy Radio — Diwali/entertainment","murphy radio.webp","10","4","B","72","When I shop online on platforms like Amazon or Myntra, I often add things to my cart but don't buy them immediately. I keep checking the price again and again to see if it drops or if a better discount comes up, especially during sale periods. It becomes repetitive because I have to keep checking the same items before deciding to buy them.","Shopping and deals"
"149","Finding the exact right thing","Repetitive","Repetitive poster 1/2","assigned","Murphy Radio — Diwali/entertainment","murphy radio.webp","10","5","B","71","Finding out every time what's on offer and where is tedious task.","Shopping and deals"
"149","Finding the exact right thing","Repetitive","Repetitive poster 1/2","assigned","Murphy Radio — Diwali/entertainment","murphy radio.webp","10","6","B","70","Here at IIM SIRMAUR, there are no shops for anything nearby, I have to shop on Amazon regularly for my daily needs, it is in such remote area that only amazon reach here, that's why I can do it while sleeping also","Shopping and deals"
"149","Finding the exact right thing","Repetitive","Repetitive poster 1/2","assigned","Murphy Radio — Diwali/entertainment","murphy radio.webp","10","7","B","70","Its a irritation to make payments to my monthly subscriptions everymonth like the country delight milk subscription.","Shopping and deals"
"149","Finding the exact right thing","Repetitive","Repetitive poster 1/2","assigned","Murphy Radio — Diwali/entertainment","murphy radio.webp","10","8","B","69","In my college, the mess food feels very repetitive as if they are not making a note of what they made yesterday","Food and eating out"
"149","Finding the exact right thing","Repetitive","Repetitive poster 1/2","assigned","Murphy Radio — Diwali/entertainment","murphy radio.webp","10","9","B","67","just checking the apps again and again for deals on products i want","Shopping and deals"
"149","Finding the exact right thing","Repetitive","Repetitive poster 1/2","assigned","Murphy Radio — Diwali/entertainment","murphy radio.webp","10","10","B","67","i want to have keep track of my size on the stuff i like","Shopping and deals"
"150","Finding the exact right thing","Repetitive","Repetitive poster 2/2","assigned","Tata Textiles — fashion/fabric","tata textile.jpeg","3","1","B","66","I've to open every single app every time","Shopping and deals"
"150","Finding the exact right thing","Repetitive","Repetitive poster 2/2","assigned","Tata Textiles — fashion/fabric","tata textile.jpeg","3","2","B","65","Mess is shit, I have to go to canteen daily","Food and eating out"
"150","Finding the exact right thing","Repetitive","Repetitive poster 2/2","assigned","Tata Textiles — fashion/fabric","tata textile.jpeg","3","3","B","65","Every time a sale goes live I think today is the day to convert my wishlist to things in my house but it never happens","Shopping and deals"
"151","Finding the exact right thing","Procrastinate","Procrastinate poster","assigned","Andhra Pradesh handloom textiles","AP textiles.jpg","9","1","A","84","I often hesitate before buying something because I feel like I might find the same product cheaper elsewhere - on another online platform, through an offline store, or even on the same platform at a different time. I don’t like the feeling of overpaying, so I end up comparing prices repeatedly or putting off the purchase altogether, even when I actually need the product.","Shopping and deals"
"151","Finding the exact right thing","Procrastinate","Procrastinate poster","assigned","Andhra Pradesh handloom textiles","AP textiles.jpg","9","2","A","81","I love going out to eat, but most of the times when i am free, i have to book someplace to eat, but many times i forget to do, then i have to wait, which is very annoying","Food and eating out"
"151","Finding the exact right thing","Procrastinate","Procrastinate poster","assigned","Andhra Pradesh handloom textiles","AP textiles.jpg","9","3","A","81","Last weekend, I was trying to order food online after a long day. I had to compare different restaurants, check menus and prices, apply offers, and then deal with delivery delays. It was frustrating because the same process takes time every time I order, especially when I’m hungry and just want to choose quickly.”","Food and eating out"
"151","Finding the exact right thing","Procrastinate","Procrastinate poster","assigned","Andhra Pradesh handloom textiles","AP textiles.jpg","9","4","A","81","Usually when my friends are trying to plan a night out or a weekend plan, I keep putting off deciding what to do. We end up sending messages back and forth about where to go, what time to meet, and who is actually coming. I might have a few places in mind but don't really want to spend time comparing everything, so the plan often gets finalised at the last minute.","Going out and entertainment"
"151","Finding the exact right thing","Procrastinate","Procrastinate poster","assigned","Andhra Pradesh handloom textiles","AP textiles.jpg","9","5","B","76","I always keep thinking about things I have to buy but again forgets it or delays it for next time when the time comes.","Shopping and deals"
"151","Finding the exact right thing","Procrastinate","Procrastinate poster","assigned","Andhra Pradesh handloom textiles","AP textiles.jpg","9","6","B","75","For my everyday shopping I rely on ten minute delivery apps as well as e-commerce apps apps to find the best deals and avoid paying a delivery fee.","Shopping and deals"
"151","Finding the exact right thing","Procrastinate","Procrastinate poster","assigned","Andhra Pradesh handloom textiles","AP textiles.jpg","9","7","B","74","Shopping and deals is something I always forget to check.","Shopping and deals"
"151","Finding the exact right thing","Procrastinate","Procrastinate poster","assigned","Andhra Pradesh handloom textiles","AP textiles.jpg","9","8","B","67","I never like shopping, but I have to do it because there is not other option. And many a time I miss on the sales and all just because I keep delaying the shopping","Shopping and deals"
"151","Finding the exact right thing","Procrastinate","Procrastinate poster","assigned","Andhra Pradesh handloom textiles","AP textiles.jpg","9","9","B","67","I am always involved in something and then i become to focused to it that i forget to other things.","Food and eating out"
"152","Finding the exact right thing","No feeling","No feeling poster 1/7","assigned","Texcom textiles — fabric","Texcom textiles.jpg","10","1","A","86","It just happened right now, I had to place an order for my clothes but I just couldn't find the right amount of tops to add just to get free delivery then it started to check if there is any top or anything that would fit my criteria but I didn't find it and eventually it made me tired. I went to sleep. I still have the main product in cart which I should order but mentally I'm not able to dig out the other accessory so that the deal which I'm getting is justified. Clothes have become too costly to afford these days, even basic tops and jeans cost a fortune due to which I tend to shop with care.","Shopping and deals"
"152","Finding the exact right thing","No feeling","No feeling poster 1/7","assigned","Texcom textiles — fabric","Texcom textiles.jpg","10","2","A","85","I am always looks for cheaper items. i use to check on amazon then again use to check on flipkart then i tries other 3rd party app to bug items and ended up to sometime get the best deal but not everytime.","Shopping and deals"
"152","Finding the exact right thing","No feeling","No feeling poster 1/7","assigned","Texcom textiles — fabric","Texcom textiles.jpg","10","3","A","85","Bro, this is one of the most hectic tasks. I always have to find shops with good food because, when we want to try something new, we can't keep ordering from the same cuisine or the same restaurant. Reviews are often paid, and on Zomato and Swiggy, the additional charges can sometimes cost almost as much as the food itself. So, there is very little authentic information and reliable food reviews available online unless we specifically look for reviews from food YouTubers.","Food and eating out"
"152","Finding the exact right thing","No feeling","No feeling poster 1/7","assigned","Texcom textiles — fabric","Texcom textiles.jpg","10","4","A","82","If you are risk averse and at the same time want to take risk ;) then there are decisions which I have to take everytime investing. Say for instance, couple of months back when I had to decide on where to invest, it was a draining process to study all options including alternate funds. But honestly I think wealth management industry is still a gap in India.","Money, investing and insurance"
"152","Finding the exact right thing","No feeling","No feeling poster 1/7","assigned","Texcom textiles — fabric","Texcom textiles.jpg","10","5","A","82","I found a pair of sneakers on sale, but the price was still just above what I wanted to pay. I spent 20 minutes jumping between coupon sites, price trackers, and three different shopping apps to find a better deal or card offer. By the time I found a good deal the size I wanted had sold out.","Shopping and deals"
"152","Finding the exact right thing","No feeling","No feeling poster 1/7","assigned","Texcom textiles — fabric","Texcom textiles.jpg","10","6","A","81","Soo I had to go and buy a kurta for eid and I usually dont go alone cause I want someone's opinion in choosing things and preferably well versed in the art of negotiation so I go either with my mom or with dad but this time neither my mom was free nor my dad toh I just kept postponing the buying and on the last day like (tomorrow is eid) I remembered I dont have anything to wear so then I had to rush alone to the shop and just buy whatever the shopkeeper said looks good and pay ridiculous price for it as it was urgent","Shopping and deals"
"152","Finding the exact right thing","No feeling","No feeling poster 1/7","assigned","Texcom textiles — fabric","Texcom textiles.jpg","10","7","A","80","There is no certain place that can report the food from finding out from the local blogs , google review . single click and answer the query of the food quality of resturant , many a times when you are different city or trying some place new , they make the things food experience worse.","Food and eating out"
"152","Finding the exact right thing","No feeling","No feeling poster 1/7","assigned","Texcom textiles — fabric","Texcom textiles.jpg","10","8","A","80","Because of the number of options I can go out and purchase I always want to get the best deal and choice to the extent never get that bandwidth. And then time comes you have to get it at whatever price it is availble.","Shopping and deals"
"152","Finding the exact right thing","No feeling","No feeling poster 1/7","assigned","Texcom textiles — fabric","Texcom textiles.jpg","10","9","B","79","The guilt of missing the Lowest Price deal; the ambiguity with product viability; the concept of getting the Best Deal among infinite marketplaces. You have to deal with it all to purchase 1 product","Shopping and deals"
"152","Finding the exact right thing","No feeling","No feeling poster 1/7","assigned","Texcom textiles — fabric","Texcom textiles.jpg","10","10","B","79","on flipkart everytime I shop it has different credit card offers. by time i purchase price keep changing","Shopping and deals"
"153","Finding the exact right thing","No feeling","No feeling poster 2/7","assigned","Kwality food products","kwalityfood.jpg","10","1","B","78","I'm overdue to get a pair of spectacles and a pair of sneakers for a month now. I make do with a pair of replacement glasses that are slightly bent since the time taken of having to go to a Lenskart shop is about 30 mins. Im not a fan of the virtual mirror on their website so I prefer going to the store. Also, for the shoes, I'm managing with sandals since Mumbai rains and the options online are uncategorized and random","Shopping and deals"
"153","Finding the exact right thing","No feeling","No feeling poster 2/7","assigned","Kwality food products","kwalityfood.jpg","10","2","B","74","To go to various sites and check which offers the best price, delivery and credit card offers. Then I also need to go to almost the last step to understand what will be the exact price. Also if i go to a new site, I have to enter my address again.","Shopping and deals"
"153","Finding the exact right thing","No feeling","No feeling poster 2/7","assigned","Kwality food products","kwalityfood.jpg","10","3","B","73","Due to some upcoming occassion, i have to shop specifix type of clothes. But i cant find time or get too tired browsing them.","Shopping and deals"
"153","Finding the exact right thing","No feeling","No feeling poster 2/7","assigned","Kwality food products","kwalityfood.jpg","10","4","B","73","I want to get updated where would i get this product cheaper and what offers are there which i can apply for myself. Like the credit card one, Same bank credit card but not this credit card is applicable for the offer. I just want to know what i am eligible for? that's it.","Shopping and deals"
"153","Finding the exact right thing","No feeling","No feeling poster 2/7","assigned","Kwality food products","kwalityfood.jpg","10","5","B","73","Shopping becomes draining when you miss out on huge sales deals which could have saved you tons of money and then i landed up over paying for the same product which i could have got at almost half the price","Shopping and deals"
"153","Finding the exact right thing","No feeling","No feeling poster 2/7","assigned","Kwality food products","kwalityfood.jpg","10","6","B","72","I leave in hostel of college. I need to look for good food, watse time in that alot","Food and eating out"
"153","Finding the exact right thing","No feeling","No feeling poster 2/7","assigned","Kwality food products","kwalityfood.jpg","10","7","B","72","So I want you know a good quality synthetic trouser and I have been spending quite a time going from myntra then another app then another web to you know find out the best one with review , and the actually reality of them something which account for all of them and can provide me quick clickable suggestions would be way better","Shopping and deals"
"153","Finding the exact right thing","No feeling","No feeling poster 2/7","assigned","Kwality food products","kwalityfood.jpg","10","8","B","72","So if I want to buy something standard, I would like to know immediately which site it's available on at the best price. Right now, I have to separately go to Amazon, Flipkart, Jio, Blinkit, etc. to find the best offer.","Shopping and deals"
"153","Finding the exact right thing","No feeling","No feeling poster 2/7","assigned","Kwality food products","kwalityfood.jpg","10","9","B","71","finding the best deals and tracking my pantry inventory","Groceries and household"
"153","Finding the exact right thing","No feeling","No feeling poster 2/7","assigned","Kwality food products","kwalityfood.jpg","10","10","B","71","I received a promotional WhatsApp message with a '50% off' voucher code. When I added items to my cart and tried to apply it, it turned out there was a hidden minimum spend requirement and half the items in my cart were excluded","Shopping and deals"
"154","Finding the exact right thing","No feeling","No feeling poster 3/7","assigned","Taarika silk & cotton sarees","taarika cotton silk saree.jpg","10","1","B","71","I haven't been an active shopper the last year because I'm trying to understand the difference between wants and needs. But before that whenever I have done it, I have always either missed out on great deals or just end up physically going and buying it. I somehow like it better when it's not always online. Boomer behaviour, I know.","Shopping and deals"
"154","Finding the exact right thing","No feeling","No feeling poster 3/7","assigned","Taarika silk & cotton sarees","taarika cotton silk saree.jpg","10","2","B","71","Finding groceries at the best prices - especially packaged stuff (i.e. same SKU). An agent can easily do this.","Shopping and deals"
"154","Finding the exact right thing","No feeling","No feeling poster 3/7","assigned","Taarika silk & cotton sarees","taarika cotton silk saree.jpg","10","3","B","71","I mean, it always starts with instagram reel finding some cool guy wearing nice tees and pants ending up  opening myntra scroll for hours and hours and ended up closing it because of no good deals","Shopping and deals"
"154","Finding the exact right thing","No feeling","No feeling poster 3/7","assigned","Taarika silk & cotton sarees","taarika cotton silk saree.jpg","10","4","B","71","Dealing with at home grocery purchases, listing out, finding the best price online","Groceries and household"
"154","Finding the exact right thing","No feeling","No feeling poster 3/7","assigned","Taarika silk & cotton sarees","taarika cotton silk saree.jpg","10","5","B","70","Finding the best deals and prices for things I want to buy","Shopping and deals"
"154","Finding the exact right thing","No feeling","No feeling poster 3/7","assigned","Taarika silk & cotton sarees","taarika cotton silk saree.jpg","10","6","B","70","i just can't be bothered with it and when i finally feel like dressing up, all my clothes are not in pairs that are flattering, like the jeans thats supposed to go with the tshirt i feel like wearing is out in laundry because i wore with something else","Shopping and deals"
"154","Finding the exact right thing","No feeling","No feeling poster 3/7","assigned","Taarika silk & cotton sarees","taarika cotton silk saree.jpg","10","7","B","70","I can search for best deals around the internet but it takes time","Shopping and deals"
"154","Finding the exact right thing","No feeling","No feeling poster 3/7","assigned","Taarika silk & cotton sarees","taarika cotton silk saree.jpg","10","8","B","70","Usually do it at home, it takes 2 hours to browse everything until both me and my partner agree. Usually its the same 2-3 options we go for but it still takes a lot of time. Choice fatigue for real.","Food and eating out"
"154","Finding the exact right thing","No feeling","No feeling poster 3/7","assigned","Taarika silk & cotton sarees","taarika cotton silk saree.jpg","10","9","B","69","I forget when deals go live- and then I miss out","Shopping and deals"
"154","Finding the exact right thing","No feeling","No feeling poster 3/7","assigned","Taarika silk & cotton sarees","taarika cotton silk saree.jpg","10","10","B","69","i spend so much time to take the decision","Shopping and deals"
"155","Finding the exact right thing","No feeling","No feeling poster 4/7","TO SOURCE","— TO SOURCE —","","10","1","B","69","Searching vigorously on google maps, reaching out local peoples where would i get a pure veg restraunt.","Food and eating out"
"155","Finding the exact right thing","No feeling","No feeling poster 4/7","TO SOURCE","— TO SOURCE —","","10","2","B","69","Wandering around the malls to find that perfect fit of price and likeability.","Shopping and deals"
"155","Finding the exact right thing","No feeling","No feeling poster 4/7","TO SOURCE","— TO SOURCE —","","10","3","B","69","Searching for deals . When ever buying new , I buy things without the context of what I actually have and ise","Shopping and deals"
"155","Finding the exact right thing","No feeling","No feeling poster 4/7","TO SOURCE","— TO SOURCE —","","10","4","B","69","I go to websites that share coupons, to find best deals.","Shopping and deals"
"155","Finding the exact right thing","No feeling","No feeling poster 4/7","TO SOURCE","— TO SOURCE —","","10","5","B","68","trying to find the exact items i want & in good deals","Shopping and deals"
"155","Finding the exact right thing","No feeling","No feeling poster 4/7","TO SOURCE","— TO SOURCE —","","10","6","B","68","I had to check the offers everywhere and also look at the sizes and browsing. It just takes a lot of time off my hands.","Shopping and deals"
"155","Finding the exact right thing","No feeling","No feeling poster 4/7","TO SOURCE","— TO SOURCE —","","10","7","B","68","i want t shirts on myntra but most of them look boring and quality is always a question even if they are expensive","Shopping and deals"
"155","Finding the exact right thing","No feeling","No feeling poster 4/7","TO SOURCE","— TO SOURCE —","","10","8","B","68","Since i'm aware of the best restaurants in town and when they open and the cuisine they serve, deciding for evryone automatically lands in my lap","Food and eating out"
"155","Finding the exact right thing","No feeling","No feeling poster 4/7","TO SOURCE","— TO SOURCE —","","10","9","B","68","I want to buy a pair of shoes, So for that I need to keep on eye on all the platform to check whether an offer exists so that I can buy it for better price","Shopping and deals"
"155","Finding the exact right thing","No feeling","No feeling poster 4/7","TO SOURCE","— TO SOURCE —","","10","10","B","68","reviewing the portfolio, what's moving or not and then taking a course correction. Still apprehensive if the financial advisor is suggesting due to amount of commission they are getting or if the product is best suited","Money, investing and insurance"
"156","Finding the exact right thing","No feeling","No feeling poster 5/7","TO SOURCE","— TO SOURCE —","","10","1","B","67","Like i just keep on searching whats in new fall from gucci or any other designer and try to get fully tapped in with whats all going on in there in paris.","Shopping and deals"
"156","Finding the exact right thing","No feeling","No feeling poster 5/7","TO SOURCE","— TO SOURCE —","","10","2","B","67","i always feeel to go to different states of my country and trvel for the different food taste","Food and eating out"
"156","Finding the exact right thing","No feeling","No feeling poster 5/7","TO SOURCE","— TO SOURCE —","","10","3","B","67","Where do we meet up, what cuisine to try, if any discounts are available on Dineout or District, and if I have any coins that can be spent","Food and eating out"
"156","Finding the exact right thing","No feeling","No feeling poster 5/7","TO SOURCE","— TO SOURCE —","","10","4","B","67","Trying to see what's the new hottest restaurant in town. I live in Gurgaon so there's always something coming up. Also to find something different than the usual places","Food and eating out"
"156","Finding the exact right thing","No feeling","No feeling poster 5/7","TO SOURCE","— TO SOURCE —","","10","5","B","67","The entire process just drains my energy tbh. Even if it is eating from outside or make it yourself. i have no energy for anything some days.","Food and eating out"
"156","Finding the exact right thing","No feeling","No feeling poster 5/7","TO SOURCE","— TO SOURCE —","","10","6","B","67","Shopping always seems tempting until done, i love adding a 100 things in my basket and end up buying 5, barely....","Shopping and deals"
"156","Finding the exact right thing","No feeling","No feeling poster 5/7","TO SOURCE","— TO SOURCE —","","10","7","B","67","I love to shop and I find a lot of new brands on Insta but I need tp verify if they are legit.","Shopping and deals"
"156","Finding the exact right thing","No feeling","No feeling poster 5/7","TO SOURCE","— TO SOURCE —","","10","8","B","67","Finding the best product, and the best price that I can buy it using all offers and payment instruments that I have.","Shopping and deals"
"156","Finding the exact right thing","No feeling","No feeling poster 5/7","TO SOURCE","— TO SOURCE —","","10","9","B","67","I search online , make a wishlist and never open it again","Shopping and deals"
"156","Finding the exact right thing","No feeling","No feeling poster 5/7","TO SOURCE","— TO SOURCE —","","10","10","B","66","Dealing with what to make for lunch, breakfast, dinner. Everyday","Food and eating out"
"157","Finding the exact right thing","No feeling","No feeling poster 6/7","TO SOURCE","— TO SOURCE —","","10","1","B","66","What to get at best price and deals","Shopping and deals"
"157","Finding the exact right thing","No feeling","No feeling poster 6/7","TO SOURCE","— TO SOURCE —","","10","2","B","66","A new place to try, lets go there. No money, no problem!","Food and eating out"
"157","Finding the exact right thing","No feeling","No feeling poster 6/7","TO SOURCE","— TO SOURCE —","","10","3","B","66","need to see where to eat, if the mess has good food to eat or not etc","Food and eating out"
"157","Finding the exact right thing","No feeling","No feeling poster 6/7","TO SOURCE","— TO SOURCE —","","10","4","B","66","Picking a restaurant is a daunting task. i need to understand all the group's feelings, collect data and then decide on a place which will satisfy everyone's cuisine choices.","Food and eating out"
"157","Finding the exact right thing","No feeling","No feeling poster 6/7","TO SOURCE","— TO SOURCE —","","10","5","B","66","Whenever I go for payment for anything I just forget about my future expeces and all","Food and eating out"
"157","Finding the exact right thing","No feeling","No feeling poster 6/7","TO SOURCE","— TO SOURCE —","","10","6","B","66","Takes a lot of time to find the cheapest option across the internet","Shopping and deals"
"157","Finding the exact right thing","No feeling","No feeling poster 6/7","TO SOURCE","— TO SOURCE —","","10","7","B","66","select between 2 options and also the offers,it is too frustating.","Shopping and deals"
"157","Finding the exact right thing","No feeling","No feeling poster 6/7","TO SOURCE","— TO SOURCE —","","10","8","B","66","Just choosing the right fit in a small period of time.","Shopping and deals"
"157","Finding the exact right thing","No feeling","No feeling poster 6/7","TO SOURCE","— TO SOURCE —","","10","9","B","65","Cannot find deals and tired of switching from app to app","Shopping and deals"
"157","Finding the exact right thing","No feeling","No feeling poster 6/7","TO SOURCE","— TO SOURCE —","","10","10","B","65","The recommendations are from a sponsored seller, so I end up being manipulated by them. I want to spend on stuff that i find utility in or have set to search for it","Shopping and deals"
"158","Finding the exact right thing","No feeling","No feeling poster 7/7","TO SOURCE","— TO SOURCE —","","3","1","B","65","Easy - I go with my wife ;)","Shopping and deals"
"158","Finding the exact right thing","No feeling","No feeling poster 7/7","TO SOURCE","— TO SOURCE —","","3","2","B","65","Choices are a spoiler for me. Standing for a trail room in an offline stores really takes a toll on me","Shopping and deals"
"158","Finding the exact right thing","No feeling","No feeling poster 7/7","TO SOURCE","— TO SOURCE —","","3","3","B","65","Like i need to know the best products and deals that i would like","Shopping and deals"
"159","Keeping up with the school","Overwhelm","Overwhelm poster 1/3","assigned","Funskool GLO Friends — kids toy","GLO friends.jpeg","10","1","A","88","I have to wake up to prepare food and pack it - the planning, the buying of the ingredients, no sudden fall back options in case of tiredness.  Then the ask from the school for the same Aadhar copies, print and signing up approval notes for special events - multiple times. In the digital age why can't all these be done online.","Kids and school"
"159","Keeping up with the school","Overwhelm","Overwhelm poster 1/3","assigned","Funskool GLO Friends — kids toy","GLO friends.jpeg","10","2","A","88","Kids these days are involved in a lot of activities, in addition to online gaming and Instagramming. I usually struggle with the daily chasing of their homework, school activities and making sure they don't spend too much time on the phone. These activities are  fairly automated in silos but as an end user I need some sort of cohesion.","Kids and school"
"159","Keeping up with the school","Overwhelm","Overwhelm poster 1/3","assigned","Funskool GLO Friends — kids toy","GLO friends.jpeg","10","3","A","86","A few days ago, I was trying to decide where to order food from with my friends. We were hungry and everyone wanted something different, so we spent way too much time scrolling through Swiggy/Zomato, sending restaurant links in the group, checking ratings, prices, delivery time, and asking, “What do you want?” Nobody actually decided. 😭  Finally, we ordered something, and then someone realised they didn't want that anymore. So we changed half the order, checked the delivery fee again, and placed it. The actual task was just deciding what to eat and placing the order, but somehow it became a 30-minute group discussion. I would happily hand that whole process to someone who could just say, “You guys are ordering from here tonight—done.”","Food and eating out"
"159","Keeping up with the school","Overwhelm","Overwhelm poster 1/3","assigned","Funskool GLO Friends — kids toy","GLO friends.jpeg","10","4","A","86","Last week, I decided on to understand derivatives. I opened YouTube, typed in 'derivatives finance,' and got fifteen tabs open in twenty minutes: some videos were three years old with outdated examples, some were 40-minute lectures when I needed a 5-minute explanation, and a couple jumped straight into options Greeks and pricing formulas when I just needed to understand futures and forwards first. I bounced between videos, skipping around, trying to figure out which ones were actually worth my time before I'd even learned anything. Then I switched to checking news sites for a real-world example to tie it to, and ended up with Mint open in one tab, Economic Times in another, scrolling past irrelevant headlines to find one deal or hedging story that actually illustrated the concept. By the time I'd assembled a half-decent understanding, I'd spent almost 45 minutes just finding material and not learning from it","Learning and hobbies"
"159","Keeping up with the school","Overwhelm","Overwhelm poster 1/3","assigned","Funskool GLO Friends — kids toy","GLO friends.jpeg","10","5","A","83","I was trying to study a complex chapter and wanted to organize my topic notes properly. Instead of actually learning, I spent hours searching across different sites for structured study materials, downloading PDFs, and formatting slides. Dealing with unorganized resources and trying to break down the syllabus into clean study modules was extremely frustrating and drained all my study time.","Learning and hobbies"
"159","Keeping up with the school","Overwhelm","Overwhelm poster 1/3","assigned","Funskool GLO Friends — kids toy","GLO friends.jpeg","10","6","A","81","It was about getting something done for a kid’s school work. I was at home, and the school had sent a message asking for some work/document to be completed and submitted. I had to figure out exactly what was required, find the relevant material, get the kid to actually sit down and do it, and then make sure everything was completed and submitted on time.  The annoying part wasn't any one task—it was the constant back-and-forth: “Did you do it?” “Where is that file?” “Is this the correct format?” “When do we have to submit it?” I kept having to remind and check instead of just getting it done once. That's exactly the kind of small administrative task I'd happily hand off to someone else.","Kids and school"
"159","Keeping up with the school","Overwhelm","Overwhelm poster 1/3","assigned","Funskool GLO Friends — kids toy","GLO friends.jpeg","10","7","B","79","I’ve put myself on a Monthly investing schedule for one type of investment and an annual one for another so it doesn’t overload my mind.  The biggest problem is start of the week payments including rent, bills, mandatory expenses etc and then the kids school fee which keep popping up every 2 months.","Money, investing and insurance"
"159","Keeping up with the school","Overwhelm","Overwhelm poster 1/3","assigned","Funskool GLO Friends — kids toy","GLO friends.jpeg","10","8","B","79","A good example is when I was trying to learn something new for one of my AI projects. I was at home with my laptop, jumping between YouTube, articles, documentation and random GitHub repositories. I’d save a bunch of useful links thinking I’d come back to them, then end up with 15 tabs open and no idea which one I was actually supposed to follow. Sometimes I’d understand one part but get stuck on the next and have to search again from scratch. The frustrating part wasn’t finding information, it was figuring out what to learn first and keeping track of where I left off.","Learning and hobbies"
"159","Keeping up with the school","Overwhelm","Overwhelm poster 1/3","assigned","Funskool GLO Friends — kids toy","GLO friends.jpeg","10","9","B","77","One example is when I was trying to learn Python and improve my coding skills for college and internships. I was at home working on coding problems, but I kept getting stuck on errors or didn’t understand why a particular solution worked. I had to search through YouTube videos, websites, and different explanations, and sometimes the answers were too complicated or used a different approach. I ended up jumping between multiple resources instead of following one clear learning path.","Learning and hobbies"
"159","Keeping up with the school","Overwhelm","Overwhelm poster 1/3","assigned","Funskool GLO Friends — kids toy","GLO friends.jpeg","10","10","B","76","had booked a class, notifications were on snooze as i was sleeping and completely lost track","Fitness and wellness"
"160","Keeping up with the school","Overwhelm","Overwhelm poster 2/3","assigned","Big Fun bubble gum — kids treat","big fun.jpeg","10","1","B","75","play time with him - deciding which game to play - while also want to ensure play time is meaningful and quality time and not repetitive - some day - physical games, some day stories, some day - maths - some day - lego - cycling - getting confused what would be good combination that he would enjoy as well as he will get some new exposure","Kids and school"
"160","Keeping up with the school","Overwhelm","Overwhelm poster 2/3","assigned","Big Fun bubble gum — kids treat","big fun.jpeg","10","2","B","74","zero active recall, retention capabilities lost after high school, two grey cells left postgrad and now we are here in corporate","Learning and hobbies"
"160","Keeping up with the school","Overwhelm","Overwhelm poster 2/3","assigned","Big Fun bubble gum — kids treat","big fun.jpeg","10","3","B","74","For instance, whenever I am supposed to work on multiple assignments from my university together with other topics which I have to read up on at the same time. Typically, I will begin by sitting down with the thought of finishing one thing but in reality, I will have to look at my lectures, PDFs, videos, and various sources in order to know what needs to be done. At times, I will switch from topic to topic as a result of their various deadlines.","Learning and hobbies"
"160","Keeping up with the school","Overwhelm","Overwhelm poster 2/3","assigned","Big Fun bubble gum — kids treat","big fun.jpeg","10","4","B","73","Task - i love custom stuff and for mundane stuff like kids casual ware I go to the same old stores to reduce cognitive load. I don’t do online shopping as i enjoy offline .  Not sure how agent can help me here though","Shopping and deals"
"160","Keeping up with the school","Overwhelm","Overwhelm poster 2/3","assigned","Big Fun bubble gum — kids treat","big fun.jpeg","10","5","B","70","The school wanted wooden spoons for an activity and I realised it only the morning of. So I had to call a few stores and browse multiple shopping apps to find what I needed","Kids and school"
"160","Keeping up with the school","Overwhelm","Overwhelm poster 2/3","assigned","Big Fun bubble gum — kids treat","big fun.jpeg","10","6","B","70","I have a growing kid who seems to always have too many clothes or not enough. So I’m oscillating between throwing away old stuff and buying new stuff.","Shopping and deals"
"160","Keeping up with the school","Overwhelm","Overwhelm poster 2/3","assigned","Big Fun bubble gum — kids treat","big fun.jpeg","10","7","B","69","Well, I had to write a practical file for a thermodynamics practical and its just copying from a Lab file which is very repetetive and not much to learn from","Kids and school"
"160","Keeping up with the school","Overwhelm","Overwhelm poster 2/3","assigned","Big Fun bubble gum — kids treat","big fun.jpeg","10","8","B","69","Multiple WhatsApp groups of the school with various updates, school HW is posted on various forums. Also weekly assignments need to be completed during the week end up being weekend assignments/tasks","Kids and school"
"160","Keeping up with the school","Overwhelm","Overwhelm poster 2/3","assigned","Big Fun bubble gum — kids treat","big fun.jpeg","10","9","B","67","Like for different subjects, different professor expect different outcomes, some prefer detailed assignment with minimal use of AI some prefer short and crisp assignment and answers. For this I have created multiple projects for each of the subjects.","Learning and hobbies"
"160","Keeping up with the school","Overwhelm","Overwhelm poster 2/3","assigned","Big Fun bubble gum — kids treat","big fun.jpeg","10","10","B","67","One specific task was learning a new technical topic for college. I was at home trying to understand the topic through YouTube, notes, and different online resources. I had to figure out what material was actually useful, understand the concepts, and then prepare it in a way that I could use for my assignment or exam.","Learning and hobbies"
"161","Keeping up with the school","Overwhelm","Overwhelm poster 3/3","assigned","Arora-Hasbro toys — kids toys","blow plast.jpeg","1","1","B","65","Going through the latest updates on the different apps that the school has","Kids and school"
"162","Keeping up with the school","Repetitive","Repetitive poster 1/2","assigned","Funskool GLO Friends — kids toy","funskool.jpeg","10","1","A","88","I was in my room, having just wrapped up a long coding session, and I finally finished a physical book I had picked up from a local second-hand bookstore. I wanted to start the next book by that author immediately to unwind, but I didn't want to wait three days for e-commerce delivery.  What I had to deal with: I had to execute the exact same mindless chore I do every couple of weeks. I had to pull out my phone, call the local bookstore owner to see if he had the specific book I wanted on his shelf, walk 20 minutes to the market, hand over my finished book to trade it in, wait for him to calculate the exchange difference, scan his UPI QR code to pay a trivial ₹50 rental/exchange fee, and walk back.  Since coding and reading are my main escapes, I go through this exact same book-swapping loop constantly. It requires zero brainpower—I know exactly what book I want and which vendor has it. I could do it in my sleep. But dealing with this physical, offline exchange completely breaks my evening and eats up an hour. It’s a purely mechanical chore. I just wish an assistant could handle it: calling the shop to confirm the book is there, paying the exchange fee digitally, and sending a local rider to just swap the books at my door while I stay at my desk.","Learning and hobbies"
"162","Keeping up with the school","Repetitive","Repetitive poster 1/2","assigned","Funskool GLO Friends — kids toy","funskool.jpeg","10","2","A","86","The school has a nasty habit nof asking parents to install a mobile app, through which they send notifications on assignments, activities. So one hast to add a reminder in my To-Do app, which is anyways filled with countless reminders on groceries, household, bills etc..","Kids and school"
"162","Keeping up with the school","Repetitive","Repetitive poster 1/2","assigned","Funskool GLO Friends — kids toy","funskool.jpeg","10","3","A","84","Kids have a variety of subjects and class + home assignments.  They have also different extracurriculars each day with different uniforms and different schedules (since both kids are in different classes).  I travel 3-4 days a week. Wife works full time. Kids are 6 years old and only want to play.  Between the 2 of us, managing their  homework, packing the right books and making sure they have the right uniform for the day is a nightmare.","Kids and school"
"162","Keeping up with the school","Repetitive","Repetitive poster 1/2","assigned","Funskool GLO Friends — kids toy","funskool.jpeg","10","4","A","84","Getting the fee reminder, paying via the site (which is soooo non-intuitive that I’ve to find the link every time), using my credit card to pay the fee, see that it’s not reflecting on the school payment site and then keep chasing the finance department via email along with screenshots of my payment details so they can ‘manually’ update the details and send me a email saying they have received the money. I’d rather go there and pay cash- but they don’t accept it","Kids and school"
"162","Keeping up with the school","Repetitive","Repetitive poster 1/2","assigned","Funskool GLO Friends — kids toy","funskool.jpeg","10","5","A","81","Ensuring everything in my 18 year old daughter’s life is managed from thinking planning and executing. She is fantastic and supports a lot but it has been a lot last 3 years due to academics and college apps. And it is just me taking all this load of thinking and planning and getting it all done. Along with my demanding work. So while mundane and most of it is online like paperwork for college or packing for college but together it adds up a lot.","Kids and school"
"162","Keeping up with the school","Repetitive","Repetitive poster 1/2","assigned","Funskool GLO Friends — kids toy","funskool.jpeg","10","6","A","81","Paying my credit cards 3 days before their due date is a mess as someone having more than 20 credit cards it’s a mess keeping track of finances and investing daily for 15 days x amount under nps for example using credit card is tedious and time consuming task. Buying gift vouchers and redeeming it every month is a boring and repetitive process","Money, investing and insurance"
"162","Keeping up with the school","Repetitive","Repetitive poster 1/2","assigned","Funskool GLO Friends — kids toy","funskool.jpeg","10","7","A","80","Everytime I wanna start my investing journey I'm reminded of my assignments, academics and simply don't devote time to it","Money, investing and insurance"
"162","Keeping up with the school","Repetitive","Repetitive poster 1/2","assigned","Funskool GLO Friends — kids toy","funskool.jpeg","10","8","B","78","Keeping track of my child's school leaves, PTM, half days","Kids and school"
"162","Keeping up with the school","Repetitive","Repetitive poster 1/2","assigned","Funskool GLO Friends — kids toy","funskool.jpeg","10","9","B","77","Reminding kids to pack the right books (eg. library/or as per the subjects in school for that day rather than carry everything everyday) ; also remind them to empty and keep their tiffin boxes for washing everyday","Kids and school"
"162","Keeping up with the school","Repetitive","Repetitive poster 1/2","assigned","Funskool GLO Friends — kids toy","funskool.jpeg","10","10","B","75","Okay, this is not the past situation i faced, it is actually in the present time. I am a bachelor student pursuing BTech, and we are a Middle class background, so i ask my father, a amount of 2000 rupees, where 1000 rupees invests in the Mutual funds every month and i am only left with 1000 rupees, so this amount is not sufficient for the college situation, because if i want to eat something tasty today, it will minimum cost me 300 rupees, so i not knowingly think all day about how can i save at least a 100 rupees a month.","Money, investing and insurance"
"163","Keeping up with the school","Repetitive","Repetitive poster 2/2","assigned","Goldspot Jungle Book kids collection","jungle book.jpeg","7","1","B","73","project deadlines, submissions, missed deadlines, syllabus, tests. these things are told last min, tend to forget and keep track across WA groups","Kids and school"
"163","Keeping up with the school","Repetitive","Repetitive poster 2/2","assigned","Goldspot Jungle Book kids collection","jungle book.jpeg","7","2","B","73","Where: At a cafe near campus with friends. What happened: I tried to scan a UPI QR code to pay ₹220 for a cold coffee, but the transaction kept failing. The mess: I checked my banking app and realized a streaming subscription auto-debited that morning, leaving me with just ₹40. To make it worse, because my account dropped below the Monthly Average Balance (MAB), the bank slapped me with a ₹354 penalty fee (including GST). My account went into a negative balance, I had to ask a friend to pay for me out of sheer embarrassment, and I spent the rest of the week stressed about how to survive on a zero balance.","Money, investing and insurance"
"163","Keeping up with the school","Repetitive","Repetitive poster 2/2","assigned","Goldspot Jungle Book kids collection","jungle book.jpeg","7","3","B","72","Keeping track of what's happening at school, when, what we are supposed to do, by when etc","Kids and school"
"163","Keeping up with the school","Repetitive","Repetitive poster 2/2","assigned","Goldspot Jungle Book kids collection","jungle book.jpeg","7","4","B","71","Getting my son to finish his homework, reminding him about it. Checking for the quality of work and whether there are any specific instructions like making charts or posters","Kids and school"
"163","Keeping up with the school","Repetitive","Repetitive poster 2/2","assigned","Goldspot Jungle Book kids collection","jungle book.jpeg","7","5","B","70","the kids are in different classes and to remember to make their schedule, meetings and fees payment is a task","Kids and school"
"163","Keeping up with the school","Repetitive","Repetitive poster 2/2","assigned","Goldspot Jungle Book kids collection","jungle book.jpeg","7","6","B","68","Keeping track of different competitions, timings, and moving around meetings to accommodate work-life balance","Kids and school"
"163","Keeping up with the school","Repetitive","Repetitive poster 2/2","assigned","Goldspot Jungle Book kids collection","jungle book.jpeg","7","7","B","67","Every morning before college, I get many messages asking if I am coming to college or not. I am at home getting ready, and I have to stop and reply to everyone. It is repetitive and wastes my time.","Kids and school"
"164","Keeping up with the school","Frustration","Frustration poster 1/2","assigned","Leo Toys — kids toys","leo toya.jpeg","10","1","A","89","Our school maintains two modes of parent communication - through a service called Veracross which is a pain to navigate and then there are self run parent WhatsApp groups with one Parent Representative who has access to a SPOC at the school. Often, there is no sync between Veracross and WhatsApp groups and it is a major pain to locate even simple information like worksheets.","Kids and school"
"164","Keeping up with the school","Frustration","Frustration poster 1/2","assigned","Leo Toys — kids toys","leo toya.jpeg","10","2","A","89","""I was trying to teach basic math and alphabet to a group of 15 construction workers' children on a dusty patch of ground. Because they all speak different dialects (like Bhojpuri or local Hindi) and are at completely different age groups (from 5 to 12 years old), it was impossible to manage. I didn't have a blackboard, there was no proper light as evening set in, and I spent more time trying to keep them quiet and focused than actually teaching anything. It felt deeply frustrating because I wanted to deliver quality education but lacked the tools to handle such an unorganized learning environment.""","Learning and hobbies"
"164","Keeping up with the school","Frustration","Frustration poster 1/2","assigned","Leo Toys — kids toys","leo toya.jpeg","10","3","A","88","I was at home helping my younger sibling get ready for school. The school WhatsApp group had messages about a worksheet, a project, and some materials they needed to bring the next day. The information was scattered across messages, photos and PDFs, so I had to scroll through the group, figure out exactly what was required, check what we already had at home, and then go out to buy the missing things. Later, there was another message changing the deadline, so I had to go back and check everything again. It wasn't one difficult task, but keeping track of all these small school requirements was unnecessarily annoying.","Kids and school"
"164","Keeping up with the school","Frustration","Frustration poster 1/2","assigned","Leo Toys — kids toys","leo toya.jpeg","10","4","A","83","On a 7–8 hour family trip in a Traveller, a family friend's kid cried for most of the ride, and I ended up being the one trying to calm them down the whole way. Exhausting doesn't begin to cover it.","Kids and school"
"164","Keeping up with the school","Frustration","Frustration poster 1/2","assigned","Leo Toys — kids toys","leo toya.jpeg","10","5","A","81","Going through the list of homework. Understanding what they did in school (through their school app updates). Remembering their teacher meetings and events to show up. Understanding different opportunities that they can participate in and juggle their schedule. All while keeping tabs on how they are growing as individuals","Kids and school"
"164","Keeping up with the school","Frustration","Frustration poster 1/2","assigned","Leo Toys — kids toys","leo toya.jpeg","10","6","A","80","I had planned to spend some time learning something new for one of my projects, but after getting back from classes I had assignments and other work to finish. I told myself I would do it later, and by the time I was done, I was too tired to start. I ended up pushing it to the next day, and then the next. I do want to keep learning outside of college, but finding the time and actually getting started is usually the difficult part.","Learning and hobbies"
"164","Keeping up with the school","Frustration","Frustration poster 1/2","assigned","Leo Toys — kids toys","leo toya.jpeg","10","7","B","79","I would be telling about the school or college part.  myself have felt that many of the things taught in college be self taught and can be made more interesting, else it tends to be superb boring. And even if they are teaching it in such institutions each of the topic being covered must be demonstrated or used to design an immediate minor project which shall enable the human mind to retain it for a longer period of time and benefits the person learning to have hands on experience","Kids and school"
"164","Keeping up with the school","Frustration","Frustration poster 1/2","assigned","Leo Toys — kids toys","leo toya.jpeg","10","8","B","78","I am in first term of my MBA. Me and my friends had a deadline for an assignment of 12 AM. We all had to skip the hostel's mess dinner. After finishing my work earlier than my friends, I took up the job to take all my friend's opinions on what to order and where to order it from ? This was annoying and involved many iterations to maximize overall satisfaction and decrease the costs.","Food and eating out"
"164","Keeping up with the school","Frustration","Frustration poster 1/2","assigned","Leo Toys — kids toys","leo toya.jpeg","10","9","B","78","I was in my tiny shared apartment kitchen at 11 PM after a brutal mid-term exam. I was completely starving and went to make instant noodles, only to find my roommate had used the last packet and left the empty box in the pantry. To make it worse, the sink was piled high with unwashed pots and dishes from two days ago, and the trash was overflowing. I had to deal with the absolute exhaustion of walking to a late-night convenience store in the dark just to get a basic meal because our household tracking and cleaning schedule is a total mess.","Groceries and household"
"164","Keeping up with the school","Frustration","Frustration poster 1/2","assigned","Leo Toys — kids toys","leo toya.jpeg","10","10","B","75","The playschool comes up with some theme to dress up for on Friday (often shared on a Monday) and I have to figure out how to get my kid dressed as per the theme of some Disney character, have a funky hairstyle or football theme with the challenge of not having to spend a lot of time and money AND keeping it comfortable and interesting enough that my daughter agrees to wear it. I want to tell the school to send it earlier so I have the weekend to plan but then I hold back because I really don’t want to spend my weekend doing this and now at least I have an excuse as a working mom who doesn’t have the time 😬","Kids and school"
"165","Keeping up with the school","Frustration","Frustration poster 2/2","assigned","Duckback school bag","duckback school bag.jpg","5","1","B","74","Consistently doing an activity with my kid is one area where I have struggled.","Kids and school"
"165","Keeping up with the school","Frustration","Frustration poster 2/2","assigned","Duckback school bag","duckback school bag.jpg","5","2","B","73","I was in my hostel trying to submit a college club application before the deadline. the deadline was mentioned in one WhatsApp message, the required documents were in a PDF sent earlier, and the actual form was in another link. I spent more time hunting through chats and files than actually filling out the form.","Kids and school"
"165","Keeping up with the school","Frustration","Frustration poster 2/2","assigned","Duckback school bag","duckback school bag.jpg","5","3","B","72","Toys for my kid and his friends as they grow up. I hate visiting malls to shop","Shopping and deals"
"165","Keeping up with the school","Frustration","Frustration poster 2/2","assigned","Duckback school bag","duckback school bag.jpg","5","4","B","68","It just happens consciously - they are something which are unavoidable in our lives, so we learn to live through it and go with it.","Kids and school"
"165","Keeping up with the school","Frustration","Frustration poster 2/2","assigned","Duckback school bag","duckback school bag.jpg","5","5","B","67","Well I never really thought about it, let's say cleaning the house and doing the dishes for example. It is not that boring or annoying when I do it but when I have it on my to do list, it just feels like it will take a day to do it and I feel the urge to procastinate","Groceries and household"
"166","Keeping up with the school","Procrastinate","Procrastinate poster","TO SOURCE","— TO SOURCE —","","5","1","A","87","""I was walking near my college campus in Khandari, Agra, and saw migrant construction laborers working on a new building. Their small kids were just sitting in the dirt near a massive, trash-filled vacant plot, with absolutely nothing to do or study. I felt a deep sense of guilt and wanted to help, but I kept procrastinating and putting it off because it felt like a mess—I thought, 'I am just a student, how can I arrange electricity, books, or a classroom for them?' The sheer scale of India's poverty made me feel helpless, so I just kept avoiding it, thinking someone else or some NGO would deal with it.""","Kids and school"
"166","Keeping up with the school","Procrastinate","Procrastinate poster","TO SOURCE","— TO SOURCE —","","5","2","B","75","Feeding the kids, getting them ready, and putting them to bed is highly frustrating as they would do anything possible to postpone such tasks. You have to first cajole them, distract them with something so their resistance goes down, or threaten them that you would not help them with the task. When they seem nonchalant even after all that, you just resign, wait for them to tire themselves out, find something else to do in the meanwhile.","Kids and school"
"166","Keeping up with the school","Procrastinate","Procrastinate poster","TO SOURCE","— TO SOURCE —","","5","3","B","74","i feel like i need extra time to do research on upcoming fund categories to have diversified portfolio. but i never get to do the homework so i keep putting money on auto pilot in select few funds","Money, investing and insurance"
"166","Keeping up with the school","Procrastinate","Procrastinate poster","TO SOURCE","— TO SOURCE —","","5","4","B","73","I keep putting off learning new things because I never know where to start. For example, I wanted to learn basic video editing, saved a bunch of YouTube tutorials and courses, and then never actually started. Every time I had free time, I’d tell myself I’d do it later, and eventually the saved videos just piled up.","Learning and hobbies"
"166","Keeping up with the school","Procrastinate","Procrastinate poster","TO SOURCE","— TO SOURCE —","","5","5","B","70","I have to help the kid with some subjects. Keeps getting delayed until exam arrives","Kids and school"
"167","Keeping up with the school","No feeling","No feeling poster 1/3","TO SOURCE","— TO SOURCE —","","10","1","A","83","Most evenings there is a new requirement on the school whatsapp group about activities and things needed plus prep work to be done by parents at home. i am drained by the time i reach home and then the prep takes some 30 odd minutes. i do it some days wilfully, some days grudgingly, some days we are delinquent.","Kids and school"
"167","Keeping up with the school","No feeling","No feeling poster 1/3","TO SOURCE","— TO SOURCE —","","10","2","A","81","So the kid has to take something to school for kitchen explorer and every Friday for show and tell. Sometimes we forget and then the kid goes there with nothing to do with the others. Do something so there could be a better way for me to remember this and also buy the item/prepare a speech etc.","Kids and school"
"167","Keeping up with the school","No feeling","No feeling poster 1/3","TO SOURCE","— TO SOURCE —","","10","3","B","79","Schools have a lot of activities nowadays which are 'extracurricular' and it tends to eat up a lot of time of parents, and most of it is only entertainment and nothing which builds skills of students. I wished they did something productive.","Kids and school"
"167","Keeping up with the school","No feeling","No feeling poster 1/3","TO SOURCE","— TO SOURCE —","","10","4","B","79","Filing their papers, checking the almanac and homework, making them so their homework, assignments and projects, ordering prints required for the next day, assembling books for the next day's timetable, etc.","Kids and school"
"167","Keeping up with the school","No feeling","No feeling poster 1/3","TO SOURCE","— TO SOURCE —","","10","5","B","76","I have a claude course to be completed, a nism exam to be given, 5-6 books that I have downloaded online, 4 books that I have purchased offline allin pipeline. Swimming and boxing lessons that I haveto start","Learning and hobbies"
"167","Keeping up with the school","No feeling","No feeling poster 1/3","TO SOURCE","— TO SOURCE —","","10","6","B","76","During my IIM classes, I often realise I need to learn something outside the syllabus—Python, Excel, financial analysis, AI tools, or a new framework for an assignment. I open YouTube, Google, course platforms and notes, save several resources, and then spend almost as much time deciding what to learn and in what order as actually learning it. A few days later, I have ten tabs, half-finished tutorials and no clear idea of what I should do next.","Learning and hobbies"
"167","Keeping up with the school","No feeling","No feeling poster 1/3","TO SOURCE","— TO SOURCE —","","10","7","B","75","Print Outs of school works,stationery orders over the year","Kids and school"
"167","Keeping up with the school","No feeling","No feeling poster 1/3","TO SOURCE","— TO SOURCE —","","10","8","B","75","I was in class and i need to book for my xray and the booking counter is open it 2 pm. I have to wait till saturday or bunk my 1-2 classes for that","Health and medical"
"167","Keeping up with the school","No feeling","No feeling poster 1/3","TO SOURCE","— TO SOURCE —","","10","9","B","75","Check school submission/homework calendars, revise with kids, ensure they do extra credit stuff, actually do a good job","Kids and school"
"167","Keeping up with the school","No feeling","No feeling poster 1/3","TO SOURCE","— TO SOURCE —","","10","10","B","73","If I have to wake up my brother or attend school myself, I knew I had to make it to school despite long hours just to witness lectures instead of self-study. But i needed the attendance.","Kids and school"
"168","Keeping up with the school","No feeling","No feeling poster 2/3","TO SOURCE","— TO SOURCE —","","10","1","B","73","There are a lot of payments done in a hurry as i have a class to get to in 3 minutes...there's no way I'm remembering this and noting it down.","Money, investing and insurance"
"168","Keeping up with the school","No feeling","No feeling poster 2/3","TO SOURCE","— TO SOURCE —","","10","2","B","72","adding or updating the groceries for tomorrow on milkbasket...often forget between agreeing to change for example milk to 2 pkts for tomorrow and actually doing it","Groceries and household"
"168","Keeping up with the school","No feeling","No feeling poster 2/3","TO SOURCE","— TO SOURCE —","","10","3","B","72","Finding a good place to live that meets young kid needs, central to plans, best value for cost.","Travel and holidays"
"168","Keeping up with the school","No feeling","No feeling poster 2/3","TO SOURCE","— TO SOURCE —","","10","4","B","71","I often plan to work on my personal projects after college, but by the time I finish classes, assignments, and other work, I keep postponing it to the next day. I genuinely want to work on the project, but it often gets pushed aside when other deadlines come up.","Learning and hobbies"
"168","Keeping up with the school","No feeling","No feeling poster 2/3","TO SOURCE","— TO SOURCE —","","10","5","B","71","there is a lot one shd do at home alongside the school, which i am not able to do","Kids and school"
"168","Keeping up with the school","No feeling","No feeling poster 2/3","TO SOURCE","— TO SOURCE —","","10","6","B","71","completion of homework for kids,  scheduling after school classes for sports","Kids and school"
"168","Keeping up with the school","No feeling","No feeling poster 2/3","TO SOURCE","— TO SOURCE —","","10","7","B","71","Now everything is on App, finding today's homework, what is needed tomorrow for the school. Are there any notices which I should pay attention?","Kids and school"
"168","Keeping up with the school","No feeling","No feeling poster 2/3","TO SOURCE","— TO SOURCE —","","10","8","B","70","I had planned to finish an online finance course and was actually quite interested in it, but I kept pushing it because I had classes, assignments and other work to finish first. I would tell myself I’d do a module at night, then I’d be tired and move it to the next day. A few weeks later, I realised I had barely made any progress and had several other courses and projects sitting unfinished as well.","Learning and hobbies"
"168","Keeping up with the school","No feeling","No feeling poster 2/3","TO SOURCE","— TO SOURCE —","","10","9","B","68","Getting activity mateirals message evening after the shops are shut.  N having to coodinate just to send it to school next day.","Kids and school"
"168","Keeping up with the school","No feeling","No feeling poster 2/3","TO SOURCE","— TO SOURCE —","","10","10","B","67","building a time table and keeping a check on whether the kids actually followed it","Kids and school"
"169","Keeping up with the school","No feeling","No feeling poster 3/3","TO SOURCE","— TO SOURCE —","","8","1","B","67","Regular classes, attending lectures, taking notes, doing desperate class participation, and keeping up with coursework. At this point, I could probably do it in my sleep.","Learning and hobbies"
"169","Keeping up with the school","No feeling","No feeling poster 3/3","TO SOURCE","— TO SOURCE —","","8","2","B","66","i was at room sleeping, then notification came 10 mins before class that i have class, i snoozed it and then 5 mins later got out of the bed and ran to the cycle to go my class.","Kids and school"
"169","Keeping up with the school","No feeling","No feeling poster 3/3","TO SOURCE","— TO SOURCE —","","8","3","B","66","Time table, test schedule, coaching and class schedule","Kids and school"
"169","Keeping up with the school","No feeling","No feeling poster 3/3","TO SOURCE","— TO SOURCE —","","8","4","B","66","Doing homework with kid everyday using AI to help me with the answers","Kids and school"
"169","Keeping up with the school","No feeling","No feeling poster 3/3","TO SOURCE","— TO SOURCE —","","8","5","B","66","Too tired by college assignments and classes that I tell myself everyday I will do it from tomorrow.","Fitness and wellness"
"169","Keeping up with the school","No feeling","No feeling poster 3/3","TO SOURCE","— TO SOURCE —","","8","6","B","66","Like from childhood i am afraid of dogs and cats","Pets"
"169","Keeping up with the school","No feeling","No feeling poster 3/3","TO SOURCE","— TO SOURCE —","","8","7","B","65","taking printouts and doing some basic crafts. Helping with the homework","Kids and school"
"169","Keeping up with the school","No feeling","No feeling poster 3/3","TO SOURCE","— TO SOURCE —","","8","8","B","65","Imagining school be attached by goons and saving it","Kids and school"
"170","Keeping the machines running","Frustration","Frustration poster","assigned","Fevicol adhesive — fixing/crafts","fevicol.jpeg","2","1","B","73","Property repairs & upkeep primarily. Coordinating with electricians, plumbers etc. Although Urban Company's professional contractors are making things easier","Groceries and household"
"170","Keeping the machines running","Frustration","Frustration poster","assigned","Fevicol adhesive — fixing/crafts","fevicol.jpeg","2","2","B","67","Just getting the car serviced is a hassle","Getting around and vehicles"
"171","Keeping the machines running","Procrastinate","Procrastinate poster","assigned","Batliboi industrial machines","BATLIBOI machines.jpg","1","1","B","74","My vehicle servicing is a very frustrating process, so I keep putting it off until I can notice real problem with my vehicle, like a noise coming from the tyre or the engine indicator light turning on","Getting around and vehicles"
"172","Looking after the pet","Repetitive","Repetitive poster","TO SOURCE","— TO SOURCE —","","3","1","B","78","I had to arrange my pet’s food and basic care while I was busy with other things. I had to remember when to buy food, check what was available, coordinate with family, and make sure my pet was taken care of on time. It became a lot of small things to keep track of, especially when my schedule was busy.","Pets"
"172","Looking after the pet","Repetitive","Repetitive poster","TO SOURCE","— TO SOURCE —","","3","2","B","73","Taking my GSD for walks and managing his daily care takes time","Pets"
"172","Looking after the pet","Repetitive","Repetitive poster","TO SOURCE","— TO SOURCE —","","3","3","B","73","My dog is prone to skin rashes. Everytime I slightly fall behind on his bath or excessive grooming routine, it comes back. And with it the round of vets, medications etc.","Pets"
"173","Looking after the pet","Frustration","Frustration poster","TO SOURCE","— TO SOURCE —","","1","1","B","71","Walking my pet everyday a few times is a pain","Pets"
"174","Looking after the pet","Overwhelm","Overwhelm poster","TO SOURCE","— TO SOURCE —","","1","1","B","76","My dog’s name is Panther. There was this one time when he suddenly stopped eating like he used to and got a lot lazier. I couldn’t tell if he was actually sick or just in a weird mood. So I kept a close eye on him, watching if he touched his food or drank any water. I was torn about whether I should rush him to the vet or just wait it out, so I started asking people and searching online for answers. The hardest thing was trying to figure out what was wrong when Panther couldn’t just tell me what hurt. Not knowing made everything feel a lot scarier.","Pets"
"175","Looking after the pet","Procrastinate","Procrastinate poster","TO SOURCE","— TO SOURCE —","","1","1","B","73","I don't really have a task here because I don't keep pets and prefer not to be around animals. I find it uncomfortable when animals roam freely indoors or around shared spaces, especially when they touch furniture, food, or other surfaces. So I generally avoid situations where I have to interact with or take care of pets.","Pets"
"176","Looking after the pet","No feeling","No feeling poster","TO SOURCE","— TO SOURCE —","","6","1","B","78","Pet health - tracking annual vaccinations, grooming etc  Pet training - active involvement in training the dog  Pet food - fresh food needs to be ordered every other day, expensive branded food needs to find best deals","Pets"
"176","Looking after the pet","No feeling","No feeling poster","TO SOURCE","— TO SOURCE —","","6","2","B","70","He has skin issues, so breakouts, dandruff, etc. happens randomnly and then have to go find the vet. The vet keeps changing because doctors keep moving/shifting or leaving.","Pets"
"176","Looking after the pet","No feeling","No feeling poster","TO SOURCE","— TO SOURCE —","","6","3","B","69","nail clipping, and bathing. They throw a tantrum when I do it for them, so I have to take them to a spa.","Pets"
"176","Looking after the pet","No feeling","No feeling poster","TO SOURCE","— TO SOURCE —","","6","4","B","68","When to restock food, what's the best vet or grooming store nearby","Pets"
"176","Looking after the pet","No feeling","No feeling poster","TO SOURCE","— TO SOURCE —","","6","5","B","68","Combing my pet's hair, training him, setting a schedule, house train him","Pets"
"176","Looking after the pet","No feeling","No feeling poster","TO SOURCE","— TO SOURCE —","","6","6","B","67","My two house cats are not an issue, it is the community cats I have no backup if there are emergencies.","Pets"
"177","Running your wedding","Frustration","Frustration poster 1/2","assigned","Bagpiper — drinks for the occasion","bagpiper.jpeg","10","1","A","91","Attending family weddings involves an exhausting mix of logistical chaos and social fatigue. Last month, before traveling to a relative's wedding, the friction started with outfit coordination. Finding ethnic clothes that matched the specific color themes required endless manual tracking across Myntra, local shop chats, and family WhatsApp groups. Once at the venue, the logistical stress shifted into social pressure. I had to constantly navigate crowded halls, make polite small talk with distant relatives, and mask my internal frustration while answering repetitive, intrusive questions about my college grades, career plans, and future milestones. Balancing the physical mess of traveling with the mental energy required to maintain a perfect social smile makes the entire process incredibly painful.","Weddings and special occasions"
"177","Running your wedding","Frustration","Frustration poster 1/2","assigned","Bagpiper — drinks for the occasion","bagpiper.jpeg","10","2","A","91","I was standing outside a chaotic railway station exit at 11:30 PM, designated as the unofficial ""inbound logistics coordinator"" for my cousin's wedding. My exact task was supposedly simple: coordinate the pickup of forty-five extended family members arriving on three different delayed trains and route them to two separate guesthouses using four hired tempo travellers.  Instead, I found myself in the middle of a completely unstructured operational nightmare. One driver had gone rogue, parking at the wrong exit and refusing to answer his phone. Two trains that were supposed to be staggered by an hour arrived simultaneously. Meanwhile, the dedicated ""Travel Updates"" WhatsApp group was entirely useless, clogged with irrelevant emojis and panicked voice notes from an uncle who couldn't find his luggage.  My brain, steeped in process optimization and eliminating non-value-added activities on industrial shop floors, was practically short-circuiting. There was absolutely zero process standardization. I was literally leaning against a tea stall, sketching a makeshift routing sequence on the back of a wedding invitation envelope. I found myself mentally trying to apply predetermined motion time systems to calculate exactly how long it would take a group of exhausted aunties to board a bus with oversized suitcases.  For two hours, I sprinted between platforms and parking lots, manually cross-checking a disorganized spreadsheet on a phone screen that kept freezing in the cold. Every time I fixed one bottleneck, another appeared. The driver who was supposed to go to the first guesthouse ended up taking half the guests to the second one because someone’s grandfather confidently gave him the wrong directions.  We treat Indian wedding logistics like a natural disaster that simply requires brute human force, endless phone calls, and shouting to resolve. It is a completely broken, manual chore disguised as family bonding, and the sheer volume of friction makes it impossible to actually enjoy the celebration.","Weddings and special occasions"
"177","Running your wedding","Frustration","Frustration poster 1/2","assigned","Bagpiper — drinks for the occasion","bagpiper.jpeg","10","3","A","88","E-commerce sites are really slow and painful. Sometimes even basic functions like filters don't seem to be working nowadays. I don't know what's going on, so I would just want someone to understand my requirements, scrape through the entire catalogue only for my suggested requirements (size, type of article, colour combination), and just put those into a set of links that I can browse through. In some other cases where it's a standard article and there are multiple apps that serve it, just a quick price check: where do I have my best basket value, and then automatically book it.","Shopping and deals"
"177","Running your wedding","Frustration","Frustration poster 1/2","assigned","Bagpiper — drinks for the occasion","bagpiper.jpeg","10","4","A","87","I was helping organize a college conference, and a lot of things had to be handled at the same time. I had to coordinate with students and faculty, help with registrations, manage event logistics, prepare posters and other materials, and deal with last-minute changes. A lot of the coordination happened through WhatsApp groups and personal chats, so it was sometimes difficult to keep track of who was doing what and what had changed.","Weddings and special occasions"
"177","Running your wedding","Frustration","Frustration poster 1/2","assigned","Bagpiper — drinks for the occasion","bagpiper.jpeg","10","5","A","86","Planning is a pain. Especially the wedding rituals. Other things are manageable, but rituals vary depending on religion and caste, so keeping track of all of them is a pain. And only if they are done will actual ceremony be allowed.","Weddings and special occasions"
"177","Running your wedding","Frustration","Frustration poster 1/2","assigned","Bagpiper — drinks for the occasion","bagpiper.jpeg","10","6","A","82","msinly its the ppl and the organising that takes a toll. Organising an event is quite taxing esply when u are managing the event u have to go behind each and everything despite already assigning them to others. some decisions they take assuming something always adds more to my work.. and then the usual, people coming upto u and asking you to identify them.  the dressing and all are a hassle too","Weddings and special occasions"
"177","Running your wedding","Frustration","Frustration poster 1/2","assigned","Bagpiper — drinks for the occasion","bagpiper.jpeg","10","7","A","82","A few days before a family wedding, I realised I still hadn't figured out what I was going to wear. I ended up going through my wardrobe, sending pictures to my family on WhatsApp, getting completely different opinions from everyone, checking a few shopping apps, and then trying to find jewellery and footwear that would actually go with whatever I picked.  The annoying part was that every decision created another decision. Once I chose the outfit, I had to figure out the accessories, then the shoes, then whether I needed alterations, and suddenly a simple “what am I wearing?” had turned into a whole project.","Weddings and special occasions"
"177","Running your wedding","Frustration","Frustration poster 1/2","assigned","Bagpiper — drinks for the occasion","bagpiper.jpeg","10","8","A","82","Even attending a friend's wedding can become surprisingly expensive. A new dress, accessories, transportation, gifts, and other expenses can add up quickly, even when it is only for a single day.  Indian weddings can also be lengthy and involve multiple rituals and social gatherings. You are expected to participate actively, interact with people from different age groups, and be present throughout the celebrations. You can't simply stay quiet or keep to yourself you have to constantly engage with conversations and social situations.  There is also a certain pressure around dressing appropriately. Wearing something too simple can sometimes lead to people judging you, so you feel pushed to spend more on clothes and appearance just to fit the occasion.  What should be a fun celebration can therefore become financially and mentally exhausting.","Weddings and special occasions"
"177","Running your wedding","Frustration","Frustration poster 1/2","assigned","Bagpiper — drinks for the occasion","bagpiper.jpeg","10","9","B","79","I don't like social gathering so much, I just enjoy being around my real ones, so any weddings or special occasion would be a headache for me, doing work all the day, managing every ones request and then also no rest, always calculating finances to track the expenses.","Weddings and special occasions"
"177","Running your wedding","Frustration","Frustration poster 1/2","assigned","Bagpiper — drinks for the occasion","bagpiper.jpeg","10","10","B","75","On events or occasions, people force me to dance or drink or be social. So, I go late and leave early. Another problem is deciding on the gift. That is another frustrating thing about attending occasions. I hate giving generic stuffs. I end up spending time researching what they like and find something that is useful and they like.","Weddings and special occasions"
"178","Running your wedding","Frustration","Frustration poster 2/2","assigned","Rajaratnam fireworks — festival","rajratan fireworks.png","8","1","B","72","For such events and occasions what takes up the most of my time is prepping for them. Buying new dresses, jewelery , gifts etc ..it is so exhausting","Weddings and special occasions"
"178","Running your wedding","Frustration","Frustration poster 2/2","assigned","Rajaratnam fireworks — festival","rajratan fireworks.png","8","2","B","72","Fixing upon a gift, getting the attire finalized. All of this is pain.","Weddings and special occasions"
"178","Running your wedding","Frustration","Frustration poster 2/2","assigned","Rajaratnam fireworks — festival","rajratan fireworks.png","8","3","B","70","It's just frustrating and I m not an extroverted person","Weddings and special occasions"
"178","Running your wedding","Frustration","Frustration poster 2/2","assigned","Rajaratnam fireworks — festival","rajratan fireworks.png","8","4","B","69","Socialising with random relatives is a pain that I don't think I can still delegate to an agent","Weddings and special occasions"
"178","Running your wedding","Frustration","Frustration poster 2/2","assigned","Rajaratnam fireworks — festival","rajratan fireworks.png","8","5","B","69","simple to deal with humans in the occasions is hard for me. i do not want to talk to more and more people. i do not like formalities in occasions .","Weddings and special occasions"
"178","Running your wedding","Frustration","Frustration poster 2/2","assigned","Rajaratnam fireworks — festival","rajratan fireworks.png","8","6","B","68","The feeling of joy is what i search for when going out for entertainment . Once i crached a wedding with my friends and we got cought and we had to make a run for it , that was really fun","Going out and entertainment"
"178","Running your wedding","Frustration","Frustration poster 2/2","assigned","Rajaratnam fireworks — festival","rajratan fireworks.png","8","7","B","66","Planning to attend a wedding requires a ton of effort with what to wear, gift to give, coordination with family and friends on gifts and timings to get to the venue etc","Weddings and special occasions"
"178","Running your wedding","Frustration","Frustration poster 2/2","assigned","Rajaratnam fireworks — festival","rajratan fireworks.png","8","8","B","65","I hate going to weddings and interacting with people and doing the purchases","Weddings and special occasions"
"179","Running your wedding","Overwhelm","Overwhelm poster 1/2","assigned","Prince Jewellery","prince jewellery.png","10","1","A","82","For a family wedding, I had to help coordinate outfits, gifts, travel, and accommodation for everyone. The difficult part was keeping track of different people’s preferences, budgets, bookings, and last-minute changes across multiple WhatsApp chats and calls. A lot of time went into coordination instead of actually enjoying the occasion.","Weddings and special occasions"
"179","Running your wedding","Overwhelm","Overwhelm poster 1/2","assigned","Prince Jewellery","prince jewellery.png","10","2","A","81","I was getting ready for a family wedding and had to figure out what to wear. I was sitting on my bed with multiple tabs open, jumping between Myntra, Instagram, and random websites, trying to find something that looked good, fit the occasion, and would actually arrive on time. Then came the usual WhatsApp messages asking what everyone else was wearing, coordinating colours, checking sizes, and making sure I wasn't overdressed or underdressed. It somehow turned into a full project for something I thought would take 20 minutes.","Weddings and special occasions"
"179","Running your wedding","Overwhelm","Overwhelm poster 1/2","assigned","Prince Jewellery","prince jewellery.png","10","3","B","79","I had to attend a family function and struggled to decide what to wear and what gift to buy. I checked online options, asked family members for suggestions, and compared prices before deciding.","Weddings and special occasions"
"179","Running your wedding","Overwhelm","Overwhelm poster 1/2","assigned","Prince Jewellery","prince jewellery.png","10","4","B","78","At a family wedding, I had to coordinate outfits, gifts, travel arrangements, and timings while also keeping track of last-minute changes. There were multiple messages and calls from different people, and making sure everyone was in the right place at the right time became stressful.","Weddings and special occasions"
"179","Running your wedding","Overwhelm","Overwhelm poster 1/2","assigned","Prince Jewellery","prince jewellery.png","10","5","B","76","For weddings or special occasions, there is a lot to prepare and coordinate. I have to figure out what to wear, arrange jewellery and makeup, get ready on time, manage hair and heels, and then stay at the event for several hours. I often find the whole process physically tiring and stressful, especially when there are multiple events or I have to get ready while also helping with other things.","Weddings and special occasions"
"179","Running your wedding","Overwhelm","Overwhelm poster 1/2","assigned","Prince Jewellery","prince jewellery.png","10","6","B","75","I was helping with a family wedding and had to coordinate outfits, invitations, vendors, and timings with different people. Everyone kept changing plans, sending updates in different WhatsApp chats, and I had to repeatedly follow up to make sure nothing was missed. It became a confusing mess of calls, messages, payments, and last-minute changes.","Weddings and special occasions"
"179","Running your wedding","Overwhelm","Overwhelm poster 1/2","assigned","Prince Jewellery","prince jewellery.png","10","7","B","74","Having to buy a kurta for an occasion, but too many options and size issues as the ones I liked were not available in my size. Having to deal with delivery timings between classes and commitments, also it arriving soo enough that i can ask for an exchange in case of size issues.","Shopping and deals"
"179","Running your wedding","Overwhelm","Overwhelm poster 1/2","assigned","Prince Jewellery","prince jewellery.png","10","8","B","72","(This is for planning my own wedding) For each small thing I need to reach out to multiple vendors, evaluate their quality and quotations, get reviews, discuss with others involved in the wedding planning, and take decisions","Weddings and special occasions"
"179","Running your wedding","Overwhelm","Overwhelm poster 1/2","assigned","Prince Jewellery","prince jewellery.png","10","9","B","71","It’s too much to coordinate these big weddings that place multiple demands on you. From colour coordinating to jewellery. Plus organising something is an even bigger pain.","Weddings and special occasions"
"179","Running your wedding","Overwhelm","Overwhelm poster 1/2","assigned","Prince Jewellery","prince jewellery.png","10","10","B","70","For a wedding, I had to figure out what to wear, where to buy it, coordinate timings with friends, and arrange travel. I ended up juggling WhatsApp messages, Google Maps, shopping apps, and calls just to make sure I didn’t forget anything.","Weddings and special occasions"
"180","Running your wedding","Overwhelm","Overwhelm poster 2/2","assigned","Manju saree falls","manju saree falls.jpg","2","1","B","70","Feels like an obligation to be amongst so many people for a very long time. Social obligations.","Weddings and special occasions"
"180","Running your wedding","Overwhelm","Overwhelm poster 2/2","assigned","Manju saree falls","manju saree falls.jpg","2","2","B","67","Travelling, carrying so many clothes, standing a lot at the function","Weddings and special occasions"
"181","Running your wedding","Repetitive","Repetitive poster","TO SOURCE","— TO SOURCE —","","6","1","A","84","Planning everything around a special occasion without letting the occasion itself become stressful. For my birthday, I was planning a trip while also having to think about flights, hotels, budget, activities, food, what to wear, and coordinating everything with my family. I was doing it remotely/online, comparing options and constantly changing plans when dates or budgets shifted. The annoying part was having to keep track of all the tiny details when I really just wanted to enjoy the occasion.","Weddings and special occasions"
"181","Running your wedding","Repetitive","Repetitive poster","TO SOURCE","— TO SOURCE —","","6","2","B","78","I had three weddings in one month across different cities. I spent an entire weekend panicking over what to wear so I wouldn't repeat outfits with the same circle of friends, frantically running to the tailor for last-minute alterations, and spending hours tracking registry links, cash envelopes, and hotel check-in timings across messy WhatsApp groups.","Weddings and special occasions"
"181","Running your wedding","Repetitive","Repetitive poster","TO SOURCE","— TO SOURCE —","","6","3","B","75","At a family wedding, I somehow became the person everyone messaged whenever they needed information. People kept asking me about timings, locations, relatives, photographers, and last-minute changes. I was constantly checking whatsapp and calling other family members to figure things out. It felt like i was attending the wedding as an unpaid coordinator instead of actually enjoying it.","Weddings and special occasions"
"181","Running your wedding","Repetitive","Repetitive poster","TO SOURCE","— TO SOURCE —","","6","4","B","71","Have to attend it in person every time and most of the time it clashes with some important Tasks.","Weddings and special occasions"
"181","Running your wedding","Repetitive","Repetitive poster","TO SOURCE","— TO SOURCE —","","6","5","B","69","Yeah repetitive work of dental professionals like recall, followups, receptionist salary, unorganised patientdata, inventory","Health and medical"
"181","Running your wedding","Repetitive","Repetitive poster","TO SOURCE","— TO SOURCE —","","6","6","B","66","Post the photo of the invitation to a common group and ask my assistant to enter into calendar and remind me prior to the event","Weddings and special occasions"
"182","Running your wedding","Procrastinate","Procrastinate poster","TO SOURCE","— TO SOURCE —","","4","1","A","83","there are so many small things to coordinate, and somehow everyone expects you to remember all of them. The actual event is fun, but getting everything ready feels like managing 20 tiny tasks at once, especially when plans keep changing at the last minute.These are true problem that I face in my sister marriage!","Weddings and special occasions"
"182","Running your wedding","Procrastinate","Procrastinate poster","TO SOURCE","— TO SOURCE —","","4","2","B","71","Buying clothes is the major problem always seem to sort it at the last minute. Prepration for the events shopping lists, comparing prices sending invitation looking for a gift","Weddings and special occasions"
"182","Running your wedding","Procrastinate","Procrastinate poster","TO SOURCE","— TO SOURCE —","","4","3","B","70","I have talk to multiple vendors, caterers and make repititive phone calls so that nothing gets delayed and everything is on time and is adequate","Weddings and special occasions"
"182","Running your wedding","Procrastinate","Procrastinate poster","TO SOURCE","— TO SOURCE —","","4","4","B","68","I want to buy a gift for my sister for rakhi, I delayed ordering it and missed the date","Shopping and deals"
"183","Running your wedding","No feeling","No feeling poster 1/2","TO SOURCE","— TO SOURCE —","","10","1","A","85","When it's a close relative getting married, the unwritten rule is that our immediate family has to prepare and manage absolutely everything. I essentially became an unpaid event manager.   When it's a close relative's wedding, you don't really get to enjoy the occasion; you just spend the whole time putting out logistical fires.","Weddings and special occasions"
"183","Running your wedding","No feeling","No feeling poster 1/2","TO SOURCE","— TO SOURCE —","","10","2","A","83","The never-ending task of surviving wedding proposals for a 20-year-old girl who is simply trying to live her life on her own terms. 😭 Every family function somehow turns into an unofficial matchmaking session—relatives asking about my “plans,” showing me someone’s profile, suggesting a “nice boy,” and then expecting me to seriously consider it. I’m literally just trying to finish my food and enjoy the wedding. 💀","Weddings and special occasions"
"183","Running your wedding","No feeling","No feeling poster 1/2","TO SOURCE","— TO SOURCE —","","10","3","B","73","For my brother's wedding, I had to finalize venue, co-ordinate decorators and caterers; check on gifts and manage guest invitations and presence","Weddings and special occasions"
"183","Running your wedding","No feeling","No feeling poster 1/2","TO SOURCE","— TO SOURCE —","","10","4","B","70","The mingling is boring , the food is good so i just go to eat","Weddings and special occasions"
"183","Running your wedding","No feeling","No feeling poster 1/2","TO SOURCE","— TO SOURCE —","","10","5","B","68","This is for wedding, travel - planning the outfits, trying it etc and then it’s looses it’s crispness and have to get it ironed again!","Weddings and special occasions"
"183","Running your wedding","No feeling","No feeling poster 1/2","TO SOURCE","— TO SOURCE —","","10","6","B","67","If I go to shopping with my family they will select one outfit but that outfit will not be my choice and I don't like it but for my family I will select that outfit and after coming back to home after wearing that I will not look good on me","Shopping and deals"
"183","Running your wedding","No feeling","No feeling poster 1/2","TO SOURCE","— TO SOURCE —","","10","7","B","67","Clearing payments , coordinating with times, sending venue address and taking follow ups","Weddings and special occasions"
"183","Running your wedding","No feeling","No feeling poster 1/2","TO SOURCE","— TO SOURCE —","","10","8","B","67","I don't like to talk with my relatives or other people in wedding or other family occasion I like to talk but not with my relatives.","Weddings and special occasions"
"183","Running your wedding","No feeling","No feeling poster 1/2","TO SOURCE","— TO SOURCE —","","10","9","B","67","I always have to go to bad events and I seem to be sitting in the chair and doing nothing everytime.","Weddings and special occasions"
"183","Running your wedding","No feeling","No feeling poster 1/2","TO SOURCE","— TO SOURCE —","","10","10","B","65","Looks like formality these days. Congratulations, gifts, fake smiles and done","Weddings and special occasions"
"184","Running your wedding","No feeling","No feeling poster 2/2","TO SOURCE","— TO SOURCE —","","2","1","B","65","I am largely an introvert so having to forcefully attend occasions is very burdening to me","Weddings and special occasions"
"184","Running your wedding","No feeling","No feeling poster 2/2","TO SOURCE","— TO SOURCE —","","2","2","B","65","I don't know whose feet should I touch so I just start touching random persons who even don't know me but for the respect they try to act they know me","Weddings and special occasions"
"185","Renting a home","Overwhelm","Overwhelm poster","assigned","ACC cement waterproofing — building upkeep","ACCOPROOF cement proofing.jpg","9","1","A","87","I Was hosting a few friends in my hostel room for a birthday and we decided to order in from four different places to cover everyone's preferences Swiggy for biryani, Zomato for a cake, one guy wanted only from a specific local place that wasn't on either app so someone had to call and order directly. Coordinating who's paying for what turned into a Splitwise mess afterward, two orders got delayed because of rain, and I ended up standing at the hostel gate for 20 minutes juggling calls with two different delivery guys who couldn't find the entrance, while the food that had arrived was getting cold. Then splitting the final bill fairly since people ordered different amounts and someone paid for the cake alone — took another round of ""who owes what"" on WhatsApp the next day.","Food and eating out"
"185","Renting a home","Overwhelm","Overwhelm poster","assigned","ACC cement waterproofing — building upkeep","ACCOPROOF cement proofing.jpg","9","2","A","84","I was planning a weekend outing with a few friends. We had to decide where to go, find a place everyone liked, check timings and ticket prices, and coordinate everyone’s availability. We kept going back and forth in WhatsApp, and plans changed multiple times, which made the whole process unnecessarily frustrating.","Going out and entertainment"
"185","Renting a home","Overwhelm","Overwhelm poster","assigned","ACC cement waterproofing — building upkeep","ACCOPROOF cement proofing.jpg","9","3","A","80","Whenever I have to deal with anything related to my bank account, investing, or the stock market, I get overwhelmed by how much I don't understand. Even simple things can turn into me searching what terms mean, comparing information from different places, and asking someone who knows more than me before I feel confident enough to do anything. I remember trying to understand something related to investing and getting stuck in the terminology and options. Instead of feeling like I'm making a financial decision, it felt like I was trying to pass a test I hadn't studied for. By the end, I was mentally exhausted and still wasn't completely sure I understood it.","Money, investing and insurance"
"185","Renting a home","Overwhelm","Overwhelm poster","assigned","ACC cement waterproofing — building upkeep","ACCOPROOF cement proofing.jpg","9","4","A","80","I was trying to plan a movie night with a few friends. We were all in different places, so I had to keep messaging everyone to figure out a day and time. Then the first movie we picked wasn’t available at a convenient time, someone wanted a different movie, and another person was running late. I ended up checking showtimes, seeding screenshots in the group chat, coordinating transport, and basically becoming the unpaid event manager.","Going out and entertainment"
"185","Renting a home","Overwhelm","Overwhelm poster","assigned","ACC cement waterproofing — building upkeep","ACCOPROOF cement proofing.jpg","9","5","A","80","I needed to book a salon appointment but had no idea which place to choose. I ended up checking Google Maps and Instagram for nearby salons, comparing reviews, prices, services, and available timings. Then I had to message or call the salon to confirm the appointment. It was annoying because all the information was scattered across different places, and I had to do the coordination myself.","Beauty and self-care"
"185","Renting a home","Overwhelm","Overwhelm poster","assigned","ACC cement waterproofing — building upkeep","ACCOPROOF cement proofing.jpg","9","6","B","79","I was trying to plan a weekend outing with my friends. We had to figure out where to go, compare different places, check timings and prices, and then coordinate with everyone to find a time that worked for all of us.","Going out and entertainment"
"185","Renting a home","Overwhelm","Overwhelm poster","assigned","ACC cement waterproofing — building upkeep","ACCOPROOF cement proofing.jpg","9","7","B","75","I was at home trying to keep track of everything I was learning. I had saved courses, YouTube videos, articles, and notes in different places, but couldn’t remember what I’d already finished or what I wanted to do next. I ended up spending more time organizing everything than actually learning.","Learning and hobbies"
"185","Renting a home","Overwhelm","Overwhelm poster","assigned","ACC cement waterproofing — building upkeep","ACCOPROOF cement proofing.jpg","9","8","B","74","Most of the time, we plan on going out to eat but due to too many options and accommodating everyone's choice becomes difficult to find a place","Food and eating out"
"185","Renting a home","Overwhelm","Overwhelm poster","assigned","ACC cement waterproofing — building upkeep","ACCOPROOF cement proofing.jpg","9","9","B","74","I was at my laptop trying to learn a new technology for a project. I had saved tutorials, YouTube videos, documentation, GitHub repositories, and articles in different places. I kept jumping between resources, bookmarking things I wanted to come back to, and making notes, but I wasn't following one clear learning path. After a few days, I had a lot of saved material but still had to figure out what to study next and what was actually worth my time.","Learning and hobbies"
"186","Renting a home","Frustration","Frustration poster","assigned","Bharat wool carpets — home","Secora carpets.jpg","2","1","A","87","A recent example was planning a night out with a group of friends. We were trying to decide where to go, what time to meet, and whether everyone was actually available. The annoying part was that nobody could agree on one plan. People kept changing their timings, suggesting different places, or replying hours later, so I ended up going back and forth on WhatsApp trying to coordinate everyone.  Once we finally decided on a place, there was still the issue of making a reservation and figuring out how everyone was getting there. I had to check availability, confirm the number of people, send the location, remind people about the timing, and keep updating the plan whenever someone cancelled or joined at the last minute. By the time everything was sorted, I had spent way more time organizing the evening than I actually wanted to.  The frustrating part was that none of these tasks were particularly difficult individually, but together they became a lot of small things to keep track of. I would have much rather had someone handle the coordination, find a suitable place, check availability, confirm the details with everyone, and just give me the final plan.","Going out and entertainment"
"186","Renting a home","Frustration","Frustration poster","assigned","Bharat wool carpets — home","Secora carpets.jpg","2","2","A","83","Like It is really cringe that I need to spend my whole money on the food..I live in a pg and they give shit food...I really hate to spend money on the food...","Food and eating out"
"187","Renting a home","Repetitive","Repetitive poster","assigned","Super Snowcem cement coating — home","super snowcream cement coating.jpg","2","1","A","87","""I was trying to collect and pool together ₹12,000 to pay the monthly lease for a vacant plot we wanted to use for our evening classes. I had to manually ask people on WhatsApp, keep track of dozens of screenshots for tiny ₹10 or ₹50 transactions, and then deal with an impatient property agent who kept calling me for the final rent payment. Managing multiple micro-donations and coordinating monthly rent manually as a college student was an absolute logistical nightmare.""","Money, investing and insurance"
"187","Renting a home","Repetitive","Repetitive poster","assigned","Super Snowcem cement coating — home","super snowcream cement coating.jpg","2","2","B","79","Doing laundry is the one that is most time-taking stuff for me, just standing there in front of machine and changing clothes and shifting to dryer each time is frustrating.","Groceries and household"
"188","Renting a home","Procrastinate","Procrastinate poster","TO SOURCE","— TO SOURCE —","","2","1","B","75","I was trying to plan dinner for a group, and it turned into a whole mess. I had to keep checking who was actually coming, find a place that wasn’t too expensive, make sure they had vegetarian options, and then message everyone again because two people changed their minds at the last minute. We ended up going to a restaurant near us, but by then I was honestly more tired from coordinating it than I was hungry.","Food and eating out"
"188","Renting a home","Procrastinate","Procrastinate poster","TO SOURCE","— TO SOURCE —","","2","2","B","67","Moved into a new place couple of months ago. Not a large society, so does not have society technicians. Some lights need change / fixing and some new to be added. Following up with the electrician suggested by the landlord, who never turns up on time, and has been delaying the work. The following up is tiresome.","Groceries and household"
"189","Madam, OTP?","Overwhelm","Overwhelm poster 1/6","assigned","Surf detergent — household/value","Surf.jpeg","10","1","A","89","some things are weekly - fruit and veg. check whats in the fridge, spoiled or not and then add stuff to cart. try a new vegetable, becasue the menu is boring, and dont eat it anyway. Discover mid-week that we have run out of onions. order from same ""organic"" labeled app and get sticekr shock.  For dry groceries, try to do an inventory and monthly shopping. inevitable to it badly, and instamart orders every week. Feel guilty for not doing price comparison. add everything to cart in 3 different app - realise different things are cheaper on different platforms. brands and items are not always available on all of them. give up.","Groceries and household"
"189","Madam, OTP?","Overwhelm","Overwhelm poster 1/6","assigned","Surf detergent — household/value","Surf.jpeg","10","2","A","87","every time coming tired from the office .. I need to walk a Km first to reach the grocery market and then ask a list of grocery from my household , which then needs to dealth with the sales person or sabjiwala and then at the final stages the bargaining happens , which is also quite frustrating . Another thing that slips out many times is to check the quality of the veggies to be good.","Groceries and household"
"189","Madam, OTP?","Overwhelm","Overwhelm poster 1/6","assigned","Surf detergent — household/value","Surf.jpeg","10","3","A","87","I remember it was a Sunday afternoon, and I was doing my usual weekly grocery run through the app instead of going to the store. As I went through my regular list, I noticed the prices on a few items had gone up since last time, and one or two brands I normally buy weren't available at all, so I had to compare alternatives before deciding. Then, right after I added everything to the cart, the app crashed once and I lost part of my selections, so I had to redo it. By the time I finally placed the order, what should have taken ten minutes had turned into almost half an hour of double-checking prices, re-adding items, and making sure nothing was missed.","Groceries and household"
"189","Madam, OTP?","Overwhelm","Overwhelm poster 1/6","assigned","Surf detergent — household/value","Surf.jpeg","10","4","A","87","Every weekend, when I’m trying to make plans with friends, someone asks, “So, what are we doing?” and somehow I become the unofficial event planner. I’ll check Instagram, Google Maps, Zomato, BookMyShow, and random reels to figure out where we should go, whether it’s actually good, what it’ll cost, how far it is, and whether everyone will agree. Then comes the WhatsApp chaos,“too expensive,” “too far,” “I’ve already been there,” “what about this place?” After 30 minutes of planning, we sometimes end up at the same café we always go to. I love going out; I just hate having to engineer the outing.","Going out and entertainment"
"189","Madam, OTP?","Overwhelm","Overwhelm poster 1/6","assigned","Surf detergent — household/value","Surf.jpeg","10","5","A","86","I open zomato, swiggy and get confused everytime what I want to order. It’s a pain to decide. What will come early, what will be cheap & what will I actually like","Food and eating out"
"189","Madam, OTP?","Overwhelm","Overwhelm poster 1/6","assigned","Surf detergent — household/value","Surf.jpeg","10","6","A","86","Delivery apps charge extra so I wanna go down to the retail stores to buy stuff but not sure if they have the stuff so I order anyways. It's a pain ordering over call","Groceries and household"
"189","Madam, OTP?","Overwhelm","Overwhelm poster 1/6","assigned","Surf detergent — household/value","Surf.jpeg","10","7","A","85","Honestly, the one that gets me every time is coordinating a group food order in the hostel. Someone starts a ""what do we want for dinner"" message in the group, and it just spirals, five people want five different things, someone's vegetarian, someone's cutting carbs that week, someone doesn't reply for twenty minutes and then wants to change the whole order once everyone's already decided. By the time we've actually agreed on what to order, half the good discounts or delivery slots are gone, so I end up placing the order myself just to move things along, tracking who wants what add-on, and then splitting the bill after, which is its own separate headache. It's never actually about the food, it's the twenty minutes of back and forth just to get five people to agree on one thing","Food and eating out"
"189","Madam, OTP?","Overwhelm","Overwhelm poster 1/6","assigned","Surf detergent — household/value","Surf.jpeg","10","8","A","84","The mess food at college isn't great, so  I often end up ordering food from outside. The annoying part is surfing through different options to figure out what to order, placing the order, tracking it, and then waiting almost an hour for it to arrive. It happens so often that I could probably do the entire process in my sleep","Food and eating out"
"189","Madam, OTP?","Overwhelm","Overwhelm poster 1/6","assigned","Surf detergent — household/value","Surf.jpeg","10","9","A","84","I was at a small café with friends when we ordered a few dishes to share. One dish arrived completely different from what we expected, and we had to figure out what to reorder without wasting food or money. It was a small hassle, but the conversation and improvising made the meal memorable.","Food and eating out"
"189","Madam, OTP?","Overwhelm","Overwhelm poster 1/6","assigned","Surf detergent — household/value","Surf.jpeg","10","10","A","82","Firstly I buy groceries every week, depending on the meal plan for that week. Every Sunday morning, I map out what all meals (including food for my toddler, which is different) and based on that figure out the list and go purchase the ingredients. Often times, I miss out on some ingredient, come home and then do quick commerce, or go to the nearby store.  Still sometimes I miss a key ingredient (for example, rice) which makes me change the meal entirely but have to do a work around depending on what ingredients I have already bought.","Groceries and household"
"190","Madam, OTP?","Overwhelm","Overwhelm poster 2/6","assigned","Odonil (Balsara) — household freshener","balsara.jpeg","10","1","A","81","Whenever I go to a restaurant I’ve already been to, I usually end up checking the menu and looking back at what I liked the previous time. I try to figure out which are the best items to order instead of randomly choosing something new. It’s not a major hassle, but I do spend time deciding what to order and often end up going with the same things I already know are good.","Food and eating out"
"190","Madam, OTP?","Overwhelm","Overwhelm poster 2/6","assigned","Odonil (Balsara) — household freshener","balsara.jpeg","10","2","A","81","I see I am down to one muskmelon. I message the local grocer for three muskmelon and two papayas, one of which must be fully ripe. He sends the bill, typically much later, well after delivery. I forget about it. He calls me in the night saying it is unpaid. I pay through Phonepe to a scan which is his DP and send him a screenshot","Groceries and household"
"190","Madam, OTP?","Overwhelm","Overwhelm poster 2/6","assigned","Odonil (Balsara) — household freshener","balsara.jpeg","10","3","A","81","It was a weekday evening after work, and I realized we'd run out of basic groceries milk, vegetables, and a few kitchen staples. I opened my usual grocery app to place an order, but a couple of items I regularly buy were out of stock, so I had to spend extra time picking substitutes I wasn't sure about. On top of that, the delivery slot I wanted was full, so I had to either wait longer than planned or split the order across two different apps just to get everything on time. It wasn't a complicated task, but juggling stock issues, substitutes, and delivery slots for something as routine as groceries ended up taking way more time and effort than it should have.","Groceries and household"
"190","Madam, OTP?","Overwhelm","Overwhelm poster 2/6","assigned","Odonil (Balsara) — household freshener","balsara.jpeg","10","4","A","81","When I order the food, I usually go for a walk after it. The thing which is frustrating is me repeatedly checking whether the food is ready or not as there is no app or calling in local shops.","Food and eating out"
"190","Madam, OTP?","Overwhelm","Overwhelm poster 2/6","assigned","Odonil (Balsara) — household freshener","balsara.jpeg","10","5","A","80","Trying to figure out all the items that need to be ordered by thinking of what's missing. Instead if I can just keep telling an agent to remember what to order the next time I'm creating a basket, it would help. Also, have to check across multiple platforms where all the items are available so that I don't need to place multiple orders","Groceries and household"
"190","Madam, OTP?","Overwhelm","Overwhelm poster 2/6","assigned","Odonil (Balsara) — household freshener","balsara.jpeg","10","6","A","80","It's basically checking groceries, figuring out which instant delivery app has the item at the best price and then ordering it in bulk every time","Groceries and household"
"190","Madam, OTP?","Overwhelm","Overwhelm poster 2/6","assigned","Odonil (Balsara) — household freshener","balsara.jpeg","10","7","A","80","I have to check every single time what I have, and then I have to order them accordingly, the kind of food I wanna have. It's something which is just very taxing and has very simple, basic stuff to do. It is very irritating to do those things.","Groceries and household"
"190","Madam, OTP?","Overwhelm","Overwhelm poster 2/6","assigned","Odonil (Balsara) — household freshener","balsara.jpeg","10","8","A","80","Joint family household. I keep ordering fruits for 2 toddlers - one is mine. The other consumes the fruits (which is fine) but then when I have to feed my girl, there’s nothing left. The other toddlers parents do not replace.","Groceries and household"
"190","Madam, OTP?","Overwhelm","Overwhelm poster 2/6","assigned","Odonil (Balsara) — household freshener","balsara.jpeg","10","9","A","80","which delivery app has lesser price for each items, comparing and getting best price out of all","Groceries and household"
"190","Madam, OTP?","Overwhelm","Overwhelm poster 2/6","assigned","Odonil (Balsara) — household freshener","balsara.jpeg","10","10","A","80","I was out with friends at a restaurant and we ordered a few things to share. One dish took forever to arrive, another wasn’t what we ordered, and by the time everything came, some of us had already finished eating. We had to keep calling the waiter, explain the order again, and figure out what to cancel. I really wished someone could have just handled the coordination for us.","Food and eating out"
"191","Madam, OTP?","Overwhelm","Overwhelm poster 3/6","assigned","Surf washing powder — household","Surf washing powder.jpg","10","1","B","79","choose what to order. look at so many options when hungry and finally get drained and orders mcd 3 times a week.","Food and eating out"
"191","Madam, OTP?","Overwhelm","Overwhelm poster 3/6","assigned","Surf washing powder — household","Surf washing powder.jpg","10","2","B","79","I compare prices of the same product between zepto, blinkit, and instamart, would love help here to reduce time","Groceries and household"
"191","Madam, OTP?","Overwhelm","Overwhelm poster 3/6","assigned","Surf washing powder — household","Surf washing powder.jpg","10","3","B","78","Deciding what to eat, checking the fridge for whats there, ordering on different platforms to optimize for quality / price, collecting the order, keeping it in the fridge, communicating witj the cook","Groceries and household"
"191","Madam, OTP?","Overwhelm","Overwhelm poster 3/6","assigned","Surf washing powder — household","Surf washing powder.jpg","10","4","B","78","Monthly list of items to be bought. Comparing prices and ordering from multiple apps","Groceries and household"
"191","Madam, OTP?","Overwhelm","Overwhelm poster 3/6","assigned","Surf washing powder — household","Surf washing powder.jpg","10","5","B","78","Trying to buy things for the room, coordinate with my roommate and remember everything to blinkit at once and failing. Ended up forgetting some things, double buying some things (both of us ended up buying it), having to cover multiple trips to the store and comparing prices and deals across various platforms including the offline store.","Groceries and household"
"191","Madam, OTP?","Overwhelm","Overwhelm poster 3/6","assigned","Surf washing powder — household","Surf washing powder.jpg","10","6","B","78","Forgetting to add something. Comparing prices on various apps. Needing to order something urgently because I forgot to bring","Groceries and household"
"191","Madam, OTP?","Overwhelm","Overwhelm poster 3/6","assigned","Surf washing powder — household","Surf washing powder.jpg","10","7","B","77","I wanted to find chords for a slightly less popular song to play on guitar. It was simply unavailable online. Even GPTs struggle to deliver this. Even after multiple iterations of searches, uploading files to GPT to decipher chords etc, no avail. In the end, one of my friends proficient in piano helped me find the scale and consequently, the chords to the song.","Learning and hobbies"
"191","Madam, OTP?","Overwhelm","Overwhelm poster 3/6","assigned","Surf washing powder — household","Surf washing powder.jpg","10","8","B","76","I wanted 1 good black jeans, I had to order multiple parcels, try and send them back I didnot like. Rather would be good to have a good feedback system on which purchases can be good. I don’t want to across Instagram or YouTube seeing some some haul and then coming back purchasing etc etc","Shopping and deals"
"191","Madam, OTP?","Overwhelm","Overwhelm poster 3/6","assigned","Surf washing powder — household","Surf washing powder.jpg","10","9","B","76","Trying to chase the sufficient nutrition requirements means picking up right stuff. So juggling apps, their lack of stock or lack of delivery (i stay far) on time and hence messy meal plans.","Groceries and household"
"191","Madam, OTP?","Overwhelm","Overwhelm poster 3/6","assigned","Surf washing powder — household","Surf washing powder.jpg","10","10","B","76","i have been wanting to cook my own meals  currently in the process of figuring out what all i can cook  and then, having those groceries bought regulalrly as i dont want to use quick commerce to get them.","Food and eating out"
"192","Madam, OTP?","Overwhelm","Overwhelm poster 4/6","assigned","Rin detergent — household","rin.jpg","10","1","B","75","So recently, I was looking to buy earphones and had to go through 3-4 different apps just to check for prices, discounts and delivery.","Shopping and deals"
"192","Madam, OTP?","Overwhelm","Overwhelm poster 4/6","assigned","Rin detergent — household","rin.jpg","10","2","B","75","I was trying to order weekly groceries on quick-commerce apps. Half the items I needed were out of stock on one app, so I had to split the cart across two different platforms, pay multiple delivery fees, and one order arrived with damaged produce","Groceries and household"
"192","Madam, OTP?","Overwhelm","Overwhelm poster 4/6","assigned","Rin detergent — household","rin.jpg","10","3","B","74","You cant trust anybody and any brand these days , need to go through research in order to buy the most healthy option .","Groceries and household"
"192","Madam, OTP?","Overwhelm","Overwhelm poster 4/6","assigned","Rin detergent — household","rin.jpg","10","4","B","74","I have to order a dozen things all from different platforms. They are never all in stock and I just maintain a list and have to keep ordering a half dozen times every week (I like batters from origins from filter coffee, some specific snacks from Noice and sweet Karam (which often go out of stock), leafy greens from first club which are quite clean and don’t need too much of my time and some imported items from Amazon and cosmetics/ bath and body from Myntra so yes, a whole lot of juggling of apps, out of stock items, delivery timelines and one constant long list of things to order that keeps getting updated. Ufff!","Groceries and household"
"192","Madam, OTP?","Overwhelm","Overwhelm poster 4/6","assigned","Rin detergent — household","rin.jpg","10","5","B","74","I was at home in the morning, ready for work and running a little late. I had to go through the refrigerator and check what groceries we had. Had to figure out what to tell our cook and accordingly order groceries.","Groceries and household"
"192","Madam, OTP?","Overwhelm","Overwhelm poster 4/6","assigned","Rin detergent — household","rin.jpg","10","6","B","74","Opening three different quick commerce apps every weekend just to compare stock availability, fluctuating dynamic pricing, and delivery slot windows for the exact same basket of household essentials before finally cobbling together the order.","Groceries and household"
"192","Madam, OTP?","Overwhelm","Overwhelm poster 4/6","assigned","Rin detergent — household","rin.jpg","10","7","B","73","Every night we have to think for the next days food; then comes the discussion of ordering which is bewildering","Groceries and household"
"192","Madam, OTP?","Overwhelm","Overwhelm poster 4/6","assigned","Rin detergent — household","rin.jpg","10","8","B","73","I have so many options to eat out that I end up ordering Dominos pizza every single time","Food and eating out"
"192","Madam, OTP?","Overwhelm","Overwhelm poster 4/6","assigned","Rin detergent — household","rin.jpg","10","9","B","73","There are simply too many platforms. Most platforms do not deliver on the same day so I get multiple deliveries that are hard to handle","Shopping and deals"
"192","Madam, OTP?","Overwhelm","Overwhelm poster 4/6","assigned","Rin detergent — household","rin.jpg","10","10","B","73","I buy the same brands, same quantities every time. Just not the same set of groceries. I wait till I am about to run out of stuff and then place the order so that there is not too much space wasted in the house. So, it’s always a almost-last-minute thing and also irritating to search for the brands and quantities","Groceries and household"
"193","Madam, OTP?","Overwhelm","Overwhelm poster 5/6","assigned","Tinopal laundry whitener — household","tinopal.jpg","10","1","B","72","Whenever I want to buy the regular items, such as groceries etc, I need to check multiple apps to check the best rates along with delivery timelines that suits me.","Shopping and deals"
"193","Madam, OTP?","Overwhelm","Overwhelm poster 5/6","assigned","Tinopal laundry whitener — household","tinopal.jpg","10","2","B","71","the cognitive overload  of choices while ordering groceries online on q comm, every single time.","Groceries and household"
"193","Madam, OTP?","Overwhelm","Overwhelm poster 5/6","assigned","Tinopal laundry whitener — household","tinopal.jpg","10","3","B","70","Planning on the exact amount is a task. Additionally adding and picking the right product with so many options consumes a lot of time","Groceries and household"
"193","Madam, OTP?","Overwhelm","Overwhelm poster 5/6","assigned","Tinopal laundry whitener — household","tinopal.jpg","10","4","B","70","Too many options to order from, always too less options in my wardrobe to choose from.","Shopping and deals"
"193","Madam, OTP?","Overwhelm","Overwhelm poster 5/6","assigned","Tinopal laundry whitener — household","tinopal.jpg","10","5","B","70","figure out whats in the fridge and what needs to be bought. then what the family wants to eat but it should also be varied and exciting","Groceries and household"
"193","Madam, OTP?","Overwhelm","Overwhelm poster 5/6","assigned","Tinopal laundry whitener — household","tinopal.jpg","10","6","B","70","I've to look in different apps where I get get a good deal.","Groceries and household"
"193","Madam, OTP?","Overwhelm","Overwhelm poster 5/6","assigned","Tinopal laundry whitener — household","tinopal.jpg","10","7","B","70","Figuring out the left overs, deciding what to get made, we end up making multiple quick comm orders on some days - wish we could consolidate","Groceries and household"
"193","Madam, OTP?","Overwhelm","Overwhelm poster 5/6","assigned","Tinopal laundry whitener — household","tinopal.jpg","10","8","B","69","It's extremely tough to decide what to eat, where to go to/ order from. Gauge if it'll be worth it, has too many unpredictable variables that can make or break an experience","Food and eating out"
"193","Madam, OTP?","Overwhelm","Overwhelm poster 5/6","assigned","Tinopal laundry whitener — household","tinopal.jpg","10","9","B","68","I was trying to learn a new topic for college on my own and had to figure out where to start, which resources were reliable, and what order to study everything in. I ended up switching between YouTube videos, websites, PDFs, and notes to understand the topic properly.","Learning and hobbies"
"193","Madam, OTP?","Overwhelm","Overwhelm poster 5/6","assigned","Tinopal laundry whitener — household","tinopal.jpg","10","10","B","67","what to order and from where- which is cheaper and faster","Food and eating out"
"194","Madam, OTP?","Overwhelm","Overwhelm poster 6/6","assigned","Odonil air freshener — household","odonil .jpeg","5","1","B","67","Figuring out sourcing from different stores and managing inventory at all times","Groceries and household"
"194","Madam, OTP?","Overwhelm","Overwhelm poster 6/6","assigned","Odonil air freshener — household","odonil .jpeg","5","2","B","66","Figuring out what I need and looking at app where to order","Groceries and household"
"194","Madam, OTP?","Overwhelm","Overwhelm poster 6/6","assigned","Odonil air freshener — household","odonil .jpeg","5","3","B","66","Figuring out whats in the fridge, what to order, how to be assured the quality","Groceries and household"
"194","Madam, OTP?","Overwhelm","Overwhelm poster 6/6","assigned","Odonil air freshener — household","odonil .jpeg","5","4","B","65","Checking out options on multiple platforms like swiggy, zomato and Google. Leads to decision fatigue due to too many options. And after deciding on the restaurant, what to order after going there.","Food and eating out"
"194","Madam, OTP?","Overwhelm","Overwhelm poster 6/6","assigned","Odonil air freshener — household","odonil .jpeg","5","5","B","65","I get confused where to order from when I am hungry","Food and eating out"
"195","Madam, OTP?","Repetitive","Repetitive poster 1/5","assigned","Vim dishwash — household","vim cleaning dishes.jpg","10","1","A","90","ordering the same damn things again and again and messing up if they get out of stock . i have a habit of ordering things late at night for next morning and sometimes i'm confident about availability if few things like milk and eggs . somedays it's false , they are all sold out .. if q-com have stock update and a alert system which allows me to order them on priority in time . just a stock reminder works in notifications or on whatsapp msg","Groceries and household"
"195","Madam, OTP?","Repetitive","Repetitive poster 1/5","assigned","Vim dishwash — household","vim cleaning dishes.jpg","10","2","A","90","Telling my cook what to eat and then discovering I don’t have it in my pantry and then ordering it and vowing to make a list every weekend and failing; fighting for my time between calls from cook, Zepto guy, husband and work as I navigate the slot my cook comes which coincides with multiple other priorities (I can plan better but can somebody do that for me pls? I am great at following a routine but currently suck at making one) ; throwing out a bunch of stuff every Sunday wondering why did my cook not tell me this is leftover so I could have foraged some food out of it; discovering left overs in the afternoon and waiting till next morning to throw it out otherwise it would smell (kitchen is small so even though dustbin is covered with lid, do face this problem)","Groceries and household"
"195","Madam, OTP?","Repetitive","Repetitive poster 1/5","assigned","Vim dishwash — household","vim cleaning dishes.jpg","10","3","A","90","Every time my cook asks  ""aaj kya banega"", I'd be like ""fridge me kya kya hai?"" and then the same rhetoric of adding groceries to cart as he goes on speaking out his laundry list of items. Now if an AI agent could simply take his inputs over voice (he ain't very good at typing) and convert it into an order on Zepto (fastest at my place) I'd be very happy with the gains in productivity at a daily level. Even if add to cart can be automated I'd be happy as I could just review the cart and place the order","Groceries and household"
"195","Madam, OTP?","Repetitive","Repetitive poster 1/5","assigned","Vim dishwash — household","vim cleaning dishes.jpg","10","4","A","85","I'm my flat's unofficial grocer. I chase people for their grocery list, coordinate the order, arrange delivery, then chase them again for money. Same annoying loop every week. I'd happily hand it to an assistant who manages the list, tracks payments, and reminds people instead of me","Groceries and household"
"195","Madam, OTP?","Repetitive","Repetitive poster 1/5","assigned","Vim dishwash — household","vim cleaning dishes.jpg","10","5","A","85","in the monsoon season, some pulses went bad and i had not checked and re-stocked in time. so my husband could not have his favourite black dal on a weekend. some things are consumed regularly and keep getting ordered frequently. for others, i need to be careful and track","Groceries and household"
"195","Madam, OTP?","Repetitive","Repetitive poster 1/5","assigned","Vim dishwash — household","vim cleaning dishes.jpg","10","6","A","84","For home cooked, its very tenacious and repetitive task to plan what needs to be cooked and what to tell the cook to make, with the groceries we have, while keeping in mind, that ut doesn't get repetitive or boring to eat.  For eating out or ordering we have limited pallet and also very choosy and moody with our choices, but often find ourselves at our wits end to decide what to order, or what can suit our taste but we hesitate to try something new, or which restaurants to order.","Food and eating out"
"195","Madam, OTP?","Repetitive","Repetitive poster 1/5","assigned","Vim dishwash — household","vim cleaning dishes.jpg","10","7","A","84","Living in a hostel, ordering food often means repeating the same annoying process. Every time friends want to order together, I have to check menus, ask everyone what they want, consolidate the order, place it, and then split the bill afterward.  It is not difficult, just repetitive. The worst part is chasing five people for their orders and then figuring out who owes what.","Food and eating out"
"195","Madam, OTP?","Repetitive","Repetitive poster 1/5","assigned","Vim dishwash — household","vim cleaning dishes.jpg","10","8","A","83","I am a student living in campus hostel now. The food is horrible and I have to live here for 1 more year and I just have this 1-2 things that I have been eating on repetition for past 2 months because it's either that or not eating anything. So the campus has a paid mess option and I order form there and they mostly don't have basic roti and aalu sabzi in live preparation mode so I have to go down there, order it in person and wait for 30 mins for that same thing everyday and then come back and lose interest in eating but still eat that same food over and over again.","Food and eating out"
"195","Madam, OTP?","Repetitive","Repetitive poster 1/5","assigned","Vim dishwash — household","vim cleaning dishes.jpg","10","9","A","82","As a student living on my own, I have to cook for myself every day. The most exhausting part is deciding what to cook before I can even start. I have to check what ingredients I already have, figure out what is missing, go out to buy groceries, and sometimes realize that I don't even know the recipe for what I planned to make. There have been times when I have the ingredients but still don't know what to cook, or decide on something only to find that I'm missing one important item. Going out repeatedly just to buy groceries for one or two meals feels very hectic and time-consuming","Groceries and household"
"195","Madam, OTP?","Repetitive","Repetitive poster 1/5","assigned","Vim dishwash — household","vim cleaning dishes.jpg","10","10","A","82","During my lunch time at college either I can get food from my college canteen or go out to eat somewhere or order something in advance. But I only get 45min for lunch 10-15min gets wasted in deciding what to eat and another 10min goes into prep of food and doing this every day creates frustration of not being able to choose because of limited options and time constraint.","Food and eating out"
"196","Madam, OTP?","Repetitive","Repetitive poster 2/5","assigned","Chiclets chewing gum — treat","chiclets.webp","10","1","A","82","I live in a Flat along with my 4 flatmates. So often by the end of month all the groceries are depleted, and most of the time all of us are out due to some work, so it usually gets late and takes upto a week for the next month, until we finally decide upon the groceries and order them. A system in place which keeps tracks of whats there and whats not, have Idea of our monthly cooked food, and automatically creates a list of groceries needed for this month along with a budget is a very good to have option for us students.","Groceries and household"
"196","Madam, OTP?","Repetitive","Repetitive poster 2/5","assigned","Chiclets chewing gum — treat","chiclets.webp","10","2","A","82","It usually happens when we realise something has run out only when we actually need it. For example, one evening we were cooking and realised we had run out of an essential ingredient. We had assumed someone else had added it to the grocery list. Then we had to check the kitchen, search through our WhatsApp messages, ask who was going to buy it, and eventually place an urgent order. The same thing happens with household items like detergent, toiletries or cleaning supplies—we notice they're missing when the last packet is almost finished. There isn't one person tracking what is running low, so everyone assumes someone else will notice and handle it.","Groceries and household"
"196","Madam, OTP?","Repetitive","Repetitive poster 2/5","assigned","Chiclets chewing gum — treat","chiclets.webp","10","3","A","81","If I do not order groceries, it will not happen. So there is a shoutout to the maid and to the hubby and the order happens. Each ones needs have to be taken into account, regularly. If I am not around, mostly it will not happen and I will find items missing when needed. So repetitive call outs and ordering happens.","Groceries and household"
"196","Madam, OTP?","Repetitive","Repetitive poster 2/5","assigned","Chiclets chewing gum — treat","chiclets.webp","10","4","A","81","My roommates and I plan for meals every week beforehand. We follow a template and one can easily order the groceries because it almost always repetitive. I would keep an alarm at 6 am just to order in the grociries and then sleep off.","Groceries and household"
"196","Madam, OTP?","Repetitive","Repetitive poster 2/5","assigned","Chiclets chewing gum — treat","chiclets.webp","10","5","A","81","I have to plan what to eat every day, buy groceries for that, coordinate my schedule around that because I need to cook and ensure no wastage. Doing this day in and day out is a mess, so I end up ordering food and feel guilty afterwards","Food and eating out"
"196","Madam, OTP?","Repetitive","Repetitive poster 2/5","assigned","Chiclets chewing gum — treat","chiclets.webp","10","6","A","80","Every week I have to figure out what groceries are running low, check what’s already in the fridge, make a list, and then place the order. I usually end up opening the grocery app, searching for the same 10–15 things I buy regularly, checking prices or substitutions, and then realizing I forgot something halfway through. It’s not difficult, just the same little admin job every week.","Groceries and household"
"196","Madam, OTP?","Repetitive","Repetitive poster 2/5","assigned","Chiclets chewing gum — treat","chiclets.webp","10","7","B","79","I order groceries every 3-4 days. But everything I want is not available at one store. So I need to look up several different online stores to get what I need. This can become a pain. I also use a variety of ingredients for Asian cuisine. So I need to keep track of even more things that can go out of stock. They are not easy to get at the online store as well.","Groceries and household"
"196","Madam, OTP?","Repetitive","Repetitive poster 2/5","assigned","Chiclets chewing gum — treat","chiclets.webp","10","8","B","79","Keep track of which items are getting over and then reordering it. Its a pain when there are some items missed and then we need to start all over again","Food and eating out"
"196","Madam, OTP?","Repetitive","Repetitive poster 2/5","assigned","Chiclets chewing gum — treat","chiclets.webp","10","9","B","79","Cooking every day, can't order from outside every time, its too expensive.","Food and eating out"
"196","Madam, OTP?","Repetitive","Repetitive poster 2/5","assigned","Chiclets chewing gum — treat","chiclets.webp","10","10","B","78","Last Sunday evening, I was placing our weekly grocery order from home. I kept walking between the kitchen and bathroom to check what was running low, while asking my family if they needed anything. After filling the cart, a few regular items were unavailable, so I had to find substitutes and split the order across two apps. It took nearly an hour for something I repeat every week.","Groceries and household"
"197","Madam, OTP?","Repetitive","Repetitive poster 3/5","assigned","Parle toffee/candy — treats","parle.jpeg","10","1","B","77","have a roaster of recipes. Some have not been used in months because they are top of mind. In a urgency, always gravitate towards go to options. Some sort of weekly meal plan based on what I have liked and preparation level and connected to order supplies from my chosen apps and brands","Groceries and household"
"197","Madam, OTP?","Repetitive","Repetitive poster 3/5","assigned","Parle toffee/candy — treats","parle.jpeg","10","2","B","77","when at home to hard to decide what to eat or what to get made by cook so now i ask him to make the same thing for dinner and i order almost the same thing for lunch as a workaround to not spend lot of time on it.","Food and eating out"
"197","Madam, OTP?","Repetitive","Repetitive poster 3/5","assigned","Parle toffee/candy — treats","parle.jpeg","10","3","B","77","Not all groceries we need every month. There may some previous months stock left. We need to check them before ordering fresh inventory. If any functions or festivals coming up in the month, we need to order those extra requirements well in advance. It needs lot of planning.","Groceries and household"
"197","Madam, OTP?","Repetitive","Repetitive poster 3/5","assigned","Parle toffee/candy — treats","parle.jpeg","10","4","B","75","Coordinating with multiple people on what to eat each time we go out and then placing the order. Hardest part is to keep track of the bill split and whether everyone paid.","Food and eating out"
"197","Madam, OTP?","Repetitive","Repetitive poster 3/5","assigned","Parle toffee/candy — treats","parle.jpeg","10","5","B","74","Checking all the quick commerce apps to find the groceries, ordering the same repeat orders, checking my fridge what’s left, what’s finished, sending a message to my cook on what to make basis the ingredients kept,","Groceries and household"
"197","Madam, OTP?","Repetitive","Repetitive poster 3/5","assigned","Parle toffee/candy — treats","parle.jpeg","10","6","B","74","In order to upskill myself I need to learn Machine learning...But at this point it has gotten really annoying and repetitive as well","Learning and hobbies"
"197","Madam, OTP?","Repetitive","Repetitive poster 3/5","assigned","Parle toffee/candy — treats","parle.jpeg","10","7","B","73","Constantly monitor the pantry, check for quality and refill it. Quick commerce helps but that also means the task now never ends, removing the monthly planning that our parents did also now means the task NEVER ENDS","Groceries and household"
"197","Madam, OTP?","Repetitive","Repetitive poster 3/5","assigned","Parle toffee/candy — treats","parle.jpeg","10","8","B","73","When eating out, I am a predictable person and I can go to the same restaurant, sit at the same table and give the same order repetitively; or maybe a slight change in the order.","Food and eating out"
"197","Madam, OTP?","Repetitive","Repetitive poster 3/5","assigned","Parle toffee/candy — treats","parle.jpeg","10","9","B","73","I constantly tend to struggle to decide places and what to order If there had been an agent that would pop up everytime we are deciding a place to eat that would be fantastic","Food and eating out"
"197","Madam, OTP?","Repetitive","Repetitive poster 3/5","assigned","Parle toffee/candy — treats","parle.jpeg","10","10","B","73","I often realize I’ve run out of basic groceries only when I need them, leading to last-minute trips to the store. It becomes frustrating to manage what to buy, what is already at home, and stay within the monthly budget.","Groceries and household"
"198","Madam, OTP?","Repetitive","Repetitive poster 4/5","assigned","Hostalen storage containers","Hostalen containers.jpg","10","1","B","73","Deciding whether I can give into my cravings based on my daily matrix of how many calories I had, what's readily available in my fridge and my protein requirements, all combined with my menstrual tracker to support/ negate my cravings.","Groceries and household"
"198","Madam, OTP?","Repetitive","Repetitive poster 4/5","assigned","Hostalen storage containers","Hostalen containers.jpg","10","2","B","73","keep track of what's left in my fridge and when i need to cook the certain dish i feel like eating that day and ordering it off of quick comm apps","Groceries and household"
"198","Madam, OTP?","Repetitive","Repetitive poster 4/5","assigned","Hostalen storage containers","Hostalen containers.jpg","10","3","B","71","Every time in a week we have to buy them waste my precious time of sunday moving in and out of various section of demart just to get few things at cheaper rates than online and we have to do it every week","Groceries and household"
"198","Madam, OTP?","Repetitive","Repetitive poster 4/5","assigned","Hostalen storage containers","Hostalen containers.jpg","10","4","B","71","I think what is frustrating is there endless # of times I have to repeat the task","Groceries and household"
"198","Madam, OTP?","Repetitive","Repetitive poster 4/5","assigned","Hostalen storage containers","Hostalen containers.jpg","10","5","B","70","Delegating tasks, in a phased manner to my house help. It's simple, regular, weekly, monthly tasks. I don't plan, I miss giving it, it gets pushed or I end up doing it then.","Groceries and household"
"198","Madam, OTP?","Repetitive","Repetitive poster 4/5","assigned","Hostalen storage containers","Hostalen containers.jpg","10","6","B","70","How to manage Repetitive tasks easily. Online vs physical shopping. Maximising savings","Groceries and household"
"198","Madam, OTP?","Repetitive","Repetitive poster 4/5","assigned","Hostalen storage containers","Hostalen containers.jpg","10","7","B","70","I NEED TO ORDER SAME FOOD IN REPETITIVE MONTHS","Fitness and wellness"
"198","Madam, OTP?","Repetitive","Repetitive poster 4/5","assigned","Hostalen storage containers","Hostalen containers.jpg","10","8","B","70","Managing weekly mess options and what to eat ,whether to dine in or order","Food and eating out"
"198","Madam, OTP?","Repetitive","Repetitive poster 4/5","assigned","Hostalen storage containers","Hostalen containers.jpg","10","9","B","69","for money and investing I have to first start a demat account which required certain documents then  i need to find those documents , on some documents mobile number was no updated so otp was sent on different number and then coordinating with that person to tell me otp . so it got procastinated again and again","Money, investing and insurance"
"198","Madam, OTP?","Repetitive","Repetitive poster 4/5","assigned","Hostalen storage containers","Hostalen containers.jpg","10","10","B","69","it is repetitive but not a set frequency, which keeps on changing and need that manual intervention to order in not too early or after running out of stocks.","Groceries and household"
"199","Madam, OTP?","Repetitive","Repetitive poster 5/5","assigned","Brita plasticware — kitchen storage","brita plasticwear.jpg","8","1","B","68","Buying weekly groceries, finding deals, checking what's finished and where to buy from and then storing it","Groceries and household"
"199","Madam, OTP?","Repetitive","Repetitive poster 5/5","assigned","Brita plasticware — kitchen storage","brita plasticwear.jpg","8","2","B","68","I live in hostel and have to do it every weekend. college life is hectic already and weekends are for rest but household takes up most of the time","Groceries and household"
"199","Madam, OTP?","Repetitive","Repetitive poster 5/5","assigned","Brita plasticware — kitchen storage","brita plasticwear.jpg","8","3","B","67","So I'm at my university and here the water is not the best. I have to purchase mineral water every day from the tuck shop but it opens at around 10AM-11AM usually. It is a little tiring since at home you get the best water, but here i'm having to purchase it everyday due to non proper available.","Groceries and household"
"199","Madam, OTP?","Repetitive","Repetitive poster 5/5","assigned","Brita plasticware — kitchen storage","brita plasticwear.jpg","8","4","B","67","Had to buy monthly groceries and household stuff. Sheer monotonous in nature kept me postponing it","Groceries and household"
"199","Madam, OTP?","Repetitive","Repetitive poster 5/5","assigned","Brita plasticware — kitchen storage","brita plasticwear.jpg","8","5","B","66","Repeated tasks of dusting, maintaining groceries at home, keeping a track of what needs to be purchased.Tried to code it out.Even with automation, some kind of database/source will have to be maintained.","Groceries and household"
"199","Madam, OTP?","Repetitive","Repetitive poster 5/5","assigned","Brita plasticware — kitchen storage","brita plasticwear.jpg","8","6","B","66","I have to have the same conversation with the vendor on WA, every week","Groceries and household"
"199","Madam, OTP?","Repetitive","Repetitive poster 5/5","assigned","Brita plasticware — kitchen storage","brita plasticwear.jpg","8","7","B","66","Calculating what to order from where - each time - every week or month","Groceries and household"
"199","Madam, OTP?","Repetitive","Repetitive poster 5/5","assigned","Brita plasticware — kitchen storage","brita plasticwear.jpg","8","8","B","65","it is repetitive and need to visit the market always or need to delegate to quick commerce apps like zepto, blinkit","Groceries and household"
"200","Madam, OTP?","Frustration","Frustration poster 1/5","assigned","Dipti lanterns & enamelware — household","dipti housewear.jpg","10","1","A","91","Booking Groceries via app is tough when my wife expects me to buy a particular brand while I go for either brand or price. Like she wanted me to book Daawat Red rice (Health Watcher), but I bought Pure&Sure Red rice from Firstclub because I trust firstclub brand and also cost was 50% less. Sphoradic msgs across WhatsApp with grocery requirements and even creating a group in WhatsApp named “grocery” feel like another clumsy decision.","Groceries and household"
"200","Madam, OTP?","Frustration","Frustration poster 1/5","assigned","Dipti lanterns & enamelware — household","dipti housewear.jpg","10","2","A","89","I was standing in my kitchen at 8 PM after a long shift at the plant, staring at a completely empty pantry. I needed milk for the morning, eggs for breakfast, and a few basic vegetables to throw together a quick dinner. I pulled out my phone and opened my preferred quick-commerce app. The cart I had meticulously built during my lunch break had automatically timed out and cleared itself.  Frustrated, I started rebuilding the list from memory. Just as I finally hit checkout, the screen flashed a High Demand Surge warning, and the delivery estimate violently jumped from 12 minutes to ""Tomorrow 8 AM."" I had to put my boots back on and walk down to the local kirana store. They were completely out of eggs. I walked to a second shop down the road, which only stocked the absurdly overpriced organic ones. I ended up hauling two heavy, mismatched plastic bags back to my room, sweating through my shirt, having wasted nearly an hour of my evening on a task that was supposed to take three taps on a screen.  The entire time, my brain—which spends all day analyzing process efficiencies and identifying non-value-added activities—was screaming. We have built all this incredible logistics infrastructure, yet personal household inventory remains a completely broken, manual chore badly disguised as modern convenience.","Groceries and household"
"200","Madam, OTP?","Frustration","Frustration poster 1/5","assigned","Dipti lanterns & enamelware — household","dipti housewear.jpg","10","3","A","88","When I was living alone in my flat, all of this was on me. At first I'd just buy whatever came to mind, and then either I'd run short of something or things would sit around long enough to go fungal because they weren't meant to be stored that long. So I started planning it properly, mainly to cut down the waste of food and money.  The planning came down to three buckets: what has a long shelf life and can be stocked, what has to be used within a week, and what I only buy when I actually need it rather than keeping at home. That's what my list is built on.  I never buy groceries online. I go to DMart, where I get almost everything on the list plus whatever I'd forgotten to write down. Going in person is what stops me buying at random every item in the trolley has a reason behind it.","Groceries and household"
"200","Madam, OTP?","Frustration","Frustration poster 1/5","assigned","Dipti lanterns & enamelware — household","dipti housewear.jpg","10","4","A","88","Where I was: On my bed on the 10th of the month, staring at my banking app in mild panic. What happened: My salary had dropped just ten days prior, but my balance was already dangerously low. I opened a blank Notes app to manually calculate where it all went. The mess I dealt with: I had to scroll through a chaotic ocean of ₹20, ₹50, and ₹120 UPI transactions for auto rides, tea, and quick commerce orders (Blinkit/Zepto). Half the transaction names were obscure merchant titles like ""Karan Enterprises,"" leaving me guessing what I actually bought. Trying to reconcile Splitwise settlements with my bank statement felt like a second full-time job.","Money, investing and insurance"
"200","Madam, OTP?","Frustration","Frustration poster 1/5","assigned","Dipti lanterns & enamelware — household","dipti housewear.jpg","10","5","A","88","ahhh ... okay ... my ""PAIN"" point 😭. so basically my campus is in a village , 15km away from pune .... the order availability from restraunts is so less that it becomes a huge hustle on day-to-day basis . Meal plans might help or places having local spots dine in payment through Apps so that we can collect points and redeem it later as rewards","Food and eating out"
"200","Madam, OTP?","Frustration","Frustration poster 1/5","assigned","Dipti lanterns & enamelware — household","dipti housewear.jpg","10","6","A","87","Order primarily through firstclub and quick comm. I track expenses but lack insights into what im actually eating over the month. All the info is there on these platforms but theres no easy way to track it.","Groceries and household"
"200","Madam, OTP?","Frustration","Frustration poster 1/5","assigned","Dipti lanterns & enamelware — household","dipti housewear.jpg","10","7","A","86","ugh my flatmate forgot to order groceries again now cook bhaiya will come at 9pm and i’ll be hungry till then and end up snacking on trash","Food and eating out"
"200","Madam, OTP?","Frustration","Frustration poster 1/5","assigned","Dipti lanterns & enamelware — household","dipti housewear.jpg","10","8","A","85","I was in the kitchen making breakfast when I realized we had almost run out of milk, there were only two eggs left, and the detergent was finished. I opened the fridge and cupboards to see what else was running low, but then realized I couldn't remember what we'd already bought.  So I made a quick list on my phone, checked the grocery app, compared what was available, added a few things I thought we'd need for the week, and placed the order.  The annoying part was that I wasn't really shopping for things I wanted—I was trying to remember things before they became problems. And inevitably, a couple of days later, I'd discover we'd forgotten something and have to place another small order.  It's a tiny task, but it happens constantly: keeping track of what a household consumes without consciously thinking about it.","Groceries and household"
"200","Madam, OTP?","Frustration","Frustration poster 1/5","assigned","Dipti lanterns & enamelware — household","dipti housewear.jpg","10","9","A","85","Food in Hotel Sandeep Kala Chicken Curry, heaven! To see who is willing to come, waiting line, the order process and then the food. Frustration, chaos, and enlightenment.","Food and eating out"
"200","Madam, OTP?","Frustration","Frustration poster 1/5","assigned","Dipti lanterns & enamelware — household","dipti housewear.jpg","10","10","A","85","We have now started shifting back from quick commerce to ordering most groceries once a month through Big basket. In this, collating the list of items that need to be ordered is a task, we need to scan the grocery cabinets to check for what is getting over and what additional items that were not ordered earlier need to be ordered. For frequent items like milk, we have a subscription so that is not too much of a pain.","Groceries and household"
"201","Madam, OTP?","Frustration","Frustration poster 2/5","assigned","Amul chocolates — treats","amul chocolate.jpeg","10","1","A","85","I was at home getting ready for the day when I realised I was out of a few basic things I needed. I checked the kitchen, made a mental list, then opened a grocery app and started adding things. Halfway through, I remembered two more things, then realised I wasn’t sure whether someone else had already bought them. I ended up checking WhatsApp with my family, sending “do we have this?” messages, removing duplicates from the cart, and then placing the order. The annoying part wasn’t actually buying groceries—it was keeping track of what was needed, what was already at home, and what someone else might have ordered.","Groceries and household"
"201","Madam, OTP?","Frustration","Frustration poster 2/5","assigned","Amul chocolates — treats","amul chocolate.jpeg","10","2","A","84","having to order many times a week, is tiring, i also forget many items after i have orders. its a pain for many small dliveries","Groceries and household"
"201","Madam, OTP?","Frustration","Frustration poster 2/5","assigned","Amul chocolates — treats","amul chocolate.jpeg","10","3","A","83","I live in a hostel, so most of my meals are at the hostel mess. A common annoying task is checking the daily menu and deciding whether to eat at the mess or find an alternative when I don’t like what is being served. Sometimes I also have to coordinate with friends to decide where to get food from, check prices, and arrange delivery. It can be frustrating when I’m hungry but still have to figure out what to eat.","Food and eating out"
"201","Madam, OTP?","Frustration","Frustration poster 2/5","assigned","Amul chocolates — treats","amul chocolate.jpeg","10","4","A","83","I was at home trying to figure out what we needed for the week. I had to check the fridge and cupboards, remember what was running low, ask my family what they wanted, and then go through the grocery app to put everything together. Halfway through, I realized we already had some of the things I was about to order, while I had forgotten a couple of basics that we actually needed. Then I had to decide whether to order everything online or just pick up the missing things locally. It’s not difficult, but doing the same little inventory-and-decision process every week gets tiring.","Groceries and household"
"201","Madam, OTP?","Frustration","Frustration poster 2/5","assigned","Amul chocolates — treats","amul chocolate.jpeg","10","5","A","83","I live in a hostel in my clg and my clg has rules of not allowing any delivery past 10 pm sometimes even though the app shows the delivery time to be early it wont come and theh distance between the gate and me is very long","Food and eating out"
"201","Madam, OTP?","Frustration","Frustration poster 2/5","assigned","Amul chocolates — treats","amul chocolate.jpeg","10","6","A","82","A lot of our purchases are through QCOM. But I have 3 to 4 addresses saved. Some of the apps detect the location. But amazon now and Bigbasket don't do it properly actively. This makes order getting delivered to wrong addresses.","Groceries and household"
"201","Madam, OTP?","Frustration","Frustration poster 2/5","assigned","Amul chocolates — treats","amul chocolate.jpeg","10","7","A","82","Ran out of milk, i didnt know it, and now the kirana stores have run out of them so i have to eventually end up ordering it online which sometimes are spoilt milk, it then takes away more of my time ordering online because of getting the perfect delivery deal catalog and also when the milk i order is spoilt i have to report it again on the add very time consuming it is.","Groceries and household"
"201","Madam, OTP?","Frustration","Frustration poster 2/5","assigned","Amul chocolates — treats","amul chocolate.jpeg","10","8","A","81","its just that when youre planning on going out with a grp of friends/colleagues, first- where do we go?, second- what do you want to order, third- bill splitting. all exhausting and unecessarily mental space taking tasks","Food and eating out"
"201","Madam, OTP?","Frustration","Frustration poster 2/5","assigned","Amul chocolates — treats","amul chocolate.jpeg","10","9","A","81","Ordering through Zomato...unable to decide from where to order. And then I end up ordering from the same old place","Food and eating out"
"201","Madam, OTP?","Frustration","Frustration poster 2/5","assigned","Amul chocolates — treats","amul chocolate.jpeg","10","10","A","80","I live in hostel so eat in mess. Many times my friends say to eat out or order online, I feel it very draining first of all have to get ready decide clothes, also it becomes very expensive, drains my money , I try ti find something at less rates but becomes very difficult.","Food and eating out"
"202","Madam, OTP?","Frustration","Frustration poster 3/5","assigned","Nutrine toffees/chocolate — treats","chocolate.jpeg","10","1","A","80","so I hate making lists of essentials that I need to order/track/buy offline, then I get under a list of items that I can't strike off, have to manually see what to do of it and if I forget anything, repeat the process","Groceries and household"
"202","Madam, OTP?","Frustration","Frustration poster 3/5","assigned","Nutrine toffees/chocolate — treats","chocolate.jpeg","10","2","A","80","The thing is I hate when they mess up the things I ordered. Once I ordered a specific type of oatmeal for me and was given a random brand because they thought it is the same and taste is also the same but was hella cheap and bad.","Groceries and household"
"202","Madam, OTP?","Frustration","Frustration poster 3/5","assigned","Nutrine toffees/chocolate — treats","chocolate.jpeg","10","3","A","80","Needed a shirt for an important work day. It is a pain to order online and then wait for the shirt to get delivered on time - it can take anywhere from 2-7 days.","Shopping and deals"
"202","Madam, OTP?","Frustration","Frustration poster 3/5","assigned","Nutrine toffees/chocolate — treats","chocolate.jpeg","10","4","A","80","I have a cook at home who asks the difficult question of what she should cook everyday. I then need to ask her to check what is in the fridge and then decide the menu based on what is available. On weekends I try to order groceries for the week ahead, by planning some of the meals in advance. However, I only end up doing this for 1 or 2 dishes, while the remaining meals of the week follow the same path described in first line above.","Groceries and household"
"202","Madam, OTP?","Frustration","Frustration poster 3/5","assigned","Nutrine toffees/chocolate — treats","chocolate.jpeg","10","5","A","80","We dont order a lot from outside, but when we do the frustrating part is its all the same. And its all not good nutrition wise. Same with going out - the order is almost always a mechanized - commoditized. We just hope its meeting nutrition needs","Food and eating out"
"202","Madam, OTP?","Frustration","Frustration poster 3/5","assigned","Nutrine toffees/chocolate — treats","chocolate.jpeg","10","6","B","79","like when i am in hostel in college u have to tide up your room time to time or like it becomes a huge mess but most of the time i am just tired or occupied with some work so it's difficult to do so","Groceries and household"
"202","Madam, OTP?","Frustration","Frustration poster 3/5","assigned","Nutrine toffees/chocolate — treats","chocolate.jpeg","10","7","B","79","I was at my home, and my mom has been sending to buy groceries ever since I was able to talk and walk. The most frustrating part about getting groceries is that if I forget something, I have to go again to get those 1 or 2 forgottent items.","Groceries and household"
"202","Madam, OTP?","Frustration","Frustration poster 3/5","assigned","Nutrine toffees/chocolate — treats","chocolate.jpeg","10","8","B","78","I don't like shopping. It's a tedious task, and while ordering online there is a big risk of ordering mis fit size or damaged products.","Shopping and deals"
"202","Madam, OTP?","Frustration","Frustration poster 3/5","assigned","Nutrine toffees/chocolate — treats","chocolate.jpeg","10","9","B","78","Some things get ordered off Bigbasket, others off Amazon, and still other from individual online stores. It's a pain coordinating it all. Then there gas, repairs and servicing requests.","Groceries and household"
"202","Madam, OTP?","Frustration","Frustration poster 3/5","assigned","Nutrine toffees/chocolate — treats","chocolate.jpeg","10","10","B","77","More or less we have everything worked out but then if we miss 1 grocery run, it spirals into one day us not having enough things and then having to order sub-optimal quality veggies from Swiggy.   So it feels doable but relentless.","Groceries and household"
"203","Madam, OTP?","Frustration","Frustration poster 4/5","assigned","Cadbury Gems — candy, kids","gems.jpeg","10","1","B","77","Often my dinner is in parts because it's a salad that needs to be assembled or a rice paper roll type of dish or even dosa . If work is too intense, which lately it has been, I reach to zomato or Swiggy. But when I'm starting to order I find it too late because my tummy is already grumbling by this point- I have work to do, and I'm not able to focus without food and I feel I don't have the time to get up and assemble/ make my food. I'm su frustrated when ordering that I feel like my hunger eats itself for dinner by the time the food arrives an hour later","Food and eating out"
"203","Madam, OTP?","Frustration","Frustration poster 4/5","assigned","Cadbury Gems — candy, kids","gems.jpeg","10","2","B","76","I love to eat, but not to prep. It's hard to find fun stuff my cook can make, so I end up getting the same boring and Sabzi then ordered out because it sucks","Food and eating out"
"203","Madam, OTP?","Frustration","Frustration poster 4/5","assigned","Cadbury Gems — candy, kids","gems.jpeg","10","3","B","76","I order groceries online for my parents who live in Ahmedabad. Usually it is the same list, but 2-3 items from that list are not available from the same brand or the same packaging size is not available. Then I have to manually go through the grocery app to look for the closest best alternative and just hope for the best that the quality turns out to be the same as the brand purchased before. This takes 45-50 minutes easily almost twice every month.","Groceries and household"
"203","Madam, OTP?","Frustration","Frustration poster 4/5","assigned","Cadbury Gems — candy, kids","gems.jpeg","10","4","B","76","the mess food is very bad i can literally eat those and due to studies i have to stay awake whole night and sleep during mess timings which which makes me to eat outside where many students like me are already present sitting there every meal almost 30-40 minutes for order to arrive and also deciding where to go out is tedious","Food and eating out"
"203","Madam, OTP?","Frustration","Frustration poster 4/5","assigned","Cadbury Gems — candy, kids","gems.jpeg","10","5","B","75","I prefer only specific brands of groceries that I already trust. I don’t go gor alternatives of what I want is out of stock.  Say I open blinkit, add 5 different items i need, 6th item is out of stock (the product or a version i want, I want 1kg pack of India gate super but only 5kg is available is also a problem) - now due to this, I need to open another app, add something to else to make for the min cart value and place 2 orders.   Groceries are simple and boring things. They should not require human intervention beyond payment. AI agents could potentially solve this but the qcom business model will break as ad revenue is how they make any real ebitda. A problem, but seems very hard to solve with a sustainable business model.","Groceries and household"
"203","Madam, OTP?","Frustration","Frustration poster 4/5","assigned","Cadbury Gems — candy, kids","gems.jpeg","10","6","B","75","Going through the ration at home every weekend and then purchasing. Ordering through quick commerce because we missed something and then identify additional items for free delivery","Groceries and household"
"203","Madam, OTP?","Frustration","Frustration poster 4/5","assigned","Cadbury Gems — candy, kids","gems.jpeg","10","7","B","75","Reordering stuff and to remember everything at a point when you are ordering is a painful task","Groceries and household"
"203","Madam, OTP?","Frustration","Frustration poster 4/5","assigned","Cadbury Gems — candy, kids","gems.jpeg","10","8","B","75","Checking what is in the fridge, how much is left, how much is stuff I like so I can order accordingly from quick commerce and then coordinate with my home cook to make lunch and dinner is extremely tiresome. If only I knew exact inventory and what I wanted to eat and if it could be ordered automatically","Groceries and household"
"203","Madam, OTP?","Frustration","Frustration poster 4/5","assigned","Cadbury Gems — candy, kids","gems.jpeg","10","9","B","74","Identify what we already have and what we will need through the week is tedious. You need to plan means and then get the groceries. I would love if my fridge was smart and could give me an idea of what is my consumption and what I have and what I would need","Groceries and household"
"203","Madam, OTP?","Frustration","Frustration poster 4/5","assigned","Cadbury Gems — candy, kids","gems.jpeg","10","10","B","74","I needed some vegetables and I need to go to the market and pick them because the delivery apps do not sell the fresh ones. That's frustrating","Groceries and household"
"204","Madam, OTP?","Frustration","Frustration poster 5/5","assigned","Thums Up cola — food & friends","thumbsup.jpeg","6","1","B","74","Need to keep ordering the same foods, but search through apps for coupons and discounts.","Food and eating out"
"204","Madam, OTP?","Frustration","Frustration poster 5/5","assigned","Thums Up cola — food & friends","thumbsup.jpeg","6","2","B","72","I want to eat healthy but find it too tiring to order a bunch of groceries and plan for the entire week","Groceries and household"
"204","Madam, OTP?","Frustration","Frustration poster 5/5","assigned","Thums Up cola — food & friends","thumbsup.jpeg","6","3","B","72","Missed birthdays and anniversary gifting because process of selecting and order was too cumbersome. Intent didn't translate into action","Weddings and special occasions"
"204","Madam, OTP?","Frustration","Frustration poster 5/5","assigned","Thums Up cola — food & friends","thumbsup.jpeg","6","4","B","69","To go through different prices and shops and than order from the app that offers maximum discount","Food and eating out"
"204","Madam, OTP?","Frustration","Frustration poster 5/5","assigned","Thums Up cola — food & friends","thumbsup.jpeg","6","5","B","66","Making sure I have all the right items on the cart and then missing something then going back and realizing that zepto doesn't have bananas so remaking the cart on blinkit and realizing that doesn't have sourdough","Groceries and household"
"204","Madam, OTP?","Frustration","Frustration poster 5/5","assigned","Thums Up cola — food & friends","thumbsup.jpeg","6","6","B","65","when i have a long list to order i see many items which have good discount but to get more discount i move on and then it is very hard to find the magain","Shopping and deals"
"205","Madam, OTP?","Procrastinate","Procrastinate poster 1/2","assigned","Puritas water filter — safe water","BALSARA filters.jpg","10","1","A","84","Always end up ordering staples last minute from Blinkit,etc. Ideally should order from wherever it is cheaper (same product) and has best discounts. And just automate periodic delivery of staples..","Groceries and household"
"205","Madam, OTP?","Procrastinate","Procrastinate poster 1/2","assigned","Puritas water filter — safe water","BALSARA filters.jpg","10","2","A","83","I was standing in front of my open fridge at 8 PM on a Tuesday, completely drained after work. I had to figure out what to cook with random leftover veggies before they went bad, realize I was missing basic staples, and end up reluctantly ordering overpriced food on an app just to avoid doing dish duty.","Food and eating out"
"205","Madam, OTP?","Procrastinate","Procrastinate poster 1/2","assigned","Puritas water filter — safe water","BALSARA filters.jpg","10","3","B","78","You know you're supposed to order something but you keep forgetting, spending so much on BlinkIt or Instamart feels like a crime when you could have gotten it earlier for much chepaer, but now you need it and you can afford to pay more but you'll feel guilty","Groceries and household"
"205","Madam, OTP?","Procrastinate","Procrastinate poster 1/2","assigned","Puritas water filter — safe water","BALSARA filters.jpg","10","4","B","78","Long grocery lists on WhatsApp made over days, then still forget something at the shop and facepalm after coming home. Things like Blinkit make it easy to cover, but it still feels guilty wasting fuel, causing pollution and being forgetful and lazy for a dhaniya. Other essentials around the house never get done until they break.","Groceries and household"
"205","Madam, OTP?","Procrastinate","Procrastinate poster 1/2","assigned","Puritas water filter — safe water","BALSARA filters.jpg","10","5","B","77","Between my busy college schedule, ordering fruits keeps slipping down my list, and I often forget to do it entirely.","Groceries and household"
"205","Madam, OTP?","Procrastinate","Procrastinate poster 1/2","assigned","Puritas water filter — safe water","BALSARA filters.jpg","10","6","B","75","I get enough supplies to last for few days but sometimes  I just forget to buy things like while I am bathing I forgot there is no soap but quick commerce nowadays have made it a lot easy","Groceries and household"
"205","Madam, OTP?","Procrastinate","Procrastinate poster 1/2","assigned","Puritas water filter — safe water","BALSARA filters.jpg","10","7","B","75","I forget to but groceries and then at night when I am feeling hungry I have to rely on whatever is available in the house, but recently due to quick delivery apps the problem has drastically reduced.","Groceries and household"
"205","Madam, OTP?","Procrastinate","Procrastinate poster 1/2","assigned","Puritas water filter — safe water","BALSARA filters.jpg","10","8","B","73","Doing groceries is easy because of the ten minute delivery apps. Its the other things like calling the plumber,  going out to buy something specific that I tend to procrastinate.","Groceries and household"
"205","Madam, OTP?","Procrastinate","Procrastinate poster 1/2","assigned","Puritas water filter — safe water","BALSARA filters.jpg","10","9","B","72","repetitive task when i know what is to be done is just procrastinate- even delay ordering stuff and stop making a list to keep a track of missing items","Groceries and household"
"205","Madam, OTP?","Procrastinate","Procrastinate poster 1/2","assigned","Puritas water filter — safe water","BALSARA filters.jpg","10","10","B","70","I need to order some skincare and clothes. But I keep putting it off for another weekend, because I need to first research what I want and then only I can order","Shopping and deals"
"206","Madam, OTP?","Procrastinate","Procrastinate poster 2/2","assigned","Spencer vacuum cleaner — appliance","Spencers vacuum cleaner.jpg","2","1","B","68","There are always last minute grocery asks and then I have to look around a commerce to fill the minimum bill. Once I order, something else is missing at home.","Groceries and household"
"206","Madam, OTP?","Procrastinate","Procrastinate poster 2/2","assigned","Spencer vacuum cleaner — appliance","Spencers vacuum cleaner.jpg","2","2","B","67","Like a list when I know when to buy, what to buy - not waiting for the last minute to order things from quick commerce. I like buying fresh","Groceries and household"
"207","Madam, OTP?","No feeling","No feeling poster 1/8","assigned","Cadbury Gems — candy","gems.jpg","10","1","A","85","For groceries we end up doing 3-4 orders per week via quick commerce,  we don't try to optimise on price and offers. With recent change in Infinia points offer, need to now find a better rule of thumb on where to order what.  For household expenses certain optimisations are deferred endlessly or there isn't a quick way to know what is best - e.g. should I get gas cylinder registration, png pipeline in rented flat etc","Groceries and household"
"207","Madam, OTP?","No feeling","No feeling poster 1/8","assigned","Cadbury Gems — candy","gems.jpg","10","2","A","84","when i order something or many things then those all things wouldn't be found on one app so i have to look for blinkit,jiomart,amazon and end up ordering extra to save delivery charge while in offline i have to go to market, and buy and thats it no extra money i have to put . so for saving delivery charge, i have to spent extra on online things and messed up which results into expired of things as it remains unused","Groceries and household"
"207","Madam, OTP?","No feeling","No feeling poster 1/8","assigned","Cadbury Gems — candy","gems.jpg","10","3","A","82","Need high quality organic milk, veggies and fruits. Problem is stock out or the app thinks milk can be delivered at 6 AM ""silently"" with a subscription. Bro, I wake up at 10 AM and that carton is just holding the perfect mix of organic milk and organic bacteria outside my door. Need an agent to shop for me by obsessively checking across apps and items so that they're timed to my schedule. Quick is not quick if they don't stock it and they come dirty. Need to spend more time cleaning them","Groceries and household"
"207","Madam, OTP?","No feeling","No feeling poster 1/8","assigned","Cadbury Gems — candy","gems.jpg","10","4","A","82","As a student, I need to either go to mess, order food online or go out. In case of ordering food online & going out lot of time is wasted in deciding what to eat and optimising my costs","Food and eating out"
"207","Madam, OTP?","No feeling","No feeling poster 1/8","assigned","Cadbury Gems — candy","gems.jpg","10","5","A","81","I order all my stuff from Blinkit (loyal customer), Blinkit has closed down in my area (political pressure) and now I have to order from Instamart and Zepto which most of the time don't have all the items.","Groceries and household"
"207","Madam, OTP?","No feeling","No feeling poster 1/8","assigned","Cadbury Gems — candy","gems.jpg","10","6","A","80","There is a fast food shop at the distance if 1km from my college hostel and everytime I think of going and having the fast food, the distance makes me cry(especially at night). He is not on Zomato and all.","Food and eating out"
"207","Madam, OTP?","No feeling","No feeling poster 1/8","assigned","Cadbury Gems — candy","gems.jpg","10","7","A","80","I ordered food online expecting it to be reasonably priced, but the final bill was much higher after delivery, packaging and other charges. By the time it arrived, the food was also cold or not as fresh as I expected.","Food and eating out"
"207","Madam, OTP?","No feeling","No feeling poster 1/8","assigned","Cadbury Gems — candy","gems.jpg","10","8","A","80","""I was deep into an assignment at midnight and realized I had completely run out of coffee and instant noodles. I quickly placed an order on Blinkit/Zepto. Ten minutes later, the delivery partner couldn't find my block, and my phone battery was at 2%. I had to run down to the main gate in my pajamas, only to find that the milk packet had leaked all over the bread in the bag. I spent the next 15 minutes cleaning up sticky groceries instead of studying.""","Groceries and household"
"207","Madam, OTP?","No feeling","No feeling poster 1/8","assigned","Cadbury Gems — candy","gems.jpg","10","9","B","79","I forget what all I needed to buy, so I then order things and once they come, then I remember that I forgot something","Groceries and household"
"207","Madam, OTP?","No feeling","No feeling poster 1/8","assigned","Cadbury Gems — candy","gems.jpg","10","10","B","79","After every few weeks, I have to order my typical stuff, body washes, shampoos, etc. I only remember that I have to order these once I am in the shower.","Groceries and household"
"208","Madam, OTP?","No feeling","No feeling poster 2/8","assigned","007 bubble gum — kids treat","oo7bubblegum.jpg","10","1","B","79","When I'm ordering stuff from blinkit - i forget what all i actually need until i hit the order placed button and then realise how much of it i haven't ordered yet","Groceries and household"
"208","Madam, OTP?","No feeling","No feeling poster 2/8","assigned","007 bubble gum — kids treat","oo7bubblegum.jpg","10","2","B","79","the  mess  food sometimes is awful and  so i have to order the  food","Food and eating out"
"208","Madam, OTP?","No feeling","No feeling poster 2/8","assigned","007 bubble gum — kids treat","oo7bubblegum.jpg","10","3","B","79","At times, if I really like something and want to get it, but then there will be cases of delivery charges, minimum order amount, discounts applied to very specific cards. As a result, it takes a lot of time to even decide what else to buy or just leave it for now","Shopping and deals"
"208","Madam, OTP?","No feeling","No feeling poster 2/8","assigned","007 bubble gum — kids treat","oo7bubblegum.jpg","10","4","B","79","Household requirements are simpler as we try to get things from very known and fixed places and only for something out of the ordinary (and this happens frequently and almost for unique things), do we make a break in our pattern. Am fussed about the kitchen suddenly running out of things but fortunately the family is quite understanding and our RWA shop or Blinkit fills the need. Here I would like a list at the beginning of the month on what is missing, what needs to be replenished etc. and tracking it for getting it done.","Groceries and household"
"208","Madam, OTP?","No feeling","No feeling poster 2/8","assigned","007 bubble gum — kids treat","oo7bubblegum.jpg","10","5","B","78","Ordering anything from amazon or blinkit, I chase deals but end up paying more. It takes lot more time","Shopping and deals"
"208","Madam, OTP?","No feeling","No feeling poster 2/8","assigned","007 bubble gum — kids treat","oo7bubblegum.jpg","10","6","B","78","There’s no mess, but it’s just that we do it in batches, and the batches are pretty much the same. We order over Swiggy or Zepto. Wish we could just have an option to order the same batches at a particular point in time.","Groceries and household"
"208","Madam, OTP?","No feeling","No feeling poster 2/8","assigned","007 bubble gum — kids treat","oo7bubblegum.jpg","10","7","B","78","have to decide what f&v to buy if online or pick offline. Have to remember when to restock F&v. most times when i need it, fruits arent around and i need to order","Groceries and household"
"208","Madam, OTP?","No feeling","No feeling poster 2/8","assigned","007 bubble gum — kids treat","oo7bubblegum.jpg","10","8","B","76","9:14 AM, market about to open, roommate still asleep two feet away. Whispering my order into Kite, killing the notification sound, squinting at the chart on 20% brightness so the screen glow doesn't wake him. Trade executed, silently.","Money, investing and insurance"
"208","Madam, OTP?","No feeling","No feeling poster 2/8","assigned","007 bubble gum — kids treat","oo7bubblegum.jpg","10","9","B","76","I open up Swiggy/Zomato, look for options to eat for so much time and end up ordering from the usual restaurant anyway,","Food and eating out"
"208","Madam, OTP?","No feeling","No feeling poster 2/8","assigned","007 bubble gum — kids treat","oo7bubblegum.jpg","10","10","B","76","I’ll check all the online food delivery apps, then choose the best one and place my order.","Food and eating out"
"209","Madam, OTP?","No feeling","No feeling poster 3/8","assigned","Parry's confectionery — kids treat","parrys.jpg","10","1","B","76","buying vegetables fresh from the shop. wife hates ordering from quick commerce and rightly so since the freshness index has been poor","Groceries and household"
"209","Madam, OTP?","No feeling","No feeling poster 3/8","assigned","Parry's confectionery — kids treat","parrys.jpg","10","2","B","76","My card offers Saturday discounts only for online food orders. But I remember it on Sunday when I'm doing meal prep. These days I try doing meal prep on Saturdays but idk if I'm that much of a social Butterfly, but by the time I end up ordering what I mean prepped it is midnight so Saturday offer is no longer valid. Welp","Shopping and deals"
"209","Madam, OTP?","No feeling","No feeling poster 3/8","assigned","Parry's confectionery — kids treat","parrys.jpg","10","3","B","76","I am staying in hostel and sometimes i don't like the food in my canteen and mess, so i have to give order for something else to eat on some days.","Food and eating out"
"209","Madam, OTP?","No feeling","No feeling poster 3/8","assigned","Parry's confectionery — kids treat","parrys.jpg","10","4","B","76","I order often from outside because the mess food in the college is not sometimes suitable to my taste.","Food and eating out"
"209","Madam, OTP?","No feeling","No feeling poster 3/8","assigned","Parry's confectionery — kids treat","parrys.jpg","10","5","B","76","I know how to eat healthy so I just order a bunch of veggies twice a week and that covers it, not a major deal.","Groceries and household"
"209","Madam, OTP?","No feeling","No feeling poster 3/8","assigned","Parry's confectionery — kids treat","parrys.jpg","10","6","B","76","finding the best deals, subscription and timely delivery","Groceries and household"
"209","Madam, OTP?","No feeling","No feeling poster 3/8","assigned","Parry's confectionery — kids treat","parrys.jpg","10","7","B","76","Taking out time in between the day to ask my hostel mates what is it that we need to instamart this weekend and somehow still failing to order everything, rechecking if certain items are back in stock later","Groceries and household"
"209","Madam, OTP?","No feeling","No feeling poster 3/8","assigned","Parry's confectionery — kids treat","parrys.jpg","10","8","B","75","The dilemma of choice. It takes a lot of time to decide on the venue for going out or outlet for ordering the food.","Food and eating out"
"209","Madam, OTP?","No feeling","No feeling poster 3/8","assigned","Parry's confectionery — kids treat","parrys.jpg","10","9","B","75","Wednesday, IITH mess, biryani night. You time your walk over so you land right after the rush but before it runs low — everyone on your wing has silently agreed on this same window. No menu decision, no scrolling Swiggy, no ""what should we eat"" group chat. You just grab a plate and get in line. The mess staff already knows the regulars go back for seconds, so they don't blink when you do. You sit at the same table, probably with the same two people, and the only real ""task"" of the evening was timing your arrival and maybe saving a chair before the table fills up. That's it — no negotiation, no cost calculation, no risk it'll be bad, because it never really is. The certainty is the whole comfort: one guaranteed good meal in a week full of uncertain things — deadlines, quizzes, lab reports.","Food and eating out"
"209","Madam, OTP?","No feeling","No feeling poster 3/8","assigned","Parry's confectionery — kids treat","parrys.jpg","10","10","B","75","I need to look at: - what is in the fridge - what is the leftover - what is part of the meal plan - has the prep work been done for it or not   and then order things or tell my cook, drop a voice note, etc.","Groceries and household"
"210","Madam, OTP?","No feeling","No feeling poster 4/8","assigned","Lipton Ruby Dust tea","rubytea1.jpg","10","1","B","74","I keep ordering things I already have. And forget those I don't have","Groceries and household"
"210","Madam, OTP?","No feeling","No feeling poster 4/8","assigned","Lipton Ruby Dust tea","rubytea1.jpg","10","2","B","74","having to check what is in the fridge, what to make, ask everyone their preferences, order the groceries, manage the cook","Groceries and household"
"210","Madam, OTP?","No feeling","No feeling poster 4/8","assigned","Lipton Ruby Dust tea","rubytea1.jpg","10","3","B","74","So like getting groceries along with my flatmates is fun cause we girls go on a shopping spree but like when going alone and I have a list it's usually going form one aile to the other looking for offers making it make sense per gram way, like if 1g is this much is it the sma across brands , chindi you might say but it saves up money :))","Groceries and household"
"210","Madam, OTP?","No feeling","No feeling poster 4/8","assigned","Lipton Ruby Dust tea","rubytea1.jpg","10","4","B","74","There should be a feature where I can lock in products & services in a cohort form, say for first 10 days I need then & then so & so forth on the very first day of the app connected to an otp less CC & it does it for me without any issues, ofcourse with a price cap","Groceries and household"
"210","Madam, OTP?","No feeling","No feeling poster 4/8","assigned","Lipton Ruby Dust tea","rubytea1.jpg","10","5","B","74","Cook tells me what to order and I order on q com","Groceries and household"
"210","Madam, OTP?","No feeling","No feeling poster 4/8","assigned","Lipton Ruby Dust tea","rubytea1.jpg","10","6","B","74","Everytime I am ordering only bread omlette for protein remaining all are costly","Food and eating out"
"210","Madam, OTP?","No feeling","No feeling poster 4/8","assigned","Lipton Ruby Dust tea","rubytea1.jpg","10","7","B","73","So Basically, i were in my apmt and just like usual i went to make a coffee for me turns out that coffee is almost over, opened swiggy instamart, and kept on adding unnecessary groceries of no use just to get of free delivery and to redeem that 200 off coupon on 1000","Groceries and household"
"210","Madam, OTP?","No feeling","No feeling poster 4/8","assigned","Lipton Ruby Dust tea","rubytea1.jpg","10","8","B","73","What to cook, what all to order, check what is there, instruct the cook etc","Groceries and household"
"210","Madam, OTP?","No feeling","No feeling poster 4/8","assigned","Lipton Ruby Dust tea","rubytea1.jpg","10","9","B","73","Tracking what all to order, and then finding the relevant items on three q-comm apps, and then placing the order.","Groceries and household"
"210","Madam, OTP?","No feeling","No feeling poster 4/8","assigned","Lipton Ruby Dust tea","rubytea1.jpg","10","10","B","73","We get usually short on money, so we cannot bring a bulk of groceries like when we used to do when my father was there, so lack of money makes it more repetative","Groceries and household"
"211","Madam, OTP?","No feeling","No feeling poster 5/8","assigned","Trinka soft drink","trinka.jpg","10","1","B","73","it is also related to money in some sense as being a student, we want the a bit cheaper products with convenience","Groceries and household"
"211","Madam, OTP?","No feeling","No feeling poster 5/8","assigned","Trinka soft drink","trinka.jpg","10","2","B","73","Checking what  i have to order, ensuring meals are balanced and cov ers all nutritional intake","Groceries and household"
"211","Madam, OTP?","No feeling","No feeling poster 5/8","assigned","Trinka soft drink","trinka.jpg","10","3","B","73","Ordering when my cook calls asking what to cook","Groceries and household"
"211","Madam, OTP?","No feeling","No feeling poster 5/8","assigned","Trinka soft drink","trinka.jpg","10","4","B","73","We can not decide what cuisine to order + if the food adheres to the safety norms + what ingredients does the food have?","Food and eating out"
"211","Madam, OTP?","No feeling","No feeling poster 5/8","assigned","Trinka soft drink","trinka.jpg","10","5","B","73","Checking the refrigerator and then ordering Vegetables, Salad, bread, dairy and fruits","Groceries and household"
"211","Madam, OTP?","No feeling","No feeling poster 5/8","assigned","Trinka soft drink","trinka.jpg","10","6","B","72","At office and I know I need to order eggs for dinner. The source and brand is fixed. After delivery, they need to be checked for damages","Groceries and household"
"211","Madam, OTP?","No feeling","No feeling poster 5/8","assigned","Trinka soft drink","trinka.jpg","10","7","B","72","Everytime I have to find out what is not available in my fridge and then order it.","Groceries and household"
"211","Madam, OTP?","No feeling","No feeling poster 5/8","assigned","Trinka soft drink","trinka.jpg","10","8","B","72","Checking what items need to be purchased in what quantity for that week or month, whether it is possible to order online/buy physically from one place at reasonably good prices and quick delivery.","Groceries and household"
"211","Madam, OTP?","No feeling","No feeling poster 5/8","assigned","Trinka soft drink","trinka.jpg","10","9","B","72","Trying to find the best products & deals from web platforms easily before ordering...","Shopping and deals"
"211","Madam, OTP?","No feeling","No feeling poster 5/8","assigned","Trinka soft drink","trinka.jpg","10","10","B","71","forgetting one item, expiry or finding out late i need something","Groceries and household"
"212","Madam, OTP?","No feeling","No feeling poster 6/8","assigned","Allwyn refrigerator — appliance","allwyn refrigirator.jpg","10","1","B","71","I was in my room, realised I was running out of essentials, and had to check everything one by one before making a grocery list. I’d happily hand off tracking what’s running out and creating the order to an AI assistant.","Groceries and household"
"212","Madam, OTP?","No feeling","No feeling poster 6/8","assigned","Allwyn refrigerator — appliance","allwyn refrigirator.jpg","10","2","B","71","Ordering his food, and other supplies. But also the fact that he goes an pees everywhere. How can AI help with this one?","Pets"
"212","Madam, OTP?","No feeling","No feeling poster 6/8","assigned","Allwyn refrigerator — appliance","allwyn refrigirator.jpg","10","3","B","70","I was trying to update the nominee details and complete re-KYC on an investment platform from my phone. The OTP kept timing out, the document upload rejected my PDF twice for file size, and I had to start the verification over three times just to get a simple update submitted","Money, investing and insurance"
"212","Madam, OTP?","No feeling","No feeling poster 6/8","assigned","Allwyn refrigerator — appliance","allwyn refrigirator.jpg","10","4","B","70","Always having forgotten to order groceries according to the meals being prepared that day.","Groceries and household"
"212","Madam, OTP?","No feeling","No feeling poster 6/8","assigned","Allwyn refrigerator — appliance","allwyn refrigirator.jpg","10","5","B","70","the dogs bark at me if i go by walking...","Groceries and household"
"212","Madam, OTP?","No feeling","No feeling poster 6/8","assigned","Allwyn refrigerator — appliance","allwyn refrigirator.jpg","10","6","B","70","As of now I keep an eye out for a million resources in order to ensure I don't miss out on any information or skill that could be of utility to me.","Learning and hobbies"
"212","Madam, OTP?","No feeling","No feeling poster 6/8","assigned","Allwyn refrigerator — appliance","allwyn refrigirator.jpg","10","7","B","70","Ordering groceries and planning menu for the cook","Groceries and household"
"212","Madam, OTP?","No feeling","No feeling poster 6/8","assigned","Allwyn refrigerator — appliance","allwyn refrigirator.jpg","10","8","B","69","Picking up the phone, opening the door, providing OTPs for deliveries that can just be dropped off without this, giving instructions to domestic help, overseeing their work, training them, etc. it is endless","Groceries and household"
"212","Madam, OTP?","No feeling","No feeling poster 6/8","assigned","Allwyn refrigerator — appliance","allwyn refrigirator.jpg","10","9","B","69","Don't get around to doing it always till the last min when my cooks says we've run out of something and I Zepto/Blinkit the same","Groceries and household"
"212","Madam, OTP?","No feeling","No feeling poster 6/8","assigned","Allwyn refrigerator — appliance","allwyn refrigirator.jpg","10","10","B","69","My maid is at the door and I don't know what to tell her make I have to then take stock of everything order","Groceries and household"
"213","Madam, OTP?","No feeling","No feeling poster 7/8","TO SOURCE","— TO SOURCE —","","10","1","B","69","Find out what is running out and then order when cook is waiting for it to arrive to make food","Groceries and household"
"213","Madam, OTP?","No feeling","No feeling poster 7/8","TO SOURCE","— TO SOURCE —","","10","2","B","69","Thinking about restocking the fridge only with the produce that I will be cooking in next two days.","Groceries and household"
"213","Madam, OTP?","No feeling","No feeling poster 7/8","TO SOURCE","— TO SOURCE —","","10","3","B","68","What is getting depleted. What is there. Where r bestbdeals.","Groceries and household"
"213","Madam, OTP?","No feeling","No feeling poster 7/8","TO SOURCE","— TO SOURCE —","","10","4","B","68","its the delivery date update I always go back to search for in the app","Shopping and deals"
"213","Madam, OTP?","No feeling","No feeling poster 7/8","TO SOURCE","— TO SOURCE —","","10","5","B","67","It gets boring and boring and boring and I start to think that I could have just ordered it which would have saved me timeee","Shopping and deals"
"213","Madam, OTP?","No feeling","No feeling poster 7/8","TO SOURCE","— TO SOURCE —","","10","6","B","67","I love that there is big basket and Licious for me - it straightened the playing field and are me more productive. Would love an agent to tell me based on historic purchase","Groceries and household"
"213","Madam, OTP?","No feeling","No feeling poster 7/8","TO SOURCE","— TO SOURCE —","","10","7","B","66","Order meat, and veggies and all cleaning stuff","Groceries and household"
"213","Madam, OTP?","No feeling","No feeling poster 7/8","TO SOURCE","— TO SOURCE —","","10","8","B","66","I wish an AI could just take my requirements and order something for me","Food and eating out"
"213","Madam, OTP?","No feeling","No feeling poster 7/8","TO SOURCE","— TO SOURCE —","","10","9","B","65","So whenever I go to app for ordering grocery and the app design and strategy made me buying unecessary stuff and I end up spending more without buying my actual needed items","Groceries and household"
"213","Madam, OTP?","No feeling","No feeling poster 7/8","TO SOURCE","— TO SOURCE —","","10","10","B","65","The primary task is to order the groceries once you realise that we are out of stock","Groceries and household"
"214","Madam, OTP?","No feeling","No feeling poster 8/8","TO SOURCE","— TO SOURCE —","","5","1","B","65","like the things are getting easier for me these days just go on any quick commerce app and just order","Groceries and household"
"214","Madam, OTP?","No feeling","No feeling poster 8/8","TO SOURCE","— TO SOURCE —","","5","2","B","65","What’s in the fridge and what I need to order","Groceries and household"
"214","Madam, OTP?","No feeling","No feeling poster 8/8","TO SOURCE","— TO SOURCE —","","5","3","B","65","I have to approve the bills for purchase. I don't think I am analyzing it properly or have any idea if there is unnecessary purchases.","Groceries and household"
"214","Madam, OTP?","No feeling","No feeling poster 8/8","TO SOURCE","— TO SOURCE —","","5","4","B","65","Wake up, open fridge - I've run out of milk. Get ready to make lunch - no eggs. Goes on and on","Groceries and household"
"214","Madam, OTP?","No feeling","No feeling poster 8/8","TO SOURCE","— TO SOURCE —","","5","5","B","65","I wish to order new clothes so that i do not have to wash the clothes","Shopping and deals"
"215","What to cook today?","Frustration","Frustration poster","assigned","Amul Butter — food/cooking","amul butter.webp","7","1","A","85","I hate planning and thinking about what to cook every day of the week. I wish I had a method where I cook just once/ twice a week. I don't mind even if it takes time but I want to be done with basic sustenance and take care of a few cravings every night.","Food and eating out"
"215","What to cook today?","Frustration","Frustration poster","assigned","Amul Butter — food/cooking","amul butter.webp","7","2","A","83","As someone living alone with an erratic work schedule, managing produce is hard as they go bad at different times. I don't want to spend money on eating out, but groceries are equally expensive and I have to earmark time to cook, which usually isn't easy ahead of time","Groceries and household"
"215","What to cook today?","Frustration","Frustration poster","assigned","Amul Butter — food/cooking","amul butter.webp","7","3","A","82","Recipes! We eat a balanced meal - carbs protein and fibre. And even though we have invented and made many dishes every Sunday night we are confused what to plan for the week. My husband keeps saying he will build an agent that does this for us. No time though.","Groceries and household"
"215","What to cook today?","Frustration","Frustration poster","assigned","Amul Butter — food/cooking","amul butter.webp","7","4","B","76","shopping especially for foods and beverages is a pain since i have to manually check the ingredient list for each product to ensure it is vegan.","Shopping and deals"
"215","What to cook today?","Frustration","Frustration poster","assigned","Amul Butter — food/cooking","amul butter.webp","7","5","B","75","i am usually sleeping in the morning and the Cook comes and asks what to eat. Even though we decided the previous night what we want, most of the times we realise that something or the other is missing in groceries.","Groceries and household"
"215","What to cook today?","Frustration","Frustration poster","assigned","Amul Butter — food/cooking","amul butter.webp","7","6","B","72","I actually love the process of deciding what to get, skimming through the ingredients list, choosing exactly what to get based on my needs and preferences. I love doing it, but I don't have the time. If an AI or human assistant could familiarise itself with my needs and preferences, and just do the shopping for me, that would be great.","Shopping and deals"
"215","What to cook today?","Frustration","Frustration poster","assigned","Amul Butter — food/cooking","amul butter.webp","7","7","B","70","i live in a flat with 3 others and coordinating groceries for the cook is a nightmare","Groceries and household"
"216","What to cook today?","Repetitive","Repetitive poster","assigned","Kisan Jam — breakfast food","kisan jam.jpeg","7","1","A","82","Planning my babies meals, coordinating with his nanny, ensuring he gets to where he needs to go on time and safely, AND well dressed. It’s exactly like replicating my own daily schedule but for an entire other person. The one day that I don’t check on what he’s eaten or what he’s wearing, my staff hasn’t prepared his meal, the vehicle to drop him off is missing. This reeks of privilege but for a full time working mom this is just an additional chore 😅","Kids and school"
"216","What to cook today?","Repetitive","Repetitive poster","assigned","Kisan Jam — breakfast food","kisan jam.jpeg","7","2","B","76","Thinking what to eat and make daily is such a pain and then eating out, where and what is another task to deal with especially cmparing prices","Food and eating out"
"216","What to cook today?","Repetitive","Repetitive poster","assigned","Kisan Jam — breakfast food","kisan jam.jpeg","7","3","B","70","every single meal being undecided. ""whats for lunch today? oh this? no. it doesnt have enough veggies. give me options. ok make xyz."" me: ""dont have ingredients and it will take too long to make""","Groceries and household"
"216","What to cook today?","Repetitive","Repetitive poster","assigned","Kisan Jam — breakfast food","kisan jam.jpeg","7","4","B","70","Have to keep tracking which veggies are getting over, create a meal plan and then back calculate which veggies will be needed for the week","Groceries and household"
"216","What to cook today?","Repetitive","Repetitive poster","assigned","Kisan Jam — breakfast food","kisan jam.jpeg","7","5","B","68","Creating a menu every week for the cook based on the groceries we have and top up what we don't, making sure there some variety in the menu and some basic macros are met","Groceries and household"
"216","What to cook today?","Repetitive","Repetitive poster","assigned","Kisan Jam — breakfast food","kisan jam.jpeg","7","6","B","66","Cooking as a chore could be completely cut and more so deciding what to cook","Groceries and household"
"216","What to cook today?","Repetitive","Repetitive poster","assigned","Kisan Jam — breakfast food","kisan jam.jpeg","7","7","B","66","Every restaurant I go the first question is what to eat, and I never know what!same thing every day what to cook?I.don’t.know.","Food and eating out"
"217","What to cook today?","Overwhelm","Overwhelm poster","assigned","Mother India pickles/chutney — food","mother india products.webp","6","1","B","79","Making a simple meal for myself. I have done it so many times that I don’t really have to think about it anymore. I know what ingredients I need, what to do and how much time it will take. I can almost do it on autopilot, especially when I’m tired or busy with college work.","Fitness and wellness"
"217","What to cook today?","Overwhelm","Overwhelm poster","assigned","Mother India pickles/chutney — food","mother india products.webp","6","2","B","79","I eat out most of the times....Figuring out what to eat and from where Even if I need to cook, find it more of a hassle","Food and eating out"
"217","What to cook today?","Overwhelm","Overwhelm poster","assigned","Mother India pickles/chutney — food","mother india products.webp","6","3","B","68","There are so many choices, I get overwhelmed and take hours to decide what to eat","Food and eating out"
"217","What to cook today?","Overwhelm","Overwhelm poster","assigned","Mother India pickles/chutney — food","mother india products.webp","6","4","B","68","How much food is at home? Which one is perishable? What should I cook with what is left? How to store stuff?","Groceries and household"
"217","What to cook today?","Overwhelm","Overwhelm poster","assigned","Mother India pickles/chutney — food","mother india products.webp","6","5","B","65","Same menu every time and still need to figure out what to eat. Everything feels boring and very confusing to decide because of less no. of items to choose from.","Food and eating out"
"217","What to cook today?","Overwhelm","Overwhelm poster","assigned","Mother India pickles/chutney — food","mother india products.webp","6","6","B","65","I was at home starting at a complicated meal prep guide feeling completely overwhelmed after a long workday . I had to deal with messy kitchen full of expensive half used ingredients that I didn't know how to cook.","Fitness and wellness"
"218","What to cook today?","Procrastinate","Procrastinate poster","assigned","Prestige pressure cooker — cooking","prestige.webp","2","1","A","82","Grocery shopping and meal planning, auditing the fridge, remembering to use produce, remembering to soak dals / pulses sufficiently in time to cook them, portion management to avoid leftovers","Groceries and household"
"218","What to cook today?","Procrastinate","Procrastinate poster","assigned","Prestige pressure cooker — cooking","prestige.webp","2","2","B","71","every single day, figuring out what to eat for all three meals, ask my flatmates if this is alright with them and getting the groceries last minute, changing the recipe according to their preference, explaining the details to the cook and how it should be done","Groceries and household"
"219","What to cook today?","No feeling","No feeling poster 1/2","assigned","Postman cooking oil","POSTMAN cooking oil.jpg","10","1","B","77","I went to a supermarket, to buy something like paneer.. but the exact item is not available or is more expensive than expected. So I had to rework the whole cooking plan.","Groceries and household"
"219","What to cook today?","No feeling","No feeling poster 1/2","assigned","Postman cooking oil","POSTMAN cooking oil.jpg","10","2","B","74","the dilemma of what to eat and at the same time ensuring i don't end up eating same stuff. The Ratings and the good location for instagramable pictures","Food and eating out"
"219","What to cook today?","No feeling","No feeling poster 1/2","assigned","Postman cooking oil","POSTMAN cooking oil.jpg","10","3","B","73","Everyday thinking of what should I tell to the cook to cook.","Food and eating out"
"219","What to cook today?","No feeling","No feeling poster 1/2","assigned","Postman cooking oil","POSTMAN cooking oil.jpg","10","4","B","72","For hygenic food , i prefer where mass level production happens so that more inspection may involves , so i used to go mess for every meal. and the outer vendors provide tasty but uncertain about hygine and nutrtions so cant go fot them. So either i have to continuopusly go for mess or i have to go out far in the city to have my meals.","Food and eating out"
"219","What to cook today?","No feeling","No feeling poster 1/2","assigned","Postman cooking oil","POSTMAN cooking oil.jpg","10","5","B","72","The main Problem is near my college there are not much food options available for us to eat and than choosing one out of them and than choosing what to eat that everyone of group can eat as some are vegetarian , some are non- veg eaters and few are jains so this become such a hustle to satisy everyone","Food and eating out"
"219","What to cook today?","No feeling","No feeling poster 1/2","assigned","Postman cooking oil","POSTMAN cooking oil.jpg","10","6","B","72","after coming back to home from college at evening where maid is there to cook but we are out of groceries so to decide what to be cooked and then look for products available at home and then go down and bring it","Groceries and household"
"219","What to cook today?","No feeling","No feeling poster 1/2","assigned","Postman cooking oil","POSTMAN cooking oil.jpg","10","7","B","71","Refills, expiry dates and coordinating with my cook","Groceries and household"
"219","What to cook today?","No feeling","No feeling poster 1/2","assigned","Postman cooking oil","POSTMAN cooking oil.jpg","10","8","B","71","I have to meal prep, lifting plan etc","Fitness and wellness"
"219","What to cook today?","No feeling","No feeling poster 1/2","assigned","Postman cooking oil","POSTMAN cooking oil.jpg","10","9","B","69","everyday I have to go down to ground floor 4 times a day for my meals as I live on third floor.","Food and eating out"
"219","What to cook today?","No feeling","No feeling poster 1/2","assigned","Postman cooking oil","POSTMAN cooking oil.jpg","10","10","B","67","Deciding what to eat, and what is the best possible price i have to pay across apps using different coupons","Food and eating out"
"220","What to cook today?","No feeling","No feeling poster 2/2","assigned","Kissan jam — food","kissanjams.jpg","1","1","B","65","Asking the cook what to make, based on what is available","Groceries and household"
"221","Growing my money","Overwhelm","Overwhelm poster 1/4","assigned","Unit Trust of India (US-64) — investing","unt trust of india.jpg","10","1","A","86","multiple MFs, constant reeval & redecision to repurpose money + figuring out if i want to take money out of a MF to another (+ managing enough liquidity)","Money, investing and insurance"
"221","Growing my money","Overwhelm","Overwhelm poster 1/4","assigned","Unit Trust of India (US-64) — investing","unt trust of india.jpg","10","2","A","84","I was at my desk feeling overwhelmed. I know nothing about investing, so when my father suggests a fund, I just blindly put money into it. I don't have the time to learn right now, which makes the whole process feel like a burdensome chore. Still, I understand the importance of money and deeply want to learn how to manage it properly when I get the chance.","Money, investing and insurance"
"221","Growing my money","Overwhelm","Overwhelm poster 1/4","assigned","Unit Trust of India (US-64) — investing","unt trust of india.jpg","10","3","A","83","I am an active investor and swing trader, but with my current curriculum, I am unable to track certain stocks and make a valid entry, which sometimes results in losses. It's frustrating to have lost an entry.","Money, investing and insurance"
"221","Growing my money","Overwhelm","Overwhelm poster 1/4","assigned","Unit Trust of India (US-64) — investing","unt trust of india.jpg","10","4","A","81","I got too concentrated in railway stocks and now I’m stuck figuring out what to do with them. I bought different railway-related companies at different times, and now I’m sitting with multiple positions, different entry prices and no clear view of whether I should hold, sell, or rebalance. I keep checking prices and news, but what I really need is someone to look at the whole portfolio and tell me where I’m overexposed and what action makes sense.","Money, investing and insurance"
"221","Growing my money","Overwhelm","Overwhelm poster 1/4","assigned","Unit Trust of India (US-64) — investing","unt trust of india.jpg","10","5","A","81","1. Credit cards - too many options, each having different deals and advantages, it's a difficult choice to make 2. Taking care of CIBIL, why do I get penalized for closing old cards 3. Option trading is quite the quicksand, lost some money","Money, investing and insurance"
"221","Growing my money","Overwhelm","Overwhelm poster 1/4","assigned","Unit Trust of India (US-64) — investing","unt trust of india.jpg","10","6","A","80","I invest money in zerodha okay? But I don't know what to invest in, I always get advices from mom or my sister and then I'll buy what they tell me to and I don't know why I'm buying that? And i hate that I don't even know how it works. I don't know many terms in finance and how it all works and comes together and shit. I wanna do this by myself but I don't know where to start and ig if I started researching on that I might find a way but oh! I am too lazy to doo that.","Money, investing and insurance"
"221","Growing my money","Overwhelm","Overwhelm poster 1/4","assigned","Unit Trust of India (US-64) — investing","unt trust of india.jpg","10","7","B","78","When sitting down with the meeting with my portfolio manager, I realized I needed to sift through and analyze my portfolios performance over the last say 2 years. This is to corroborate the the portfolio of fund managers report and in the future when there is funds to be invested to try and figure out which way to go and how to diversify depending on my goals financial.","Money, investing and insurance"
"221","Growing my money","Overwhelm","Overwhelm poster 1/4","assigned","Unit Trust of India (US-64) — investing","unt trust of india.jpg","10","8","B","77","whenever picking a stock of any company i need to do a lot of research, and end up wasting time. More than half of the time i don't end up buying, because i am waiting for good time to buy.","Money, investing and insurance"
"221","Growing my money","Overwhelm","Overwhelm poster 1/4","assigned","Unit Trust of India (US-64) — investing","unt trust of india.jpg","10","9","B","75","Where to invest, take time to do the research, gain confidence, track investment, plan investment decisions","Money, investing and insurance"
"221","Growing my money","Overwhelm","Overwhelm poster 1/4","assigned","Unit Trust of India (US-64) — investing","unt trust of india.jpg","10","10","B","75","Free trails which automatically start deducting payment from my Bank A/c Credit/Debit card even when i have discontinued.  The inability to shift a subscription from Paid to Free because of a deal that makes me eligible for a free subscription which earlier i was paying for. No single app for consolidating investments / portfolio - Bank Deposits across multiple Banks, SIPs, Market investment More than oen Demat Account (permissible undr law)","Money, investing and insurance"
"222","Growing my money","Overwhelm","Overwhelm poster 2/4","assigned","Bank of Maharashtra","bank of maharashtra.jpg","10","1","B","73","multiple Bank accounts, multiple vendors, multiple foundhouses to invest, the brokerage, and If you are developer, The APIs and charges, the context switching in that frustration","Money, investing and insurance"
"222","Growing my money","Overwhelm","Overwhelm poster 2/4","assigned","Bank of Maharashtra","bank of maharashtra.jpg","10","2","B","73","I want to start investing, and I use Groww to do it, but I keep putting it off. I’ll open the app, start looking at mutual funds or stocks, and then get stuck researching what everything means. There’s too much jargon, expense ratios, P/E, CAGR, risk ratings, etc. and I end up opening multiple tabs to understand whether something is actually a good option for me. Eventually, I tell myself I’ll come back to it later, and don’t.","Money, investing and insurance"
"222","Growing my money","Overwhelm","Overwhelm poster 2/4","assigned","Bank of Maharashtra","bank of maharashtra.jpg","10","3","B","73","I have been wanting to create an investment portfolio for a very long time, but the information for analysing stocks of a company is very scattered and it takes a huge amount of time to re-open every tab, revise the previous session's notes etc.","Money, investing and insurance"
"222","Growing my money","Overwhelm","Overwhelm poster 2/4","assigned","Bank of Maharashtra","bank of maharashtra.jpg","10","4","B","73","I was trying to figure out what to do with some money I had saved. I opened a few investing apps and started looking at mutual funds, stocks and SIPs but I ended up closing the app because I felt like I needed to understand finance properly before trusting myself with my own money.","Money, investing and insurance"
"222","Growing my money","Overwhelm","Overwhelm poster 2/4","assigned","Bank of Maharashtra","bank of maharashtra.jpg","10","5","B","73","Trying to figure out mutual fund taxation rules, capital gains tax changes and portfolio allocation while sitting in my room, staring at a laptop screen with ten different tax and investment tabs open.  Trying to make sense of short-term vs. long-term capital gains tax rates, figuring out exit loads and cross-checking whether a specific equity fund falls under the new or old holding period rules. It felt like an endless loop of reading confusing financial jargon just to make sure I wasn't losing money to taxes unnecessarily.","Money, investing and insurance"
"222","Growing my money","Overwhelm","Overwhelm poster 2/4","assigned","Bank of Maharashtra","bank of maharashtra.jpg","10","6","B","72","I have money locked in crypto and stocks.. not sure what to do","Money, investing and insurance"
"222","Growing my money","Overwhelm","Overwhelm poster 2/4","assigned","Bank of Maharashtra","bank of maharashtra.jpg","10","7","B","72","Not sure what to invest in most of the time... Guess its the volatile nature of the markets","Money, investing and insurance"
"222","Growing my money","Overwhelm","Overwhelm poster 2/4","assigned","Bank of Maharashtra","bank of maharashtra.jpg","10","8","B","71","I was trying to sort out my investments and tax documents before filing my ITR. I had to pull statements from different apps & accounts, check transactions, match them with bank entries, figure out which gains or deductions applied, and then search through old emails for the right documents. Nothing was individually difficult, but everything was scattered, and I kept going back and forth between apps, PDFs and emails just to make sure I hadn’t missed anything.","Money, investing and insurance"
"222","Growing my money","Overwhelm","Overwhelm poster 2/4","assigned","Bank of Maharashtra","bank of maharashtra.jpg","10","9","B","71","A CA filing my taxes tells me 2 days before filing that I have to pay a lumpsum. Then barely any communication. In the rush of filing I have no choice but to close it quickly. Now Ive been chasing him to understand what can I do incrementally over the next 8-9 months to be better prepared, no response. I just end up investing on gut feeling which is foolish","Money, investing and insurance"
"222","Growing my money","Overwhelm","Overwhelm poster 2/4","assigned","Bank of Maharashtra","bank of maharashtra.jpg","10","10","B","70","researching for new investments in the unstable market and keeping track. of profits and losses","Money, investing and insurance"
"223","Growing my money","Overwhelm","Overwhelm poster 3/4","assigned","New Bank of India","new bank of india.jpg","10","1","B","70","I’ve been wanting to start investing my money, but I don’t really know where to start. I’ve looked at things like mutual funds, stocks and SIPs, but I get confused about what would actually be suitable for me, how risky different options are, and whether the information I’m reading is reliable. I usually end up thinking I’ll research it properly later, and then don't.","Money, investing and insurance"
"223","Growing my money","Overwhelm","Overwhelm poster 3/4","assigned","New Bank of India","new bank of india.jpg","10","2","B","69","I wanted to invest my surplus in stock market but then there are so many things ti research about that time never finds me for this and then it gets delayed","Money, investing and insurance"
"223","Growing my money","Overwhelm","Overwhelm poster 3/4","assigned","New Bank of India","new bank of india.jpg","10","3","B","69","Most of my investing is on autopilot, I don't have any complicated feelings about it.","Money, investing and insurance"
"223","Growing my money","Overwhelm","Overwhelm poster 3/4","assigned","New Bank of India","new bank of india.jpg","10","4","B","68","I have to check what share is performing, in the busy schedule- no way to figure out if i should exit, invest more or hold it…daily i check my portfolio however i do nothing. No new investments because it looks risky without enough research being done.","Money, investing and insurance"
"223","Growing my money","Overwhelm","Overwhelm poster 3/4","assigned","New Bank of India","new bank of india.jpg","10","5","B","68","I have to do so much of research on where to invest, also every month, I have to send the payments because of less trust on banks because I will have to remember if transaction has to be stopped.","Money, investing and insurance"
"223","Growing my money","Overwhelm","Overwhelm poster 3/4","assigned","New Bank of India","new bank of india.jpg","10","6","B","68","Credit Card Payment which i have to pay across different cards in a month which can be done away with but i dont like auto payments either as i want to know what was i billed for or investing monies lying in my savings account idle in to debt fund or ETF which is one of the laziest and most mundane jobs","Money, investing and insurance"
"223","Growing my money","Overwhelm","Overwhelm poster 3/4","assigned","New Bank of India","new bank of india.jpg","10","7","B","68","I want to invest on good funds or stocks, but I don't have the time to research which stock is good.","Money, investing and insurance"
"223","Growing my money","Overwhelm","Overwhelm poster 3/4","assigned","New Bank of India","new bank of india.jpg","10","8","B","67","If I want to make an investing choice, I need to check everything about that company that we're gonna invest and also not sure whether is it correct place to invest","Money, investing and insurance"
"223","Growing my money","Overwhelm","Overwhelm poster 3/4","assigned","New Bank of India","new bank of india.jpg","10","9","B","67","Figure out where I have to invest, i dont want to just put a SIP","Money, investing and insurance"
"223","Growing my money","Overwhelm","Overwhelm poster 3/4","assigned","New Bank of India","new bank of india.jpg","10","10","B","67","I was investing on ipo , and stocks and i got really bored doing same things again again like doing same  research and everytime so would like to have a site where i could get all news of particular stock in one place","Money, investing and insurance"
"224","Growing my money","Overwhelm","Overwhelm poster 4/4","assigned","Canara Bank","canarabank1.jpg","10","1","B","67","I struggle with two main things, analyzing options for investing takes too much effort so I delay it, and I make too many unnecessary purchases, leaving me with almost no savings left at the end of the month.","Money, investing and insurance"
"224","Growing my money","Overwhelm","Overwhelm poster 4/4","assigned","Canara Bank","canarabank1.jpg","10","2","B","67","I wanted to invest in mutual funds and I just felt there was too much research required to figure out which one to put my money in.","Money, investing and insurance"
"224","Growing my money","Overwhelm","Overwhelm poster 4/4","assigned","Canara Bank","canarabank1.jpg","10","3","B","67","I have some extra cash in my bank from the variable I received this year. But I just cant bring myself to research about where to invest it and push the button. So its being procastinated for long.","Money, investing and insurance"
"224","Growing my money","Overwhelm","Overwhelm poster 4/4","assigned","Canara Bank","canarabank1.jpg","10","4","B","67","I need to plan my cash flow to multiple investments. I do it myself so I know what’s happening and there is no other way to keep tabs on my investments.","Money, investing and insurance"
"224","Growing my money","Overwhelm","Overwhelm poster 4/4","assigned","Canara Bank","canarabank1.jpg","10","5","B","67","I hate having to read up on stocks figuring when to invest etc, I don’t do SIP so every lump sum investment I miss the timing of it feels bad","Money, investing and insurance"
"224","Growing my money","Overwhelm","Overwhelm poster 4/4","assigned","Canara Bank","canarabank1.jpg","10","6","B","66","Needed to invest a large sum of money. No idea where to. Confused. Unsure. Anxious. Made a decision. But still unsure.","Money, investing and insurance"
"224","Growing my money","Overwhelm","Overwhelm poster 4/4","assigned","Canara Bank","canarabank1.jpg","10","7","B","66","I had recently started an SIP with multiple Mutual Funds, and the verification process took ages and multiple OTPs","Money, investing and insurance"
"224","Growing my money","Overwhelm","Overwhelm poster 4/4","assigned","Canara Bank","canarabank1.jpg","10","8","B","66","Just too much to keep track off, gave up trying to invest","Money, investing and insurance"
"224","Growing my money","Overwhelm","Overwhelm poster 4/4","assigned","Canara Bank","canarabank1.jpg","10","9","B","65","Mainly confusion and anxiety of investing in the wrong companies , i would love to have a assistant make sure that i have all the data at my disposal before making a decision","Money, investing and insurance"
"224","Growing my money","Overwhelm","Overwhelm poster 4/4","assigned","Canara Bank","canarabank1.jpg","10","10","B","65","Figure out where to put my salary depending on several due dates: rent due, credit card bill due, EMI due","Money, investing and insurance"
"225","Growing my money","Repetitive","Repetitive poster 1/2","assigned","United Commercial Bank","United bank.jpg","10","1","A","86","every month i need to start afresh about replenishing the stock and keep manual track. Hope to have something like AI tool personalized for my own family needs who reminds in time and do it for me","Groceries and household"
"225","Growing my money","Repetitive","Repetitive poster 1/2","assigned","United Commercial Bank","United bank.jpg","10","2","A","83","Like i started MBA journey, so it's become really hectic life where i barely have time to track my financial indicators of what is happening in the stock market especially during market timings. I also apply from different bank account so its hard to keep tracking from which bank account i made the payment and update the excel sheet im trying to maintain to track all the financial payments and profits i make.","Money, investing and insurance"
"225","Growing my money","Repetitive","Repetitive poster 1/2","assigned","United Commercial Bank","United bank.jpg","10","3","A","80","to remember dates,having money when I have that reminder of SIP","Money, investing and insurance"
"225","Growing my money","Repetitive","Repetitive poster 1/2","assigned","United Commercial Bank","United bank.jpg","10","4","B","76","There are certain tasks that need to be done monthly / quarterly. Repetitive and get delayed because of time crunch. Monthly expense reports, quarterly investments tracking","Money, investing and insurance"
"225","Growing my money","Repetitive","Repetitive poster 1/2","assigned","United Commercial Bank","United bank.jpg","10","5","B","73","different stocks, SIPs and the money is just debited from your bank without any track of when and how, and if you forget to maintain that balance in that particular account, so god knows what to do","Money, investing and insurance"
"225","Growing my money","Repetitive","Repetitive poster 1/2","assigned","United Commercial Bank","United bank.jpg","10","6","B","70","Every month I have to deposit the money. I have automated it with an SIP","Money, investing and insurance"
"225","Growing my money","Repetitive","Repetitive poster 1/2","assigned","United Commercial Bank","United bank.jpg","10","7","B","70","Determining a financial plan, setting up the SIPs, monitoring regularly. And when an SIP setup gets disrupted or any significant life event happens - everything has to be done again.","Money, investing and insurance"
"225","Growing my money","Repetitive","Repetitive poster 1/2","assigned","United Commercial Bank","United bank.jpg","10","8","B","69","Managing my monthly expenses, investments and savings","Money, investing and insurance"
"225","Growing my money","Repetitive","Repetitive poster 1/2","assigned","United Commercial Bank","United bank.jpg","10","9","B","69","Keeping track of all my investments and updating them.  I don’t do it regularly and then have to hunt around for old data","Money, investing and insurance"
"225","Growing my money","Repetitive","Repetitive poster 1/2","assigned","United Commercial Bank","United bank.jpg","10","10","B","68","well i invest every month but the task of - okay how much do i need to save this month - oh shit there's an event coming up which will be expensive - i spent more than i should have thf first half and now i am living full on chindi vibes the second half of the month","Money, investing and insurance"
"226","Growing my money","Repetitive","Repetitive poster 2/2","assigned","Vijaya Bank","vijaya bank.jpg","4","1","B","66","So much information flowing around on digital platforms and news channels . How to make sense of key investment ideas in a weekly basis to invest and take action","Money, investing and insurance"
"226","Growing my money","Repetitive","Repetitive poster 2/2","assigned","Vijaya Bank","vijaya bank.jpg","4","2","B","65","Keep track of all my funds in my portfolio and suggest better strategy as per my needs and risk appetite","Money, investing and insurance"
"226","Growing my money","Repetitive","Repetitive poster 2/2","assigned","Vijaya Bank","vijaya bank.jpg","4","3","B","65","Have to monitor the market regularly to see when is a good time to invest.","Money, investing and insurance"
"226","Growing my money","Repetitive","Repetitive poster 2/2","assigned","Vijaya Bank","vijaya bank.jpg","4","4","B","65","Again and again look out for the prices of stocks of the same companies, when to sell , hold or buy more.","Money, investing and insurance"
"227","Growing my money","Frustration","Frustration poster","TO SOURCE","— TO SOURCE —","","9","1","A","83","So basically thing is currently i don't have enough money to invest in stocks so i invest in mutual funds. I receive some pocket money through which i invest but if i overuse pocket money i have no money left to give in SIP so i have to skip or close SIP for sometime to collect my funds to invest in SIP. So, to deal with this i have changed my SIP to first of every month","Money, investing and insurance"
"227","Growing my money","Frustration","Frustration poster","TO SOURCE","— TO SOURCE —","","9","2","B","79","Its more of a feeling of ""lacking sufficient knowledge"" which is frustrating when it comes to investing. I dont have a specific incident; but it is the entire journey of wealth building for myself across my working years. Eg: I started working way back in 2004; but i did not make any investment in MFs, stocks etc beyond a couple of LICs & FDs till 2026 because I didnt have any resource/system to guide me through it all across the years i.e. from the moment i started working till i die and perhaps even beyond on how to set up my created wealth for my heirs.","Money, investing and insurance"
"227","Growing my money","Frustration","Frustration poster","TO SOURCE","— TO SOURCE —","","9","3","B","76","Deciding where to invest on a regular basis and optimising expenses. Coordination with the CA for tax filing where I need to share exhaustive details and verify their work. Doing diligence on funds or wealth managers.","Money, investing and insurance"
"227","Growing my money","Frustration","Frustration poster","TO SOURCE","— TO SOURCE —","","9","4","B","73","The sheer drudgery of opening all the investment apps and placing buy/sell orders when investing/trading is a huge pain.","Money, investing and insurance"
"227","Growing my money","Frustration","Frustration poster","TO SOURCE","— TO SOURCE —","","9","5","B","72","I have to rebalance my whole equity share portfolio but I feel I don't have enough time to monitor and take decision on all the 14-15 stocks in my portfolio.","Money, investing and insurance"
"227","Growing my money","Frustration","Frustration poster","TO SOURCE","— TO SOURCE —","","9","6","B","71","The whole tax dance. Apart from that the rebalancing which I have never done. So right ow there is no reliable way to know what is missing in my portfolio and how is the performance. Opening accounts for international equity is a pain and laws keep changing more than any benefits.","Money, investing and insurance"
"227","Growing my money","Frustration","Frustration poster","TO SOURCE","— TO SOURCE —","","9","7","B","70","Everyday I manually need to go to my portfolio on Zerodha's Kite and see if there is anything to buy or sell from retail stocks. If there is anything off the mark, I have to go to ChatGPT and understand background to make any buying, selling or monitoring decisions.","Money, investing and insurance"
"227","Growing my money","Frustration","Frustration poster","TO SOURCE","— TO SOURCE —","","9","8","B","70","Setting up a corpus for college expenses. It took close to 5 years or more and mainly was the annoying KYC process and paperwork and then decision making as to what’s the right mix of investment.","Money, investing and insurance"
"227","Growing my money","Frustration","Frustration poster","TO SOURCE","— TO SOURCE —","","9","9","B","69","There is no excuse here. Just the 60 mins of time and effort spent in a day. Its investing rather.","Fitness and wellness"
"228","Growing my money","Procrastinate","Procrastinate poster","TO SOURCE","— TO SOURCE —","","7","1","B","76","I had to manage some important financial paperwork and make a decision about where to put my savings. I kept telling myself I’d look into it later because it felt confusing and time-consuming. I ended up putting it off for much longer than I Intended and only dealt with it when it became necessary","Money, investing and insurance"
"228","Growing my money","Procrastinate","Procrastinate poster","TO SOURCE","— TO SOURCE —","","7","2","B","72","Frequently forget to stock up on hair-care and skin-care products. When I eventually remember, end up buying the same products, even if I'd made a mental note at some point to try something else/new.","Beauty and self-care"
"228","Growing my money","Procrastinate","Procrastinate poster","TO SOURCE","— TO SOURCE —","","7","3","B","71","I want to learn more about racing, football coaching and investing but am too lazy to start","Learning and hobbies"
"228","Growing my money","Procrastinate","Procrastinate poster","TO SOURCE","— TO SOURCE —","","7","4","B","70","Planning my investments, doing market research and actually making the investments. I keep putting this off.","Money, investing and insurance"
"228","Growing my money","Procrastinate","Procrastinate poster","TO SOURCE","— TO SOURCE —","","7","5","B","69","For starters i dont know much abt trading or investing even though i am very intrested i keep putting it off for some or other reason and there is no easy explanation anywhere","Money, investing and insurance"
"228","Growing my money","Procrastinate","Procrastinate poster","TO SOURCE","— TO SOURCE —","","7","6","B","66","Learning about investing, i keep putting it off","Money, investing and insurance"
"228","Growing my money","Procrastinate","Procrastinate poster","TO SOURCE","— TO SOURCE —","","7","7","B","65","I have to invest on a monthly basis but i often forget to","Money, investing and insurance"
"229","Growing my money","No feeling","No feeling poster 1/4","TO SOURCE","— TO SOURCE —","","10","1","B","79","Once while encashing my investment, I was told that since withdrawal amount is large, you have to approach higher centre and they will issue cheque for the withdrawal amount, this treatment was not acceptable to me, since I had invested at this branch, I should be given back my money by the same branch. The dealing person was giving lame excuses. For the solution of the problem, I called highest authority of the investment company, he had given orders to the branch to make payment immediately.","Money, investing and insurance"
"229","Growing my money","No feeling","No feeling poster 1/4","TO SOURCE","— TO SOURCE —","","10","2","B","79","Transfer money to my wife. Then initiate adding money to her demat account. Then coordinate with her, for her to pay towards initiated UPI request","Money, investing and insurance"
"229","Growing my money","No feeling","No feeling poster 1/4","TO SOURCE","— TO SOURCE —","","10","3","B","75","Usually when I sit to paint i end up scrolling Pinterest  Because the references which I enjoy are too classic to be in an art portfolio and the ones fit for it are just not fit for the time I have  So an agent that would do this particular task is definitely gonna be my bestie","Learning and hobbies"
"229","Growing my money","No feeling","No feeling poster 1/4","TO SOURCE","— TO SOURCE —","","10","4","B","74","I feel like I need to be financially literate and more put together  Know exactly where my funds are going , so I can save and invest  Basically I need to be a money manager for myself  But looking at history from my upi app or jotting down actual cash transactions can only take me so far . I","Money, investing and insurance"
"229","Growing my money","No feeling","No feeling poster 1/4","TO SOURCE","— TO SOURCE —","","10","5","B","72","​I was sitting at my desk trying to update my bank account details across my mutual fund portfolios. Instead of a single central update, I had to fill out separate physical forms, visit a service branch to get an in-person verification done, and follow up via WhatsApp for two weeks because my signatures allegedly ""didn't match"" their decade-old database records.","Money, investing and insurance"
"229","Growing my money","No feeling","No feeling poster 1/4","TO SOURCE","— TO SOURCE —","","10","6","B","71","I know there is cash / liquidity and better to invest, but it requires time to evaluate","Money, investing and insurance"
"229","Growing my money","No feeling","No feeling poster 1/4","TO SOURCE","— TO SOURCE —","","10","7","B","71","1)SIP autopay isnt working  2) Wanted to create a Rs 5 lakh FD in a small finance bank. The app has been crashing","Money, investing and insurance"
"229","Growing my money","No feeling","No feeling poster 1/4","TO SOURCE","— TO SOURCE —","","10","8","B","71","i had to follow up with a investment advisor, regarding parking of extra funds because i dont have time to actively invest them and look for best alternatives to invest in market.","Money, investing and insurance"
"229","Growing my money","No feeling","No feeling poster 1/4","TO SOURCE","— TO SOURCE —","","10","9","B","71","Finding new avenues to invest, stockpiling, analysing, tracking & divesting","Money, investing and insurance"
"229","Growing my money","No feeling","No feeling poster 1/4","TO SOURCE","— TO SOURCE —","","10","10","B","70","Tracking my portfolio to see if they are doing well. Checking my splitwise if it's correct or not. Why am i facing cash shortage. Where the leaks are coming","Money, investing and insurance"
"230","Growing my money","No feeling","No feeling poster 2/4","TO SOURCE","— TO SOURCE —","","10","1","B","70","ensuring bills are paid a day before the last day, funds are transferred between accounts to earn higher interest and managing income and expense reports across all banking and credit card transactions","Money, investing and insurance"
"230","Growing my money","No feeling","No feeling poster 2/4","TO SOURCE","— TO SOURCE —","","10","2","B","70","Starting with 1000 SIP and trying to soon make a corpus of 5Cr, but knowing you don't have money to step up.","Money, investing and insurance"
"230","Growing my money","No feeling","No feeling poster 2/4","TO SOURCE","— TO SOURCE —","","10","3","B","69","I strictly invest in index, so a no-brainer","Money, investing and insurance"
"230","Growing my money","No feeling","No feeling poster 2/4","TO SOURCE","— TO SOURCE —","","10","4","B","69","Filing my ITR, investing and intra day trading","Money, investing and insurance"
"230","Growing my money","No feeling","No feeling poster 2/4","TO SOURCE","— TO SOURCE —","","10","5","B","69","I always wait to be an expert in something before deciding. Sometimes I get conflicting advice and due to lack of expertise I am unable to evaluate the better option. More often than not I rely on the advice of others to invest.","Money, investing and insurance"
"230","Growing my money","No feeling","No feeling poster 2/4","TO SOURCE","— TO SOURCE —","","10","6","B","69","To convert a physical share certificate to demat quickly & painlessly...","Money, investing and insurance"
"230","Growing my money","No feeling","No feeling poster 2/4","TO SOURCE","— TO SOURCE —","","10","7","B","69","I think , if agents can help me with shortlisting and shopping, I can save that extra time and invest elsewhere productive","Shopping and deals"
"230","Growing my money","No feeling","No feeling poster 2/4","TO SOURCE","— TO SOURCE —","","10","8","B","69","Got some money to invest. Have to think about options, open apps, choose one, transfer funds. Not wanting to deal with it","Money, investing and insurance"
"230","Growing my money","No feeling","No feeling poster 2/4","TO SOURCE","— TO SOURCE —","","10","9","B","69","Which are the ideal mutual funds/pms/stocks to invest where the incentives are aligned.","Money, investing and insurance"
"230","Growing my money","No feeling","No feeling poster 2/4","TO SOURCE","— TO SOURCE —","","10","10","B","69","The entire reconciliation of my bank statement, dividend statement, AIS, Form 16.","Money, investing and insurance"
"231","Growing my money","No feeling","No feeling poster 3/4","TO SOURCE","— TO SOURCE —","","10","1","B","69","I mean, I am still a student so I am still in the process of learning how money and investments work; thus, the emotion","Money, investing and insurance"
"231","Growing my money","No feeling","No feeling poster 3/4","TO SOURCE","— TO SOURCE —","","10","2","B","68","For Learning and hobbies, can you share an exact task behind that feeling. Where were you, what happened, what did you have to deal with?* Tell it like it actually happened, mess and all. Once you answer, you'll see what others wrote.","Learning and hobbies"
"231","Growing my money","No feeling","No feeling poster 3/4","TO SOURCE","— TO SOURCE —","","10","3","B","68","I am beginner in investing in stock markets and I was primarily focusing on short term investments. Basic thing I have realized over 1-2months is how the markets are responding to the news from big companies and the statements they are releasing the day before their stocks fluctuate.","Money, investing and insurance"
"231","Growing my money","No feeling","No feeling poster 3/4","TO SOURCE","— TO SOURCE —","","10","4","B","68","For Beauty and self-care, can you share an exact task behind that feeling. Where were you, what happened, what did you have to deal with?* Tell it like it actually happened, mess and all. Once you answer, you'll see what others wrote.","Beauty and self-care"
"231","Growing my money","No feeling","No feeling poster 3/4","TO SOURCE","— TO SOURCE —","","10","5","B","67","Hiring a wealth manager and documenting everything. like - EVERYTHING.","Money, investing and insurance"
"231","Growing my money","No feeling","No feeling poster 3/4","TO SOURCE","— TO SOURCE —","","10","6","B","67","Need time to assess for investment opportunities- haven't spent time at all","Money, investing and insurance"
"231","Growing my money","No feeling","No feeling poster 3/4","TO SOURCE","— TO SOURCE —","","10","7","B","66","I want someone else to invest my money in the stock market","Money, investing and insurance"
"231","Growing my money","No feeling","No feeling poster 3/4","TO SOURCE","— TO SOURCE —","","10","8","B","66","had a fresh cap to invest, and wanted to be 100% sure about where I am going to invest!","Money, investing and insurance"
"231","Growing my money","No feeling","No feeling poster 3/4","TO SOURCE","— TO SOURCE —","","10","9","B","66","Checking market trends and finding the best time to invest. Market analysis","Money, investing and insurance"
"231","Growing my money","No feeling","No feeling poster 3/4","TO SOURCE","— TO SOURCE —","","10","10","B","66","Collecting relevant history data. Doing taxes. Tracking portfolio.","Money, investing and insurance"
"232","Growing my money","No feeling","No feeling poster 4/4","TO SOURCE","— TO SOURCE —","","1","1","B","65","I just want to have all the shares, mutual funds and other investments I've made to appear in a single place.","Money, investing and insurance"
"233","Getting a ride","Frustration","Frustration poster 1/4","assigned","BSA SLR bicycle","BSA SLR.jpeg","10","1","A","91","My dad’s car was at the local mechanic with a broken boot latch. Right in the middle of the day, the mechanic called and said he needed the exact replacement part sourced by 4 PM, or the car would be stuck in his garage overnight.  Absolute frustration, because I had no choice but to drop everything and deal with it. Standard quick-commerce apps don't sell highly specific automotive parts. I was forced to physically travel to the local auto-parts market in the heat. I spent three agonizing hours walking from shop to shop, physically showing vendors the broken latch. Half of them confidently said they had it, made me wait 15 minutes, and then brought out the wrong model. It is a completely opaque, offline market where inventory only exists in the shopkeeper's head.  It’s a massive pain every time because you are completely at their mercy. I finally found the part, paid via a direct WhatsApp UPI scan, and rushed back to the mechanic. I would have given anything for an assistant to just voice-call a network of local dealers, verify the exact part specs, lock in the payment, and have a local rider drop it directly to the mechanic's garage so I didn't have to waste my entire afternoon.","Getting around and vehicles"
"233","Getting a ride","Frustration","Frustration poster 1/4","assigned","BSA SLR bicycle","BSA SLR.jpeg","10","2","A","88","I have specific starting point and destination I often use. Yes, Uber has suggestions based on your past but at times you won’t get a ride, then you need to do the same in Rapido. This could be a two tap task.   The prices at different times of the day are so different, that is another headache. Surge pricing might be how they earn money, that is fine - but I want to be aware how much is the deviation from the avg pricing so at least I am aware of how expensive any ride is.   Regardless, Uber and rapido are a boon in a broken city like Blr. It would be impossible to commute otherwise, not figuratively, but literally","Getting around and vehicles"
"233","Getting a ride","Frustration","Frustration poster 1/4","assigned","BSA SLR bicycle","BSA SLR.jpeg","10","3","A","86","I’ve visited a friend who lives almost three hours away from me about three times this month. Every time, getting there by bus has been a struggle. I have to sit for hours through traffic, deal with all the noise and crowd, and basically stay uncomfortable for the entire journey. Sometimes I’m travelling alone, which makes the journey feel even longer. By the time I finally reach, I’m exhausted and frustrated, and it honestly spoils my mood even though I was looking forward to the visit.","Getting around and vehicles"
"233","Getting a ride","Frustration","Frustration poster 1/4","assigned","BSA SLR bicycle","BSA SLR.jpeg","10","4","A","85","Getting around Bengaluru is a task in itself. 😭 The traffic is bad enough, but the routes around Bagalur somehow feel even worse than Hebbal, Silk Board, or Goraguntepalya. A simple trip turns into constant traffic, random diversions, construction, and unpredictable travel times. I leave thinking it’ll take 30 minutes and somehow end up questioning every life decision halfway through the journey. 💀","Getting around and vehicles"
"233","Getting a ride","Frustration","Frustration poster 1/4","assigned","BSA SLR bicycle","BSA SLR.jpeg","10","5","A","85","Where I was: Standing at a highway toll plaza booth with cars honking aggressively behind me.  What happened: The toll barrier wouldn't lift because my FASTag account was blacklisted due to a low balance—even though I had set up auto-recharge on a linked app that failed silently in the background without sending an alert.  What I had to deal with: Digging out cash to pay double the toll rate, pulling over to the shoulder to manually troubleshoot the banking app, and discovering three pending traffic challans (traffic violation fines) for camera-captured lane violations from months ago that I was never notified about.","Getting around and vehicles"
"233","Getting a ride","Frustration","Frustration poster 1/4","assigned","BSA SLR bicycle","BSA SLR.jpeg","10","6","A","84","I usually travel by Uber to office. I struggle to get cabs at times. And when I get the cab, waiting times vary from 1 min to 7-8 min. And sometimes the uber driver doesn’t move and I have to contact or cancel. I wonder what if my booking is automated considering the possible waiting times, so that I don’t have to wait for the cab.","Getting around and vehicles"
"233","Getting a ride","Frustration","Frustration poster 1/4","assigned","BSA SLR bicycle","BSA SLR.jpeg","10","7","A","81","Looking for rides available, then those banters with the drivers for money is frustrating, dealing with random people, sometimes unaware of the general prices and end up paying more, safety issue and watnot","Getting around and vehicles"
"233","Getting a ride","Frustration","Frustration poster 1/4","assigned","BSA SLR bicycle","BSA SLR.jpeg","10","8","A","81","Everyday finding an auto/cab for work is one of the most frustrating parts of my day. Eta, prices fluctuate strongly between weeks and i dont get visibility into it until i start searching.","Getting around and vehicles"
"233","Getting a ride","Frustration","Frustration poster 1/4","assigned","BSA SLR bicycle","BSA SLR.jpeg","10","9","A","80","Even though apps show the exact pickup points, auto and cab drivers just dont seem to understand. Majority of the vehicles I book go past my pickup point and then ask me to walk up to them. So so frustrating.","Getting around and vehicles"
"233","Getting a ride","Frustration","Frustration poster 1/4","assigned","BSA SLR bicycle","BSA SLR.jpeg","10","10","A","80","Generally I don't use such travel Apps for cabs as I use my own vehicle. But in the event I need to use, I don't usually get vehicles through the Apps, although many people do it easily. What is most frustrating is when need to go to airport or railway station, at that most crucial time, all Apps lets us down.","Getting around and vehicles"
"234","Getting a ride","Frustration","Frustration poster 2/4","assigned","BSA motorcycles & bikes","BSA.jpeg","10","1","B","78","Booking cabs is a pain. Have to try on multiple apps and there's no way to know if drivers will cancel until they're moving in your direction and 2 min away.","Getting around and vehicles"
"234","Getting a ride","Frustration","Frustration poster 2/4","assigned","BSA motorcycles & bikes","BSA.jpeg","10","2","B","77","Navigating the endless traffic is always a nightmare, and extremely frustrating. And to make it worse, there are actual idiots with zero driving sense that make the drive feel like walking through fire to atone for your sins.","Getting around and vehicles"
"234","Getting a ride","Frustration","Frustration poster 2/4","assigned","BSA motorcycles & bikes","BSA.jpeg","10","3","B","76","Driving is a waste of time but cabs are far too expensive and there is a constant struggle of booking, drivers cancelling, asking for extra cash, etc. The time wasted is ENORMOUS","Getting around and vehicles"
"234","Getting a ride","Frustration","Frustration poster 2/4","assigned","BSA motorcycles & bikes","BSA.jpeg","10","4","B","75","I had to reach a meeting across town during peak evening hours. Three cab and auto drivers cancelled after making me wait, surge pricing doubled, and when I finally got a ride, we were stuck in gridlock traffic for an hour","Getting around and vehicles"
"234","Getting a ride","Frustration","Frustration poster 2/4","assigned","BSA motorcycles & bikes","BSA.jpeg","10","5","B","75","My ticket got cancelled and I had to manage through bus andit took a lot of time.","Travel and holidays"
"234","Getting a ride","Frustration","Frustration poster 2/4","assigned","BSA motorcycles & bikes","BSA.jpeg","10","6","B","75","They're all the same. Ola, Uber, Rapido. Hit or miss. You either get a great chap or an as***le. The prices can differ massively though. And the platforms engage is customized pricing as well - based on which phone you're using and your location etc.","Getting around and vehicles"
"234","Getting a ride","Frustration","Frustration poster 2/4","assigned","BSA motorcycles & bikes","BSA.jpeg","10","7","B","75","Its a known fact that moving around in Mumbai is painful. Firstly traffic, second parking spaces, waste of time during travel - you can't do anything when you are self-driving","Getting around and vehicles"
"234","Getting a ride","Frustration","Frustration poster 2/4","assigned","BSA motorcycles & bikes","BSA.jpeg","10","8","B","75","Going to office is a pain, parking is available pain","Getting around and vehicles"
"234","Getting a ride","Frustration","Frustration poster 2/4","assigned","BSA motorcycles & bikes","BSA.jpeg","10","9","B","74","This is more about traffic and waste of time in Bengaluru city. End of the day feeling is the exhaust ;)","Getting around and vehicles"
"234","Getting a ride","Frustration","Frustration poster 2/4","assigned","BSA motorcycles & bikes","BSA.jpeg","10","10","B","73","Navigating through high stress terrain,heavy rains and traffic","Getting around and vehicles"
"235","Getting a ride","Frustration","Frustration poster 3/4","assigned","Atlas bicycle","atlas cycle.jpg","10","1","B","71","Finding the most efficient route to and from places I visit often. Bangalore traffic is a nightmare.","Getting around and vehicles"
"235","Getting a ride","Frustration","Frustration poster 3/4","assigned","Atlas bicycle","atlas cycle.jpg","10","2","B","69","navigating all the different drop sites when I carpool and mapping the perfect route is really frustrating","Getting around and vehicles"
"235","Getting a ride","Frustration","Frustration poster 3/4","assigned","Atlas bicycle","atlas cycle.jpg","10","3","B","68","Travelling in metro cities and going to visit friends becomes a pain; the infrastructure is a mess","Getting around and vehicles"
"235","Getting a ride","Frustration","Frustration poster 3/4","assigned","Atlas bicycle","atlas cycle.jpg","10","4","B","68","to and fro from office ,classes .it is cumbersome to look for cab ,wait for it for 10-15 minutes","Getting around and vehicles"
"235","Getting a ride","Frustration","Frustration poster 3/4","assigned","Atlas bicycle","atlas cycle.jpg","10","5","B","68","Drivers massively overcharge and streets aren't walkable enough for public transport","Getting around and vehicles"
"235","Getting a ride","Frustration","Frustration poster 3/4","assigned","Atlas bicycle","atlas cycle.jpg","10","6","B","67","I like cycling around to my classes in college, but in the morning sun it gets tiring and sweaty","Getting around and vehicles"
"235","Getting a ride","Frustration","Frustration poster 3/4","assigned","Atlas bicycle","atlas cycle.jpg","10","7","B","67","Moving around in public transport is getting extremely irritating. Drivers trying to rip us off by demanding extra cash, cancelling on us","Getting around and vehicles"
"235","Getting a ride","Frustration","Frustration poster 3/4","assigned","Atlas bicycle","atlas cycle.jpg","10","8","B","66","Commute to the city can be a pain","Getting around and vehicles"
"235","Getting a ride","Frustration","Frustration poster 3/4","assigned","Atlas bicycle","atlas cycle.jpg","10","9","B","65","ordering a cab is a nightmare","Getting around and vehicles"
"235","Getting a ride","Frustration","Frustration poster 3/4","assigned","Atlas bicycle","atlas cycle.jpg","10","10","B","65","Booking cabs are nightmare","Getting around and vehicles"
"236","Getting a ride","Frustration","Frustration poster 4/4","assigned","Fiat 1100 car","fiat.webp","1","1","B","65","Bangalore ride hailing is a big scam and I hate having to check every competing app especially when I’m getting home from the airport","Getting around and vehicles"
"237","Getting a ride","Overwhelm","Overwhelm poster 1/4","assigned","Hero Honda CD100 motorcycle","hero honda.jpeg","10","1","A","87","One situation that comes to mind was when I had to get my vehicle serviced. I was trying to manage it alongside college and work, so I had to find a service centre, check their availability, arrange a pickup/drop, explain the issues with the vehicle, and then keep following up to find out what had been diagnosed and what would actually be repaired. The annoying part was the back-and-forth. I was getting calls and WhatsApp messages from the service centre, checking estimates, approving work, and then trying to figure out when the vehicle would actually be ready. At the same time, I had to plan how I would get around without it. It wasn't really the servicing itself that bothered me—it was coordinating everything around it. I would have happily handed that entire process to an assistant: find a reliable service centre, book the slot, coordinate pickup and drop, track the service status, flag anything that needed my approval, and remind me when it was time to collect the vehicle.","Getting around and vehicles"
"237","Getting a ride","Overwhelm","Overwhelm poster 1/4","assigned","Hero Honda CD100 motorcycle","hero honda.jpeg","10","2","A","87","I was traveling around the city and needed to get somewhere on time, but figuring out the best route became a hassle. I had to compare Google Maps routes, check traffic, decide between a cab, metro, or auto, and then deal with delays and changing ETAs. Sometimes the driver would take a different route or I’d have to keep checking the location. It’s manageable, but when I’m in a hurry, all those small decisions become annoying. I’d happily hand this to an assistant that could monitor traffic and transport options in real time and tell me the best way to get there. You can answer:","Getting around and vehicles"
"237","Getting a ride","Overwhelm","Overwhelm poster 1/4","assigned","Hero Honda CD100 motorcycle","hero honda.jpeg","10","3","A","84","I had to go somewhere in the city and needed to figure out whether to take my car, get an Uber/Ola, or ask someone to drop me. I was already running a little late, so I was checking the traffic, estimating how long each option would take, and messaging/calling family to see if the car was available. Then I had to deal with parking at the destination too. It sounds simple, but it ended up being a whole chain of checking availability, traffic, costs, and coordinating with people before I could even leave.","Getting around and vehicles"
"237","Getting a ride","Overwhelm","Overwhelm poster 1/4","assigned","Hero Honda CD100 motorcycle","hero honda.jpeg","10","4","A","83","When I need to go somewhere, I usually check Google Maps for the route and travel time. If I don't have a vehicle, I check Uber or Rapido, and sometimes I have to wait or compare prices before booking.","Getting around and vehicles"
"237","Getting a ride","Overwhelm","Overwhelm poster 1/4","assigned","Hero Honda CD100 motorcycle","hero honda.jpeg","10","5","A","83","Figuring out transportation when I’m somewhere unfamiliar. During trips, I’ve had to coordinate flights, airport transfers, cabs, and local transport while also managing luggage and timing everything around our plans. I’d be sitting there comparing routes and prices, checking how long each option would take, and figuring out whether it was better to book ahead or just get a cab. The frustrating part is that one delay can throw off the entire day, so I end up constantly recalculating the plan instead of actually enjoying the trip.","Getting around and vehicles"
"237","Getting a ride","Overwhelm","Overwhelm poster 1/4","assigned","Hero Honda CD100 motorcycle","hero honda.jpeg","10","6","A","83","Getting somewhere on time when plans change unexpectedly. I’ve had situations where I had to figure out the fastest route, check traffic, compare cab/auto availability and prices, coordinate with the driver, and update the person waiting for me—all while already being on the move. The frustrating part is constantly switching between apps and making decisions manually when the situation is changing in real time.","Getting around and vehicles"
"237","Getting a ride","Overwhelm","Overwhelm poster 1/4","assigned","Hero Honda CD100 motorcycle","hero honda.jpeg","10","7","A","81","drivers cancelling or asking for insane prices, traffic, its all too much hassle","Getting around and vehicles"
"237","Getting a ride","Overwhelm","Overwhelm poster 1/4","assigned","Hero Honda CD100 motorcycle","hero honda.jpeg","10","8","A","81","Finding a cab or an auto, sometimes the app picks up the incorrect pin location, having to compare prices across apps","Getting around and vehicles"
"237","Getting a ride","Overwhelm","Overwhelm poster 1/4","assigned","Hero Honda CD100 motorcycle","hero honda.jpeg","10","9","A","80","I was travelling to college and had to arrange a cab at short notice. I had to check availability, compare prices, coordinate the pickup location with the driver, and make sure I reached on time. Managing all these small details while travelling was quite inconvenient","Getting around and vehicles"
"237","Getting a ride","Overwhelm","Overwhelm poster 1/4","assigned","Hero Honda CD100 motorcycle","hero honda.jpeg","10","10","A","80","I had to get somewhere during a busy part of the day and ended up spending a lot of time figuring out the quickest way to get there. The cab prices kept changing, traffic was bad, and I had to compare different ride options while also worrying about how long it would take. Even after booking, I had to keep checking the driver's location and coordinating the pickup. It's a simple trip, but it ends up taking much more time and attention than it should.","Getting around and vehicles"
"238","Getting a ride","Overwhelm","Overwhelm poster 2/4","assigned","Mahindra jeep — vehicle","mahindra.jpeg","10","1","A","80","booking cabs via multiple apps, cancelling, waiting, checking over and over, sharing ride details with family/friends, tracking journey on map","Getting around and vehicles"
"238","Getting a ride","Overwhelm","Overwhelm poster 2/4","assigned","Mahindra jeep — vehicle","mahindra.jpeg","10","2","A","80","I often struggle with finding the cheapest and most convenient way to commute.  I end up checking different apps and routes to compare prices and timings, and sometimes I cannot even reliably track where the bus is or when it will actually arrive.  I usually have to figure it out myself each time, especially when I am travelling somewhere new.","Getting around and vehicles"
"238","Getting a ride","Overwhelm","Overwhelm poster 2/4","assigned","Mahindra jeep — vehicle","mahindra.jpeg","10","3","A","80","I often have a list of things I want to learn or hobbies I want to pick up, but I struggle to actually follow through. I’ll save courses, videos, books, or resources and tell myself I’ll get to them later, but they end up scattered across different apps and tabs. When I finally have some free time, I spend more time figuring out what to learn or where to start than actually doing it.","Learning and hobbies"
"238","Getting a ride","Overwhelm","Overwhelm poster 2/4","assigned","Mahindra jeep — vehicle","mahindra.jpeg","10","4","B","79","Whenever I have to book a cab, I have to compare prices across different apps and book accordingly.","Getting around and vehicles"
"238","Getting a ride","Overwhelm","Overwhelm poster 2/4","assigned","Mahindra jeep — vehicle","mahindra.jpeg","10","5","B","79","I was trying to get somewhere in a new area and my usual transport option suddenly fell through. I had to figure out an alternative route, compare cabs and public transport, deal with delays, and keep checking maps while also trying not to be late. What should have been a simple trip turned into a whole coordination exercise. I honestly just wanted someone to say, “Don’t worry, I’ve figured out the route and the ride—just get ready.”","Getting around and vehicles"
"238","Getting a ride","Overwhelm","Overwhelm poster 2/4","assigned","Mahindra jeep — vehicle","mahindra.jpeg","10","6","B","78","I don't drive, but getting a public transport is a pain. Highly unpredictable, so many apps but zero predictability. Bring back hail-a-cab/auto on the streets.","Getting around and vehicles"
"238","Getting a ride","Overwhelm","Overwhelm poster 2/4","assigned","Mahindra jeep — vehicle","mahindra.jpeg","10","7","B","77","Figuring out Ubers or local cabs and routes when I'm on my work trips overseas is a huge task. I have to spend a lot of time with Google Maps and apps figuring things out.","Getting around and vehicles"
"238","Getting a ride","Overwhelm","Overwhelm poster 2/4","assigned","Mahindra jeep — vehicle","mahindra.jpeg","10","8","B","76","Traffic, price compare of different platforms, pot holes","Getting around and vehicles"
"238","Getting a ride","Overwhelm","Overwhelm poster 2/4","assigned","Mahindra jeep — vehicle","mahindra.jpeg","10","9","B","76","Tired of booking cab or auto through multiple apps.","Getting around and vehicles"
"238","Getting a ride","Overwhelm","Overwhelm poster 2/4","assigned","Mahindra jeep — vehicle","mahindra.jpeg","10","10","B","75","There's just too much traffic in Bangalore; and it wastes a good chunk of my time whenever I have to go out.","Getting around and vehicles"
"239","Getting a ride","Overwhelm","Overwhelm poster 3/4","assigned","Suvega moped","SUVEGA moped.jpg","10","1","B","74","It takes me about 2 hours to get to my college everyday due to traffic. I juggle between different commuting apps and finding the best price.","Getting around and vehicles"
"239","Getting a ride","Overwhelm","Overwhelm poster 3/4","assigned","Suvega moped","SUVEGA moped.jpg","10","2","B","72","keep juggling between apps to see where I can book a ride the faster and cheapest","Getting around and vehicles"
"239","Getting a ride","Overwhelm","Overwhelm poster 3/4","assigned","Suvega moped","SUVEGA moped.jpg","10","3","B","71","The sound of the engine rumble which is more than enough to change our mood.","Getting around and vehicles"
"239","Getting a ride","Overwhelm","Overwhelm poster 3/4","assigned","Suvega moped","SUVEGA moped.jpg","10","4","B","70","Where am I going? How do igo? Should I take my scooter or a rickshaw or a cab these cabs lost much should I buy a car?","Getting around and vehicles"
"239","Getting a ride","Overwhelm","Overwhelm poster 3/4","assigned","Suvega moped","SUVEGA moped.jpg","10","5","B","70","I had planned to study a particular topic for my UPSC preparation, but I kept postponing it because I wasn’t sure where to start. I had saved videos, PDFs and notes from different sources, but instead of sitting down and finishing the topic, I kept organising resources or telling myself I would do it the next day. After a few days, I realised I had spent more time planning to study than actually studying.","Getting around and vehicles"
"239","Getting a ride","Overwhelm","Overwhelm poster 3/4","assigned","Suvega moped","SUVEGA moped.jpg","10","6","B","68","Nothing much here, but I hate to feel being lost on a day out.","Getting around and vehicles"
"239","Getting a ride","Overwhelm","Overwhelm poster 3/4","assigned","Suvega moped","SUVEGA moped.jpg","10","7","B","68","Booking a cab or auto to go out from my campus which is away from the city","Getting around and vehicles"
"239","Getting a ride","Overwhelm","Overwhelm poster 3/4","assigned","Suvega moped","SUVEGA moped.jpg","10","8","B","68","Trying different apps for the same ride. Initially getting none and then suddenly all. Cancelling one for other, especially if they started the ride for you feels bad and sometimes the ride apps charges you indirectly for it on next rides. Always that part is an ordeal","Getting around and vehicles"
"239","Getting a ride","Overwhelm","Overwhelm poster 3/4","assigned","Suvega moped","SUVEGA moped.jpg","10","9","B","67","was trying to get somewhere and spent more time figuring out the metro route, where to change lines and which exit to take than actually travelling.","Getting around and vehicles"
"239","Getting a ride","Overwhelm","Overwhelm poster 3/4","assigned","Suvega moped","SUVEGA moped.jpg","10","10","B","66","Logistics, transport, cab price hikes, decision paralysis","Going out and entertainment"
"240","Getting a ride","Overwhelm","Overwhelm poster 4/4","assigned","Vijay Super scooter","scooter .jpg","1","1","B","66","Booking cab everyday for same route - waiting figuring etc","Getting around and vehicles"
"241","Getting a ride","Repetitive","Repetitive poster 1/2","assigned","Ambassador family car","ambassador.webp","10","1","A","90","So last week I was heading back to my hostel from college, and I just needed to book an auto. Simple enough, right? I open the app, it shows me a 3 min wait, decent fare. Cool. But then out of habit I open another app just to check if it's cheaper, and it is, like ₹15 less, but the driver's like 12 minutes away. So now I'm sitting there actually debating whether ₹15 is worth waiting an extra 9 minutes for. While I'm doing this very important calculation, the first app's ETA jumps to 9 minutes anyway. So I cancel that one, book the ""cheaper"" one, and literally a minute later the driver cancels on me. Now I'm back to square one, both apps open, re-checking fares again, and I've probably burned like 8-10 minutes just trying to book a ride that should've taken 10 seconds. And this isn't even a one-off thing — this basically happens every single time I need to go from college to my hostel.","Getting around and vehicles"
"241","Getting a ride","Repetitive","Repetitive poster 1/2","assigned","Ambassador family car","ambassador.webp","10","2","A","85","I often have to travel somewhere on my own and end up depending on cabs because I don't know how to ride a scooty. Even crossing busy roads can make me nervous, and the thought of learning to ride in traffic scares me. At the same time, I desperately want to learn because having your own vehicle makes everyday travel much easier, while taking cabs regularly can become expensive. I keep thinking I should learn, but the fear of actually getting on the road and handling traffic makes the whole process feel much harder than it should.","Getting around and vehicles"
"241","Getting a ride","Repetitive","Repetitive poster 1/2","assigned","Ambassador family car","ambassador.webp","10","3","A","84","Every time booking the same transport medium  at same time, but its kind of frustating if i can book this with the help of agent then it will be good or the automatic booking done by agent and i just have to click ok","Getting around and vehicles"
"241","Getting a ride","Repetitive","Repetitive poster 1/2","assigned","Ambassador family car","ambassador.webp","10","4","A","83","I live in Gurgaon, so travel is a big problem. Every time it rains, the roads get flooded and finding cabs is impossible. I get late for college if I dont get the cab in time","Getting around and vehicles"
"241","Getting a ride","Repetitive","Repetitive poster 1/2","assigned","Ambassador family car","ambassador.webp","10","5","A","83","Every time I try to book a cab. The driver cancels it or asks for more payment. I need a transparent cash dealings with drivers review before booking gets confirmed","Getting around and vehicles"
"241","Getting a ride","Repetitive","Repetitive poster 1/2","assigned","Ambassador family car","ambassador.webp","10","6","A","82","I need to go from campus to the city for shopping. I take an auto. The driver overcharges quotes double or takes me the long way. I have no real choice: I need to get there, there's no other direct transport, so I just pay. It's frustrating because it happens every time, I know I'm being overcharged, but what am I going to do  walk? Argue with him and risk he leaves me stranded? So I just accept it, pay extra, and move on. My system is: budget extra money for getting ripped off by auto-drivers because that's just how it is. An assistant that could coordinate reliable transport or at least flag when I'm being overcharged would save me from this.","Getting around and vehicles"
"241","Getting a ride","Repetitive","Repetitive poster 1/2","assigned","Ambassador family car","ambassador.webp","10","7","B","73","Every single morning, evening, and in the middle. Get from Point A to Point B, facing traffic, wasting my time","Getting around and vehicles"
"241","Getting a ride","Repetitive","Repetitive poster 1/2","assigned","Ambassador family car","ambassador.webp","10","8","B","73","i travel using rapido daily and it book, wait for auto starring at hte screen","Getting around and vehicles"
"241","Getting a ride","Repetitive","Repetitive poster 1/2","assigned","Ambassador family car","ambassador.webp","10","9","B","72","The daily commute from Central Suburbs of Mumbai to South Mumbai.  Trains are over crowded, roads are constantly dug up, The whole life is currently spent in a cityflo bus (as much as 8-9 hours a day)   This is the single worst thing about life.. How did living inside a bus for so many hours become a normal?  Helpless to no end. getting this resolved will fix the whole life really","Getting around and vehicles"
"241","Getting a ride","Repetitive","Repetitive poster 1/2","assigned","Ambassador family car","ambassador.webp","10","10","B","72","i need to go see and pickup, sometimes the choices are repetitive so frustating to go and pick up, may be maid or help can do it","Shopping and deals"
"242","Getting a ride","Repetitive","Repetitive poster 2/2","assigned","Fiat car","fiat.jpeg","6","1","B","71","Traffic comes from every single direction and if Gurgaon then even for a small distance i cant walk beacuse that place is not for pedestrians absolutely worst","Getting around and vehicles"
"242","Getting a ride","Repetitive","Repetitive poster 2/2","assigned","Fiat car","fiat.jpeg","6","2","B","71","Cheaper, quicker and safer rides everyday seems like mythology at this point. Waiting half an hour everyday is now a part of my daily routine.","Getting around and vehicles"
"242","Getting a ride","Repetitive","Repetitive poster 2/2","assigned","Fiat car","fiat.jpeg","6","3","B","70","I have to walk daily around my campus as vehicles ,even cycles aren't allowed","Getting around and vehicles"
"242","Getting a ride","Repetitive","Repetitive poster 2/2","assigned","Fiat car","fiat.jpeg","6","4","B","68","Booking the same ride almost daily to travel to office. Around 10 clicks needed everyday for something that should take 1","Getting around and vehicles"
"242","Getting a ride","Repetitive","Repetitive poster 2/2","assigned","Fiat car","fiat.jpeg","6","5","B","66","Keeping track of changing drop off and pick up times","Kids and school"
"242","Getting a ride","Repetitive","Repetitive poster 2/2","assigned","Fiat car","fiat.jpeg","6","6","B","66","Booking Uber and Rapido every day to and from work","Getting around and vehicles"
"243","Getting a ride","Procrastinate","Procrastinate poster","assigned","Duckback raincoat — school/weather","duckback.jpeg","6","1","A","82","I had to get somewhere urgently and struggled to find a reliable cab because of delays, traffic, and changing prices. I had to compare different apps, check driver availability, and keep coordinating the pickup location. It became stressful and time-consuming, especially when plans changed at the last minute.","Getting around and vehicles"
"243","Getting a ride","Procrastinate","Procrastinate poster","assigned","Duckback raincoat — school/weather","duckback.jpeg","6","2","A","81","A recent example was getting to college when I had somewhere I needed to be at a specific time. I had to leave early because of traffic, figure out the best route, and then deal with delays on the way. Even after planning ahead, I still ended up spending a lot more time travelling than I had expected. It’s one of those things that I have to plan around even though I’d rather spend that time on something else.","Getting around and vehicles"
"243","Getting a ride","Procrastinate","Procrastinate poster","assigned","Duckback raincoat — school/weather","duckback.jpeg","6","3","B","77","Finding the right time to book a cab in BLR. Sometimes if you wait till the last minute, it takes forever to arrive but sometimes when you book while you are still not ready to head it, it arrives instantly","Getting around and vehicles"
"243","Getting a ride","Procrastinate","Procrastinate poster","assigned","Duckback raincoat — school/weather","duckback.jpeg","6","4","B","75","I avoid getting struck in traffics or crossing roads because sometimes it fears me. So, usually I avoid it.","Getting around and vehicles"
"243","Getting a ride","Procrastinate","Procrastinate poster","assigned","Duckback raincoat — school/weather","duckback.jpeg","6","5","B","74","Traffic is horrible in Bengaluru, and the rain makes it further unpredictable. So i keep putting off plans to last minute must have visits alone.","Going out and entertainment"
"243","Getting a ride","Procrastinate","Procrastinate poster","assigned","Duckback raincoat — school/weather","duckback.jpeg","6","6","B","68","i don't like wait for auto and than go but i use car and end up in traffic which annoys and go delay for work","Getting around and vehicles"
"244","Getting a ride","No feeling","No feeling poster 1/6","assigned","AMCO auto battery","AMCO BATTERY.jpg","10","1","A","86","I usually self-drive in Bangalore traffic, usually 65km roundtrips in horrible traffic. Keeping a driver is too expensive and my schedules are erratic for anyone to be available always when i want. On rare occasions if the route is reasonable, I take the metro. Have a fixed cabbie for years to cover my airport commutes.","Getting around and vehicles"
"244","Getting a ride","No feeling","No feeling poster 1/6","assigned","AMCO auto battery","AMCO BATTERY.jpg","10","2","A","85","I was once trying to book a cab when the app showed me a perfectly reasonable fare. I took a second to think, and in that one second the price increased by ₹150. Apparently, even the app has trust issues.  So I waited for the price to drop, checked another app, checked again, and eventually ended up booking the original cab at an even higher price because I was already late.   The real journey wasn't from Point A to Point B. It was from “I’ll save some money” to “just get me there, bro.”","Getting around and vehicles"
"244","Getting a ride","No feeling","No feeling poster 1/6","assigned","AMCO auto battery","AMCO BATTERY.jpg","10","3","A","84","Booking cabs on ola and uber at the same time. Uber's closer. So you cancel the old but they have a bunch of dark patterns and bugs, and the cab doesn't cancel. Now you're in an uber and the ola guy is calling you to say he's arrived. Happened at least 5 times to me already.","Getting around and vehicles"
"244","Getting a ride","No feeling","No feeling poster 1/6","assigned","AMCO auto battery","AMCO BATTERY.jpg","10","4","A","83","Usually all important things to be done are in the so called ""rush hour"" and traffic is a huge mood-spoiler in Bangalore. - on top of it Swiggy, Zomato, Blinkit, guys on the wrong side of the road, along with the ""wonderful"" auto-drivers and look-the-other-side-traffic-cops. Dealing with this almost everyday can never be automated unless I get a fully Auto-pilot Tesla or something like that. No AI Chatbot can help here unless they are part of the auto-pilot car.","Getting around and vehicles"
"244","Getting a ride","No feeling","No feeling poster 1/6","assigned","AMCO auto battery","AMCO BATTERY.jpg","10","5","A","82","I was trying to get to the railway station for a train and booked a cab in advance. The driver called saying he was nearby, but the location on the app wasn't matching where he actually was. I kept calling him, checking Maps, watching the time and worrying about traffic. A simple ride turned into a 30-minute coordination exercise.","Getting around and vehicles"
"244","Getting a ride","No feeling","No feeling poster 1/6","assigned","AMCO auto battery","AMCO BATTERY.jpg","10","6","A","82","book tickets coordinate different means of travel deal with changed routes, traffic and its literally a war coordinating with the cab, train and flight tickets","Getting around and vehicles"
"244","Getting a ride","No feeling","No feeling poster 1/6","assigned","AMCO auto battery","AMCO BATTERY.jpg","10","7","A","82","I try to book taking into consideration the time for the vehicle to get booked and reach my home, in addition to the transit time","Getting around and vehicles"
"244","Getting a ride","No feeling","No feeling poster 1/6","assigned","AMCO auto battery","AMCO BATTERY.jpg","10","8","A","81","booked an uber rental and the guy ran off as soon as time got over leaving me stranded. I would have paid for the 15 mins extra time in any case.","Getting around and vehicles"
"244","Getting a ride","No feeling","No feeling poster 1/6","assigned","AMCO auto battery","AMCO BATTERY.jpg","10","9","B","79","I know that i want to go to office every morning on that fixed time, still booking the cab everytime waiting for it","Getting around and vehicles"
"244","Getting a ride","No feeling","No feeling poster 1/6","assigned","AMCO auto battery","AMCO BATTERY.jpg","10","10","B","79","Traffic wasn't just slow, it was tense. Drivers were weaving without signaling, someone cut me off way too close, and a few rode my bumper trying to push me to speed up. I stayed on edge the whole drive, braking for near misses. By the time I arrived, I was rattled, not just tired.","Getting around and vehicles"
"245","Getting a ride","No feeling","No feeling poster 2/6","TO SOURCE","— TO SOURCE —","","10","1","B","79","when we are supposed to book a uber/rapido for a relative (senior citizen) who is in another location. Task involves keying in their current location, also keying in the destination location, then sharing the phone number of the person who is going to take the ride with the uber driver and also sharing the driver number as SMS with the relative (as they are not comfortable using smartphone). There is lot of coordination for this relative to get on the booker uber vehicle and reach the destination.","Getting around and vehicles"
"245","Getting a ride","No feeling","No feeling poster 2/6","TO SOURCE","— TO SOURCE —","","10","2","B","77","To find time for my hobbies and learning, have to get other things done or out of my way. So I make a list, negotiate with others in the family to take ownership of a few. Sometimes I pick up slowest commute mode to catch up on my stuff.","Learning and hobbies"
"245","Getting a ride","No feeling","No feeling poster 2/6","TO SOURCE","— TO SOURCE —","","10","3","B","77","""I was leaving work late and tried booking an Uber. Three drivers canceled in a row, the surge price doubled, and I ended up waiting on the road for 40 minutes just to get a ride back home.""","Getting around and vehicles"
"245","Getting a ride","No feeling","No feeling poster 2/6","TO SOURCE","— TO SOURCE —","","10","4","B","77","Its so hectic traveling around in a city all day. I would prefer a cab but that too takes too  much money and time","Getting around and vehicles"
"245","Getting a ride","No feeling","No feeling poster 2/6","TO SOURCE","— TO SOURCE —","","10","5","B","75","I was standing on a hot sidewalk at 6 PM, desperately trying to get home. I spent 20 minutes toggling between Uber, Ola, and Rapido, watching prices double, drivers accepting and sitting completely still for 10 minutes without moving, and three drivers calling to ask my exact drop location before canceling on me.","Getting around and vehicles"
"245","Getting a ride","No feeling","No feeling poster 2/6","TO SOURCE","— TO SOURCE —","","10","6","B","75","Cities are crowded, each place is miles apart and the fares are expensive. So, even if I wish to step out I don't due to the time, psychological and monetary cost.","Getting around and vehicles"
"245","Getting a ride","No feeling","No feeling poster 2/6","TO SOURCE","— TO SOURCE —","","10","7","B","75","Booking ticket, cancelling them and rescheduling and that too after days of discussion and confirmation yet omeone pop up that can we do it on thi date once it has been booked","Travel and holidays"
"245","Getting a ride","No feeling","No feeling poster 2/6","TO SOURCE","— TO SOURCE —","","10","8","B","75","It's just that travelling a long distance isn't really utilising time due to shaky rides, bumpy roads. Making it harder to do any task in that time period. So just staring or random nap shots is what really happen.","Getting around and vehicles"
"245","Getting a ride","No feeling","No feeling poster 2/6","TO SOURCE","— TO SOURCE —","","10","9","B","74","I was once driving and felt like k was going in reverse thanks to the traffic jam. Like reverse in time.","Getting around and vehicles"
"245","Getting a ride","No feeling","No feeling poster 2/6","TO SOURCE","— TO SOURCE —","","10","10","B","73","""I was on my phone during a lunch break at the Guwahati site office, logging into the EPFO portal to raise a transfer request from my old L&T UAN to my new employer's UAN. The form got auto-rejected twice, once because my father's name spelling didn't match between Aadhaar and PF records, and once because L&T's HR hadn't updated my exit date on their end yet. I ended up calling L&T's old HR desk from a construction site with jackhammers going in the background, then following up over email for three weeks while my own money just sat frozen in a UAN I could barely access. Eventually got it fixed, but it was three weeks of my own retirement savings being someone else's paperwork backlog.""","Money, investing and insurance"
"246","Getting a ride","No feeling","No feeling poster 3/6","TO SOURCE","— TO SOURCE —","","10","1","B","73","Requesting cabs, then waiting for confirmation, the driver cancels and then rebook again, also giving direction instructions","Getting around and vehicles"
"246","Getting a ride","No feeling","No feeling poster 3/6","TO SOURCE","— TO SOURCE —","","10","2","B","73","I travel a lot , and move cities too  Getting around in a new city  Cabs are the easiest way  But when it comes to finding a reasonably priced vehicle to own , things get tricky","Getting around and vehicles"
"246","Getting a ride","No feeling","No feeling poster 3/6","TO SOURCE","— TO SOURCE —","","10","3","B","72","I have to book Ola/Uber and spend time in travel which I could otherwise use productively","Getting around and vehicles"
"246","Getting a ride","No feeling","No feeling poster 3/6","TO SOURCE","— TO SOURCE —","","10","4","B","72","choosing uber or call a driver. depending on drinking plans or if someone stays sober. if all drunk, drive one way and use driver service on way back. see if using uber for both is cheaper or easier.","Getting around and vehicles"
"246","Getting a ride","No feeling","No feeling poster 3/6","TO SOURCE","— TO SOURCE —","","10","5","B","72","When I have to go for tuition or college, there is no direct auto. I have to ask my family for a drop, wait for them, and coordinate the timing. It wastes a lot of time.","Getting around and vehicles"
"246","Getting a ride","No feeling","No feeling poster 3/6","TO SOURCE","— TO SOURCE —","","10","6","B","72","expensive autos bad public transport and lacking metro infrastructure the roads bad the dust on the roads , no discipline by ppl on road traffic etc","Getting around and vehicles"
"246","Getting a ride","No feeling","No feeling poster 3/6","TO SOURCE","— TO SOURCE —","","10","7","B","72","Quality of cabs, finding addresses, food, hotel , packing and unpacking, hygiene","Travel and holidays"
"246","Getting a ride","No feeling","No feeling poster 3/6","TO SOURCE","— TO SOURCE —","","10","8","B","72","The traffic sucks. Clearly, everyone else wants to go out too. At the same time. Same days.","Going out and entertainment"
"246","Getting a ride","No feeling","No feeling poster 3/6","TO SOURCE","— TO SOURCE —","","10","9","B","71","The servicing of the vehicle, time for petrol break, and the traffic obv.","Getting around and vehicles"
"246","Getting a ride","No feeling","No feeling poster 3/6","TO SOURCE","— TO SOURCE —","","10","10","B","71","book rapido home to office and office to home and somewhere else if i need to go...can't help much here","Getting around and vehicles"
"247","Getting a ride","No feeling","No feeling poster 4/6","TO SOURCE","— TO SOURCE —","","10","1","B","71","Nothing specific. Just bad traffic management and inadequate infrastructure.","Getting around and vehicles"
"247","Getting a ride","No feeling","No feeling poster 4/6","TO SOURCE","— TO SOURCE —","","10","2","B","70","just the amount of productive time wasted in commuting in ncr. but i believe it is same in all metros","Getting around and vehicles"
"247","Getting a ride","No feeling","No feeling poster 4/6","TO SOURCE","— TO SOURCE —","","10","3","B","70","Sitting in traffic (Bangalore traffic) - just leave earlier, there isn't really a good work around is there?","Getting around and vehicles"
"247","Getting a ride","No feeling","No feeling poster 4/6","TO SOURCE","— TO SOURCE —","","10","4","B","70","It's always a task to get an uber and communicate the driver about my location.","Getting around and vehicles"
"247","Getting a ride","No feeling","No feeling poster 4/6","TO SOURCE","— TO SOURCE —","","10","5","B","70","Using navigation and planning around traffic and parking availability.","Getting around and vehicles"
"247","Getting a ride","No feeling","No feeling poster 4/6","TO SOURCE","— TO SOURCE —","","10","6","B","70","Getting a cab is fine but then they want to negotiate the price up.","Getting around and vehicles"
"247","Getting a ride","No feeling","No feeling poster 4/6","TO SOURCE","— TO SOURCE —","","10","7","B","70","Traffic jams, heavy rains and big cars on smaller roads take the most out of any one living in metros","Getting around and vehicles"
"247","Getting a ride","No feeling","No feeling poster 4/6","TO SOURCE","— TO SOURCE —","","10","8","B","69","""I was standing on the curb outside my apartment at 8:45 AM in the rain, watching my rideshare app surge to triple the normal fare while three consecutive drivers accepted and then canceled on me. I had to sprint to the nearest bus stop with a broken umbrella, arrived at my meeting twenty minutes late, completely soaked, and spent the entire morning sitting in damp clothes.""","Getting around and vehicles"
"247","Getting a ride","No feeling","No feeling poster 4/6","TO SOURCE","— TO SOURCE —","","10","9","B","69","During vacations, getting rental car at a reasonable rate. Uber/ola getting cancelled or demanding higher fare. Getting good car insurance at attractive rate. Car service/cleaning/detailing booking, pick/drop. Keeping fastag balance filled","Getting around and vehicles"
"247","Getting a ride","No feeling","No feeling poster 4/6","TO SOURCE","— TO SOURCE —","","10","10","B","68","It’s just having to rely on cabs or Ubers since I don’t know driving and prefer not to drive in Bangalore roads","Getting around and vehicles"
"248","Getting a ride","No feeling","No feeling poster 5/6","TO SOURCE","— TO SOURCE —","","10","1","B","68","im not interested in driving. but i have to","Getting around and vehicles"
"248","Getting a ride","No feeling","No feeling poster 5/6","TO SOURCE","— TO SOURCE —","","10","2","B","68","The city's traffic, its roads and general lack of people's civic sense on road.","Getting around and vehicles"
"248","Getting a ride","No feeling","No feeling poster 5/6","TO SOURCE","— TO SOURCE —","","10","3","B","68","Buying diapers by subscribing but later realising i need it much earlier. Cancelling and rescheduling subscriptions based on dynamic requirements","Shopping and deals"
"248","Getting a ride","No feeling","No feeling poster 5/6","TO SOURCE","— TO SOURCE —","","10","4","B","67","I use my one hr on the metro everyday for reading. I find that I need an extra 30 mins to play music but I don’t get that. So yeah I’m midway on this one.","Learning and hobbies"
"248","Getting a ride","No feeling","No feeling poster 5/6","TO SOURCE","— TO SOURCE —","","10","5","B","67","In the raining season I go on my vehicle to the college ,while going some mud water may spill on me by the other vehicles are going","Getting around and vehicles"
"248","Getting a ride","No feeling","No feeling poster 5/6","TO SOURCE","— TO SOURCE —","","10","6","B","67","To find a Rapido everyday to commute between my PG and office and it's very time taking and uncertain process😫","Getting around and vehicles"
"248","Getting a ride","No feeling","No feeling poster 5/6","TO SOURCE","— TO SOURCE —","","10","7","B","67","It's the usual uncertainty of getting a vehicle at a reliable rate at fixed time.","Getting around and vehicles"
"248","Getting a ride","No feeling","No feeling poster 5/6","TO SOURCE","— TO SOURCE —","","10","8","B","66","Getting around - the public transport is super crowded and private transport is expensive.","Getting around and vehicles"
"248","Getting a ride","No feeling","No feeling poster 5/6","TO SOURCE","— TO SOURCE —","","10","9","B","66","I travel a lot within city around traffic","Getting around and vehicles"
"248","Getting a ride","No feeling","No feeling poster 5/6","TO SOURCE","— TO SOURCE —","","10","10","B","66","I need to go to college everyday, its about one hour of drive from here. I feel tired when I am doing that.","Getting around and vehicles"
"249","Getting a ride","No feeling","No feeling poster 6/6","TO SOURCE","— TO SOURCE —","","4","1","B","66","bangalore traffic and the dissuading effect it has on stepping out at all","Getting around and vehicles"
"249","Getting a ride","No feeling","No feeling poster 6/6","TO SOURCE","— TO SOURCE —","","4","2","B","65","Need to decide on where to go, how to get there, cab, auto, metro, how many people can make it.","Going out and entertainment"
"249","Getting a ride","No feeling","No feeling poster 6/6","TO SOURCE","— TO SOURCE —","","4","3","B","65","delhi traffic and lack of civic sense in idiots on road","Getting around and vehicles"
"249","Getting a ride","No feeling","No feeling poster 6/6","TO SOURCE","— TO SOURCE —","","4","4","B","65","Lack of predictability on both punctuality and pricing. Also, no shows/cancellations are very common","Getting around and vehicles"
"250","Miscellaneous","Frustration","Frustration poster 1/2","assigned","Indian Air Force recruitment (generic / catch-all)","indian air force.jpeg","10","1","A","85","I bought an Prime subscription expecting a great library, but I spend more time scrolling than actually watching anything. I sat for nearly an hour trying to find a decent movie or web series I hadn't already seen. Most of the good titles require an extra add-on channel subscription or cost extra to rent. I ended up shutting off the TV out of frustration because it felt like a total waste of money.","Going out and entertainment"
"250","Miscellaneous","Frustration","Frustration poster 1/2","assigned","Indian Air Force recruitment (generic / catch-all)","indian air force.jpeg","10","2","A","85","Choosing which movie to watch is an easy choice but it is difficult to decide where to watch and when to watch when you have a big friend circle. Need to check everytime who all are in for the plan and on what date and time. Now I have stopped asking, I simply announce that I am watching ABC movie on XY day, 2-3 people are already in for the plan, let me know in next couple of hours who else wants in. We always miss out on 1-2 people with this process but I can't take the headache anymore.","Going out and entertainment"
"250","Miscellaneous","Frustration","Frustration poster 1/2","assigned","Indian Air Force recruitment (generic / catch-all)","indian air force.jpeg","10","3","B","76","its mainly the bill keeping,warranty tracking,ledger keeping , keeping up with financial new and checking the loopholes in all the schemes that annoys me when it comes to finance","Money, investing and insurance"
"250","Miscellaneous","Frustration","Frustration poster 1/2","assigned","Indian Air Force recruitment (generic / catch-all)","indian air force.jpeg","10","4","B","76","I had to deal with a bank-related task that required updating documents and submitting the same information more than once. I had to check which documents were required, fill out the forms, visit the branch, and then follow up because I wasn't sure whether everything had been processed. The frustrating part was not knowing what exactly was pending or whom I needed to contact.","Money, investing and insurance"
"250","Miscellaneous","Frustration","Frustration poster 1/2","assigned","Indian Air Force recruitment (generic / catch-all)","indian air force.jpeg","10","5","B","76","Whenever I think of going out on weekend, I have to search up google asking ""what are fun activities near me"" but ansers are not satisfactory and I can't give nuances to what kind of activities I want. And going through bookmyshow or district also looks cumbersome to me so and agent to whom I can talk and tell everything what I actually want and it returing with my requests would be helpful.","Going out and entertainment"
"250","Miscellaneous","Frustration","Frustration poster 1/2","assigned","Indian Air Force recruitment (generic / catch-all)","indian air force.jpeg","10","6","B","74","Going out for a movie, deciding on what seats to book. A weekend show will barely have good seats and the entire experience gets ruined after you have a pain in the neck post watching the movie in the lower rows.","Going out and entertainment"
"250","Miscellaneous","Frustration","Frustration poster 1/2","assigned","Indian Air Force recruitment (generic / catch-all)","indian air force.jpeg","10","7","B","73","How to decide asset type and allocation, then execution is also a pain","Money, investing and insurance"
"250","Miscellaneous","Frustration","Frustration poster 1/2","assigned","Indian Air Force recruitment (generic / catch-all)","indian air force.jpeg","10","8","B","72","Like deciding what to do for entertainment, which movie to pick, which stand up to go for. Since everything costs money, the entire process becomes a well thought plan than impromptu","Going out and entertainment"
"250","Miscellaneous","Frustration","Frustration poster 1/2","assigned","Indian Air Force recruitment (generic / catch-all)","indian air force.jpeg","10","9","B","67","A similar problem occurred recently when I was trying to organize a dinner and movie night for me and some of my friends. The difficult part was synchronizing the schedule among all of us. One couldn’t be free until later in the evening, another preferred a different restaurant, and so we were negotiating via group messaging. But when we finally reached an agreement, it was necessary to verify the timing of movies and availability at the chosen restaurant once again.","Going out and entertainment"
"250","Miscellaneous","Frustration","Frustration poster 1/2","assigned","Indian Air Force recruitment (generic / catch-all)","indian air force.jpeg","10","10","B","67","Coordinating a plan with my friends is a nightmare","Going out and entertainment"
"251","Miscellaneous","Frustration","Frustration poster 2/2","assigned","Roneo Vickers office filing","RONEO VICKERS filing company.jpg","5","1","B","67","I am a movie buff and reel addict so i spend most of my time consuming entertainment from all the available sources","Going out and entertainment"
"251","Miscellaneous","Frustration","Frustration poster 2/2","assigned","Roneo Vickers office filing","RONEO VICKERS filing company.jpg","5","2","B","67","just went for a hangout with one of my female friends after a very tiring day at office .","Going out and entertainment"
"251","Miscellaneous","Frustration","Frustration poster 2/2","assigned","Roneo Vickers office filing","RONEO VICKERS filing company.jpg","5","3","B","66","It always feels there are such limited options and it’s difficult to simply plan a outing without it being expensive/indulgent","Going out and entertainment"
"251","Miscellaneous","Frustration","Frustration poster 2/2","assigned","Roneo Vickers office filing","RONEO VICKERS filing company.jpg","5","4","B","66","I find joy in sitting at home, but it gets boring and makes me dull. I don’t find the need to go out because I never have and it’s exhausting to find activities to that are not group-activities but are fun.","Going out and entertainment"
"251","Miscellaneous","Frustration","Frustration poster 2/2","assigned","Roneo Vickers office filing","RONEO VICKERS filing company.jpg","5","5","B","65","I don't like going through the financial terms","Money, investing and insurance"
"252","Miscellaneous","Overwhelm","Overwhelm poster","assigned","Sunlit filter paper — niche","SUNLIT FILTER PAPER.jpg","8","1","A","86","A group of us from MBA batch planned to catch a movie one evening. By the time everyone confirmed and we tried booking, the show we wanted was sold out. We ended up in a WhatsApp thread going back and forth for 3 hours trying to find a time and place that worked for everyone, and by the end half the group had lost interest and it nearly fell through.","Going out and entertainment"
"252","Miscellaneous","Overwhelm","Overwhelm poster","assigned","Sunlit filter paper — niche","SUNLIT FILTER PAPER.jpg","8","2","B","75","There is too much nuance and jargon which fries my brain. It needs a lot of effort to discern. It typically takes days of research to figure out what to do or even how to think of it.  Last time I was making a money decision, I had to take days to understand what the product actually is and how I should think and decide. I had to speak to multiple people and still make a decision slightly blindsided.","Money, investing and insurance"
"252","Miscellaneous","Overwhelm","Overwhelm poster","assigned","Sunlit filter paper — niche","SUNLIT FILTER PAPER.jpg","8","3","B","74","I need to manually check the movie schedules by opening the page of multiple cinema halls. if i ever had any agent that shows me that at this time XYZ movies will be played in all the  cinemas around 5km radius","Going out and entertainment"
"252","Miscellaneous","Overwhelm","Overwhelm poster","assigned","Sunlit filter paper — niche","SUNLIT FILTER PAPER.jpg","8","4","B","73","I have no idea what to do with my friends every time i go out. I'm sure we have a lot in common but it'll take too much time to discuss and find that out.","Going out and entertainment"
"252","Miscellaneous","Overwhelm","Overwhelm poster","assigned","Sunlit filter paper — niche","SUNLIT FILTER PAPER.jpg","8","5","B","72","like some times it feels repetative and feels like we don't have much new thing to do this time and same goes when we wanna explore a new place we don't know much about it and don't know where to start","Going out and entertainment"
"252","Miscellaneous","Overwhelm","Overwhelm poster","assigned","Sunlit filter paper — niche","SUNLIT FILTER PAPER.jpg","8","6","B","69","Dealing with multiple advisors, non-standard reports, lack of a consolidated one-view and good digital support or app","Money, investing and insurance"
"252","Miscellaneous","Overwhelm","Overwhelm poster","assigned","Sunlit filter paper — niche","SUNLIT FILTER PAPER.jpg","8","7","B","66","i dont have the time or energy to research the various options nad deciding is very tyring when i dotn have clear information","Money, investing and insurance"
"252","Miscellaneous","Overwhelm","Overwhelm poster","assigned","Sunlit filter paper — niche","SUNLIT FILTER PAPER.jpg","8","8","B","66","again too many choices, variables and not able to satisfy myself or not getting the value i paid for.","Going out and entertainment"
"253","Miscellaneous","Repetitive","Repetitive poster","TO SOURCE","— TO SOURCE —","","7","1","B","79","Managing my expenses as a student. Asking for money to parents again and again as it gets over.","Money, investing and insurance"
"253","Miscellaneous","Repetitive","Repetitive poster","TO SOURCE","— TO SOURCE —","","7","2","B","74","Finding good plays and events. Have to look through Instagram, BookMyShow etc. very repetitive","Going out and entertainment"
"253","Miscellaneous","Repetitive","Repetitive poster","TO SOURCE","— TO SOURCE —","","7","3","B","73","At events involving family gatherings , everyone trying to talk to you about the same thing again and again tires me a lot and that makes me feel "" don't they know I have a life outside of my college placement cell aswell""","Going out and entertainment"
"253","Miscellaneous","Repetitive","Repetitive poster","TO SOURCE","— TO SOURCE —","","7","4","B","69","Keeping track of expiries and due dates and paying them. Checking bank has enough balance to prevent charges.","Money, investing and insurance"
"253","Miscellaneous","Repetitive","Repetitive poster","TO SOURCE","— TO SOURCE —","","7","5","B","69","I want to keep track of everything - all my finances in one place. Give me nudges based on my activity, etc.","Money, investing and insurance"
"253","Miscellaneous","Repetitive","Repetitive poster","TO SOURCE","— TO SOURCE —","","7","6","B","69","I mean just finding interesting new stuff happening every week and scrolling between Book My Show, District, etc.","Going out and entertainment"
"253","Miscellaneous","Repetitive","Repetitive poster","TO SOURCE","— TO SOURCE —","","7","7","B","65","This is not really a chore or a mess. This comes naturally to me so I even dream about it in my sleep.","Money, investing and insurance"
"254","Miscellaneous","Procrastinate","Procrastinate poster","TO SOURCE","— TO SOURCE —","","1","1","B","71","researching particular things and managing daily chores delays my learning.","Money, investing and insurance"
"255","Miscellaneous","No feeling","No feeling poster 1/4","TO SOURCE","— TO SOURCE —","","10","1","A","80","FOMO and always thinking about it before making any decisions and planning for future expenses or sudden requirements and not able to plan or stay safe from variables involving money.","Money, investing and insurance"
"255","Miscellaneous","No feeling","No feeling poster 1/4","TO SOURCE","— TO SOURCE —","","10","2","B","79","I was trying to plan an outing with friends and ended up jumping between WhatsApp, Instagram and Google Maps to decide where to go, what to do and whether everyone was actually available. By the time we figured it out, half the plan had changed anyway.","Going out and entertainment"
"255","Miscellaneous","No feeling","No feeling poster 1/4","TO SOURCE","— TO SOURCE —","","10","3","B","78","I find that during the week I am too tired or my mind is already too busy to plan for the weekend or go out. As a result, when weekend actually comes, I have no plan and end up staying at home watching television.","Going out and entertainment"
"255","Miscellaneous","No feeling","No feeling poster 1/4","TO SOURCE","— TO SOURCE —","","10","4","B","76","First of all getting ready everytime, deciding new and different clothes for new photos, deciding new poses then decide new songs for stories on Instagram. Then a lot of money gets wasted as they say let's go to some good place.","Going out and entertainment"
"255","Miscellaneous","No feeling","No feeling poster 1/4","TO SOURCE","— TO SOURCE —","","10","5","B","76","I have to track the plays and shows of my favourite artists. Sometimes I miss and show is houseful or good seats get taken","Going out and entertainment"
"255","Miscellaneous","No feeling","No feeling poster 1/4","TO SOURCE","— TO SOURCE —","","10","6","B","75","Unconsolidated report of my expenses(along with info about on what did i spend the money).","Money, investing and insurance"
"255","Miscellaneous","No feeling","No feeling poster 1/4","TO SOURCE","— TO SOURCE —","","10","7","B","74","i dont have time for this. But when i have time it becomes boring to watch the movie or anime alone.","Going out and entertainment"
"255","Miscellaneous","No feeling","No feeling poster 1/4","TO SOURCE","— TO SOURCE —","","10","8","B","73","Managing our expenses for day to day living.","Money, investing and insurance"
"255","Miscellaneous","No feeling","No feeling poster 1/4","TO SOURCE","— TO SOURCE —","","10","9","B","73","it is reall ain't a task, just ensuring everyone reaches on time ...","Going out and entertainment"
"255","Miscellaneous","No feeling","No feeling poster 1/4","TO SOURCE","— TO SOURCE —","","10","10","B","72","i need to start making money that's about it.","Money, investing and insurance"
"256","Miscellaneous","No feeling","No feeling poster 2/4","TO SOURCE","— TO SOURCE —","","10","1","B","71","Today only I went for qawwali night by Nizam Bandhu, it was so goooooodd","Going out and entertainment"
"256","Miscellaneous","No feeling","No feeling poster 2/4","TO SOURCE","— TO SOURCE —","","10","2","B","71","Finding reliable and powerful sources that would help me learn more about the field. I get the interest coursing and then as soon as I go and search up something in the field I want to learn about I have to check the comments and verify the peoples opinions on the media and then make a decision on wether to go ahead and consume the channel or wether to use my time in finding something better","Money, investing and insurance"
"256","Miscellaneous","No feeling","No feeling poster 2/4","TO SOURCE","— TO SOURCE —","","10","3","B","71","I love to go out but,its expensive","Going out and entertainment"
"256","Miscellaneous","No feeling","No feeling poster 2/4","TO SOURCE","— TO SOURCE —","","10","4","B","71","I can not get off my laptop,Netflix,prime,jio….","Going out and entertainment"
"256","Miscellaneous","No feeling","No feeling poster 2/4","TO SOURCE","— TO SOURCE —","","10","5","B","71","I have been trying to save for quite some time now, but whenever I try to manage some amount, I see some cool thing, and I buy it :(.","Money, investing and insurance"
"256","Miscellaneous","No feeling","No feeling poster 2/4","TO SOURCE","— TO SOURCE —","","10","6","B","71","I want to save my money so I downloaded the zeroda and kite aap but the app was untouched for months and i eventually deleted it.","Money, investing and insurance"
"256","Miscellaneous","No feeling","No feeling poster 2/4","TO SOURCE","— TO SOURCE —","","10","7","B","70","Mostly planning and logistics with other of my friends to decide the time and place","Going out and entertainment"
"256","Miscellaneous","No feeling","No feeling poster 2/4","TO SOURCE","— TO SOURCE —","","10","8","B","70","When I have to move money from an underperforming asset. Where to move? How to determine whether it’s underperforming to begin with","Money, investing and insurance"
"256","Miscellaneous","No feeling","No feeling poster 2/4","TO SOURCE","— TO SOURCE —","","10","9","B","70","I work on deals at work. Doing it again for my own self feels like doing twice the work. An analyst telling me options and asking me to choose is easier. I can assess risk and reward and allocate","Money, investing and insurance"
"256","Miscellaneous","No feeling","No feeling poster 2/4","TO SOURCE","— TO SOURCE —","","10","10","B","70","Planning a place and time to meet and then finding out most of the time the place was not worth the hype","Going out and entertainment"
"257","Miscellaneous","No feeling","No feeling poster 3/4","TO SOURCE","— TO SOURCE —","","10","1","B","69","I like going to cafes' and other places but I don't have the time and group to do this with.","Going out and entertainment"
"257","Miscellaneous","No feeling","No feeling poster 3/4","TO SOURCE","— TO SOURCE —","","10","2","B","69","Trying to find something new to do that doesn't break bank but all the influencers and AI tools have the same old suggestions. Also getting everyone in the group chat to approve a plan, scheduling according to everyone's preferences and making any final decision takes so long that we just end up staying in instead.","Going out and entertainment"
"257","Miscellaneous","No feeling","No feeling poster 3/4","TO SOURCE","— TO SOURCE —","","10","3","B","69","what to watch on netflix. takes half an hour switching between hotstar or prime. finally play old malayalam movie on youtube.","Going out and entertainment"
"257","Miscellaneous","No feeling","No feeling poster 3/4","TO SOURCE","— TO SOURCE —","","10","4","B","69","It takes planning and I'm a homebody so I'll always look for something I can do at home than going out.","Going out and entertainment"
"257","Miscellaneous","No feeling","No feeling poster 3/4","TO SOURCE","— TO SOURCE —","","10","5","B","68","finding what is happening where this weekend. District and bookmyshow have only a fraction of the things out there","Going out and entertainment"
"257","Miscellaneous","No feeling","No feeling poster 3/4","TO SOURCE","— TO SOURCE —","","10","6","B","68","sarcastically i do no how my pocket money became zero at end of my month","Money, investing and insurance"
"257","Miscellaneous","No feeling","No feeling poster 3/4","TO SOURCE","— TO SOURCE —","","10","7","B","68","I want to participate in this process, but cant","Money, investing and insurance"
"257","Miscellaneous","No feeling","No feeling poster 3/4","TO SOURCE","— TO SOURCE —","","10","8","B","68","If I am thinking of doing something over the weekend, I need to keep scanning all that is happening and then if I zero in on something, either the tickets have got sold out or become too expensive,.","Going out and entertainment"
"257","Miscellaneous","No feeling","No feeling poster 3/4","TO SOURCE","— TO SOURCE —","","10","9","B","67","i want to but cant seem to find time for it","Going out and entertainment"
"257","Miscellaneous","No feeling","No feeling poster 3/4","TO SOURCE","— TO SOURCE —","","10","10","B","67","No i just like going out and planning outings and thats a coolest part of my day","Going out and entertainment"
"258","Miscellaneous","No feeling","No feeling poster 4/4","TO SOURCE","— TO SOURCE —","","9","1","B","67","Sometimes after a long day - all you need is a rewind with myself.","Going out and entertainment"
"258","Miscellaneous","No feeling","No feeling poster 4/4","TO SOURCE","— TO SOURCE —","","9","2","B","66","I was saving for my future self, by torturing my present self.","Money, investing and insurance"
"258","Miscellaneous","No feeling","No feeling poster 4/4","TO SOURCE","— TO SOURCE —","","9","3","B","66","I am still a student and looking to earn.","Money, investing and insurance"
"258","Miscellaneous","No feeling","No feeling poster 4/4","TO SOURCE","— TO SOURCE —","","9","4","B","66","I think of the work that I need to do that pushes of the entertainment time","Going out and entertainment"
"258","Miscellaneous","No feeling","No feeling poster 4/4","TO SOURCE","— TO SOURCE —","","9","5","B","66","Finding the exact windows that suits everyone and hoping nothing unexpected comes in mine or their schedule. Having to wait for a table at places that only accept walk ins.","Going out and entertainment"
"258","Miscellaneous","No feeling","No feeling poster 4/4","TO SOURCE","— TO SOURCE —","","9","6","B","66","My answer:-I am always searching for a good restaurant, asking for friends for recommendation","Going out and entertainment"
"258","Miscellaneous","No feeling","No feeling poster 4/4","TO SOURCE","— TO SOURCE —","","9","7","B","66","No good movies or places to go in our city, but we really needed a break","Going out and entertainment"
"258","Miscellaneous","No feeling","No feeling poster 4/4","TO SOURCE","— TO SOURCE —","","9","8","B","65","The main problem of going out is money and convincing my friends to come out of their fricking rooms","Going out and entertainment"
"258","Miscellaneous","No feeling","No feeling poster 4/4","TO SOURCE","— TO SOURCE —","","9","9","B","65","ive been to clubs every other weekend and now im  tired of it","Going out and entertainment"
