What's your relationship to renting in Bengaluru right now?,Where do you live in Bangalore?,"When your rent was last renewed, how much did it go up?","When your landlord last hiked the rent, what happened?",The security deposit you paid was roughly…,Moved somewhere with a much longer commute,Downgraded to a smaller/older place,Took on flatmates I'd rather not have,Dipped into savings to keep up,Delayed other financial goals,None of these,What's the most you'd pay in rent before you'd rather just leave Bengaluru?,Do you think Bengaluru should put a limit on how much rent can go up?,Roughly what share of your monthly take-home pay goes towards rent?,What do you think is the biggest reason Bengaluru rents have risen?,What is the hardest part of renting in Bengaluru today?,How old are you?,What best describes your work right now?,Response Type
I pay rent,"East (Whitefield, Marathahalli, KR Puram)",Haven't renewed / not applicable,Haven't faced a rent hike,3–5 months,Moved somewhere with a much longer commute,,,,,,Another 10% and I'm out,Strongly agree,20–30%,IT salaries,"Looking for a house that can offer all of the features such as affordability and connectivity in terms of area where you living, you have to take a call on which is the driving factor for the decision you made",25 – 34,Mid career,completed
I pay rent,"East (Whitefield, Marathahalli, KR Puram)",Up to 10%,I negotiated it down,3–5 months,,,,,,None of these,Another 25%,Strongly agree,Under 20%,Too many people moving here,10% increment every year,35 – 44,Mid career,completed
I pay rent,"Central (Indiranagar, Koramangala, MG Road area)",Up to 10%,Haven't faced a rent hike,6–8 months,,,,,Delayed other financial goals,,Another 10% and I'm out,Strongly agree,Under 20%,Landlords taking advantage,"Finding a house within your budget in a locality where it has the following no basic amenities -> car parking, power backup, security, elevator & 24x7 water supply",25 – 34,Mid career,completed
I pay rent,"East (Whitefield, Marathahalli, KR Puram)",Up to 10%,I negotiated it down,3–5 months,,,,,,None of these,I'll pay whatever it takes to stay,Agree,Under 20%,Too many people moving here,,35 – 44,Mid career,completed
I pay rent,"East (Whitefield, Marathahalli, KR Puram)",Up to 10%,"I paid it, no discussion",6–8 months,Moved somewhere with a much longer commute,,,,,,I'd never leave over rent,Strongly agree,Under 20%,IT salaries,"Landlords increasing rents arbitrarily (and not in a time-bound manner) based on prevailing rents in the locality in complete disregard of other factors like quality of interiors, amenities, etc. of the houses charging such high rents.",35 – 44,Self-employed / run my own business,completed
I pay rent,"South (HSR, BTM, Jayanagar, JP Nagar)",Up to 10%,"I pushed back, and they didn't budge",9–10 months,Moved somewhere with a much longer commute,Downgraded to a smaller/older place,,,,,Another 10% and I'm out,Agree,20–30%,Landlords taking advantage,,25 – 34,Mid career,completed
I pay rent,"Central (Indiranagar, Koramangala, MG Road area)",It didn't go up,"I paid it, no discussion",3–5 months,,,,Dipped into savings to keep up,Delayed other financial goals,,Another 25%,Strongly agree,Under 20%,Landlords taking advantage,,25 – 34,Mid career,completed
I pay rent,"East (Whitefield, Marathahalli, KR Puram)",Up to 10%,"I pushed back, and they didn't budge",3–5 months,,,Took on flatmates I'd rather not have,,,,Another 10% and I'm out,Agree,20–30%,Brokers,Water issues in Whitefield plays a big role when switching flats in that area.,25 – 34,Mid career,completed
I pay rent,"South (HSR, BTM, Jayanagar, JP Nagar)",It didn't go up,Haven't faced a rent hike,3–5 months,,,,,,None of these,I'd never leave over rent,Strongly agree,Under 20%,Brokers,There are rent laws on security deposits but no one honors it. Am I supposed to go to indian courts for it? It is clearly written in contract rent and deposit. The law seems toothless,25 – 34,Senior career,completed
I pay rent,"South (HSR, BTM, Jayanagar, JP Nagar)",Up to 10%,"I paid it, no discussion",3–5 months,,,,,,None of these,I'd never leave over rent,Not sure,Under 20%,Landlords taking advantage,Reason 1: Increase in property prices resulting in higher rents.   Reason 2: Rents are being inflated by brokers for commission. Reason 3: Landlords tasted success with renting 1 room for 25 to 50K to 3 people rather than for single tenant.,35 – 44,Senior career,completed
I pay rent,"East (Whitefield, Marathahalli, KR Puram)",Up to 10%,"I paid it, no discussion",3–5 months,,,,,,None of these,Another 25%,Strongly agree,Under 20%,Too many people moving here,Matching house expectations with commute distance,25 – 34,Mid career,completed
I pay rent,"East (Whitefield, Marathahalli, KR Puram)",11–20%,"I pushed back, and they didn't budge",3–5 months,,,,Dipped into savings to keep up,Delayed other financial goals,,I'll pay whatever it takes to stay,Strongly agree,Under 20%,Landlords taking advantage,That I've to see it go away from my account !!,35 – 44,Senior career,completed
I pay rent,"South (HSR, BTM, Jayanagar, JP Nagar)",It didn't go up,"I pushed back, and they didn't budge",1–2 months' rent,,,,Dipped into savings to keep up,,,I'm already past my limit,Strongly agree,20–30%,Landlords taking advantage,Getting fleeced by landlords and brokers,25 – 34,Early career,completed
I pay rent,"South (HSR, BTM, Jayanagar, JP Nagar)",Up to 10%,"I paid it, no discussion",3–5 months,,,,,,None of these,I'd never leave over rent,Disagree,Under 20%,Too many people moving here,Finding an affordable place close enough to your workplace,25 – 34,Early career,completed
I pay rent,"South (HSR, BTM, Jayanagar, JP Nagar)",Up to 10%,"I pushed back, and they didn't budge",6–8 months,,,,,,None of these,Another 10% and I'm out,Strongly agree,Under 20%,Too many people moving here,Traffic and high rentals,35 – 44,Mid career,completed
I pay rent,"South (HSR, BTM, Jayanagar, JP Nagar)",Up to 10%,"I paid it, no discussion",9–10 months,,,,,,None of these,I'll pay whatever it takes to stay,Strongly disagree,Under 20%,IT salaries,,45 – 54,Self-employed / run my own business,completed
I pay rent,"Central (Indiranagar, Koramangala, MG Road area)",21–40%,I negotiated it down,1–2 months' rent,,,,,Delayed other financial goals,,Another 10% and I'm out,Strongly agree,20–30%,IT salaries,"Finding the place, brokerage,",25 – 34,Mid career,completed
I pay rent,"Central (Indiranagar, Koramangala, MG Road area)",11–20%,"I pushed back, and they didn't budge",More than 10 months,,,,Dipped into savings to keep up,Delayed other financial goals,,I'd never leave over rent,Strongly agree,20–30%,IT salaries,,35 – 44,Mid career,completed
I pay rent,"South (HSR, BTM, Jayanagar, JP Nagar)",Up to 10%,"I paid it, no discussion",1–2 months' rent,,,,,,None of these,Another 25%,Strongly disagree,Under 20%,Not enough housing,,25 – 34,Mid career,completed
I pay rent,"South (HSR, BTM, Jayanagar, JP Nagar)",11–20%,"I pushed back, and they didn't budge",3–5 months,,,,,Delayed other financial goals,,I'll pay whatever it takes to stay,Strongly agree,20–30%,IT salaries,,25 – 34,Mid career,completed
I pay rent,"Central (Indiranagar, Koramangala, MG Road area)",Up to 10%,I walked/moved out over it,More than 10 months,,Downgraded to a smaller/older place,,,,,I'm already past my limit,Strongly agree,30–40%,Landlords taking advantage,Discrimination,25 – 34,Mid career,completed
I pay rent,"South (HSR, BTM, Jayanagar, JP Nagar)",Up to 10%,"I paid it, no discussion",More than 10 months,,,,,,None of these,Another 25%,Agree,Under 20%,Landlords taking advantage,bachelors and vegetarian,35 – 44,Senior career,completed
I pay rent,"East (Whitefield, Marathahalli, KR Puram)",Up to 10%,"I paid it, no discussion",6–8 months,,,,,,None of these,Another 25%,Strongly agree,20–30%,Not enough housing,,25 – 34,Self-employed / run my own business,completed
I pay rent,"East (Whitefield, Marathahalli, KR Puram)",11–20%,"I pushed back, and they didn't budge",6–8 months,Moved somewhere with a much longer commute,,,,,,Another 25%,Disagree,Under 20%,Landlords taking advantage,Finding good home owner,35 – 44,Mid career,completed
I pay rent,Outer / just outside city limits,11–20%,"I paid it, no discussion",6–8 months,,Downgraded to a smaller/older place,,,,,Another 10% and I'm out,Strongly agree,30–40%,Brokers,,35 – 44,Mid career,completed
I pay rent,"East (Whitefield, Marathahalli, KR Puram)",Up to 10%,"I pushed back, and they didn't budge",3–5 months,,,,,,None of these,Another 25%,Strongly agree,Under 20%,Too many people moving here,,25 – 34,Mid career,completed
I pay rent,"South (HSR, BTM, Jayanagar, JP Nagar)",Up to 10%,"I paid it, no discussion",3–5 months,Moved somewhere with a much longer commute,Downgraded to a smaller/older place,,,,,Another 10% and I'm out,Strongly disagree,Under 20%,Too many people moving here,"Security advance, Refund deduction while vacating, Brokerage, Closer to work location",35 – 44,Mid career,completed
I pay rent,"South (HSR, BTM, Jayanagar, JP Nagar)",Up to 10%,"I paid it, no discussion",3–5 months,,,,,Delayed other financial goals,,Another 10% and I'm out,Strongly agree,20–30%,Too many people moving here,Finding ways to avoid traffic to office while finding rental home,25 – 34,Mid career,completed
I pay rent,"West (Rajajinagar, Malleshwaram, Vijayanagar)",Up to 10%,"I paid it, no discussion",1–2 months' rent,Moved somewhere with a much longer commute,,,,,,Another 25%,Agree,Under 20%,Landlords taking advantage,Finding a house,35 – 44,Mid career,completed
I pay rent,"Central (Indiranagar, Koramangala, MG Road area)",Haven't renewed / not applicable,I negotiated it down,3–5 months,,,,,,None of these,I'd never leave over rent,Strongly agree,Under 20%,Landlords taking advantage,,Under 25,Early career,completed
I pay rent,"South (HSR, BTM, Jayanagar, JP Nagar)",21–40%,I negotiated it down,3–5 months,Moved somewhere with a much longer commute,Downgraded to a smaller/older place,,,,,I'd never leave over rent,Strongly agree,Under 20%,Too many people moving here,,25 – 34,Early career,completed
I pay rent,"Central (Indiranagar, Koramangala, MG Road area)",Up to 10%,"I paid it, no discussion",3–5 months,,,,Dipped into savings to keep up,,,Another 25%,Strongly agree,20–30%,Too many people moving here,paying brokerage and high deposits,25 – 34,Student,completed
I pay rent,"Central (Indiranagar, Koramangala, MG Road area)",11–20%,"I pushed back, and they didn't budge",3–5 months,,,,,,None of these,Another 25%,Strongly agree,Under 20%,Landlords taking advantage,"If both husband and wife working, it is difficult to find a flat which is not leading to 60+ minutes commute one way, in a budget one is comfortable.",35 – 44,Mid career,completed
I pay rent,"East (Whitefield, Marathahalli, KR Puram)",11–20%,"I paid it, no discussion",3–5 months,,,,Dipped into savings to keep up,Delayed other financial goals,,I'll pay whatever it takes to stay,Not sure,20–30%,Landlords taking advantage,Lack of good homes,25 – 34,Mid career,completed
I pay rent,"East (Whitefield, Marathahalli, KR Puram)",Up to 10%,"I paid it, no discussion",3–5 months,,Downgraded to a smaller/older place,,,,,Another 25%,Disagree,Under 20%,Not enough housing,"Finding a decent place  (ventilation, connectivity, allows batchelors)",25 – 34,Early career,completed
I pay rent,"North (Hebbal, Yelahanka, Airport side)",Up to 10%,"I paid it, no discussion",6–8 months,,,,,Delayed other financial goals,,Another 25%,Strongly agree,40–50%,Too many people moving here,Wanting to upgrade to a better house with evolving is not a possibility. Even after 5 treats.,25 – 34,Mid career,completed
I pay rent,"South (HSR, BTM, Jayanagar, JP Nagar)",11–20%,"I pushed back, and they didn't budge",3–5 months,Moved somewhere with a much longer commute,Downgraded to a smaller/older place,,,Delayed other financial goals,,Another 25%,Strongly agree,20–30%,Landlords taking advantage,,25 – 34,Mid career,completed
I pay rent,"South (HSR, BTM, Jayanagar, JP Nagar)",Haven't renewed / not applicable,Haven't faced a rent hike,3–5 months,,,,,,None of these,Another 25%,Strongly agree,Under 20%,Too many people moving here,Finding the balance between price and quality,35 – 44,Senior career,completed
I pay rent,"Central (Indiranagar, Koramangala, MG Road area)",Up to 10%,"I paid it, no discussion",3–5 months,,,,,Delayed other financial goals,,I'm already past my limit,Strongly agree,20–30%,Too many people moving here,,25 – 34,Early career,completed
I pay rent,"South (HSR, BTM, Jayanagar, JP Nagar)",Up to 10%,"I paid it, no discussion",6–8 months,Moved somewhere with a much longer commute,,,,,,I'll pay whatever it takes to stay,Agree,Under 20%,Brokers,Finding a good affordable society near work place,35 – 44,Senior career,completed
I pay rent,"East (Whitefield, Marathahalli, KR Puram)",21–40%,"I paid it, no discussion",6–8 months,Moved somewhere with a much longer commute,Downgraded to a smaller/older place,Took on flatmates I'd rather not have,,,,I'm already past my limit,Strongly agree,20–30%,Landlords taking advantage,,25 – 34,Early career,completed
I pay rent,"South (HSR, BTM, Jayanagar, JP Nagar)",Up to 10%,"I paid it, no discussion",3–5 months,,Downgraded to a smaller/older place,,,Delayed other financial goals,,Another 25%,Strongly agree,20–30%,Landlords taking advantage,Dealing with landlords,25 – 34,Early career,completed
I pay rent,"South (HSR, BTM, Jayanagar, JP Nagar)",Up to 10%,"I pushed back, and they didn't budge",3–5 months,Moved somewhere with a much longer commute,Downgraded to a smaller/older place,,Dipped into savings to keep up,,,Another 10% and I'm out,Strongly agree,20–30%,Too many people moving here,"Atiny fraction of tenants working in high paying industries are willing to pay a hefty premium. All landlords in the locality use that as a common benchmark to drive up rents. Post covid, brokers are to blame as well - given the constant inflow of migrants from all across india resulting in continuous demand for housing, brokers incite landlords with the lure of getting higher rentals, forcing existing tenants to cough up more or vacate.",35 – 44,Mid career,completed
I pay rent,"South (HSR, BTM, Jayanagar, JP Nagar)",Up to 10%,"I pushed back, and they didn't budge",6–8 months,,Downgraded to a smaller/older place,,,,None of these,Another 25%,Agree,Under 20%,Not enough housing,Finding a place close to work,35 – 44,Mid career,completed
I pay rent,"East (Whitefield, Marathahalli, KR Puram)",Haven't renewed / not applicable,Haven't faced a rent hike,1–2 months' rent,,,,,,None of these,Another 10% and I'm out,Strongly disagree,20–30%,Not enough housing,Finding a house more than renting,Under 25,Early career,completed
I pay rent,"South (HSR, BTM, Jayanagar, JP Nagar)",21–40%,"I pushed back, and they didn't budge",3–5 months,,,,,,None of these,I'm already past my limit,Strongly agree,Under 20%,Landlords taking advantage,"Zero negotiating power, you can try but landlord has other people who’d pay what the owner asks and then some more.",25 – 34,Mid career,completed
I pay rent,"South (HSR, BTM, Jayanagar, JP Nagar)",Up to 10%,"I paid it, no discussion",3–5 months,,Downgraded to a smaller/older place,,,,,I'll pay whatever it takes to stay,Strongly disagree,Under 20%,Too many people moving here,,25 – 34,Student,completed
I pay rent,"East (Whitefield, Marathahalli, KR Puram)",Haven't renewed / not applicable,I walked/moved out over it,3–5 months,,Downgraded to a smaller/older place,,,,,I'm already past my limit,Agree,30–40%,Landlords taking advantage,,25 – 34,Mid career,completed
I pay rent,"East (Whitefield, Marathahalli, KR Puram)",Up to 10%,"I paid it, no discussion",3–5 months,,,Took on flatmates I'd rather not have,,,,I'd never leave over rent,Agree,Under 20%,Too many people moving here,,25 – 34,Early career,completed
I pay rent,"Central (Indiranagar, Koramangala, MG Road area)",It didn't go up,I negotiated it down,3–5 months,Moved somewhere with a much longer commute,Downgraded to a smaller/older place,Took on flatmates I'd rather not have,,,,I'm already past my limit,Strongly agree,20–30%,Landlords taking advantage,Finding a decent house in budget,Under 25,Early career,completed
I pay rent,"North (Hebbal, Yelahanka, Airport side)",11–20%,I negotiated it down,3–5 months,,Downgraded to a smaller/older place,,,,,Another 25%,Agree,Under 20%,Landlords taking advantage,,25 – 34,Mid career,completed
I pay rent,"East (Whitefield, Marathahalli, KR Puram)",Haven't renewed / not applicable,Haven't faced a rent hike,3–5 months,,,,,Delayed other financial goals,,Another 25%,Strongly agree,Under 20%,Something else,"all parties involved in renting out properties are incentivised to be a terrible experience. brokers don’t look at your basic qualifications, landlords don’t even bother thinking of the law, and the government doesn’t bother enforcing anything to improve standards of living. the conjunction of these three makes it impossible to be a tenant in this city if you’re not well connected or rich",Under 25,Early career,completed
I pay rent,"East (Whitefield, Marathahalli, KR Puram)",Up to 10%,"I pushed back, and they didn't budge",3–5 months,,,,,,None of these,I'd never leave over rent,Strongly agree,Under 20%,Landlords taking advantage,Rents are exorbitant. The renter doesn't have much leverage when it comes to negotiation since there is always someone willing to pay it.,25 – 34,Mid career,completed
I pay rent,"Central (Indiranagar, Koramangala, MG Road area)",Up to 10%,"I paid it, no discussion",3–5 months,,,,,,None of these,Another 25%,Strongly agree,Under 20%,IT salaries,Rent for old and sub par apartments are not reasonable in areas with decent demand,25 – 34,Mid career,completed
I pay rent,"South (HSR, BTM, Jayanagar, JP Nagar)",Up to 10%,"I paid it, no discussion",6–8 months,Moved somewhere with a much longer commute,Downgraded to a smaller/older place,,,,,Another 25%,Strongly agree,Under 20%,Landlords taking advantage,Mediocre housing charging high rents simply because a premium property in the vicinity is charging high.,35 – 44,Mid career,completed
I pay rent,"East (Whitefield, Marathahalli, KR Puram)",Up to 10%,"I paid it, no discussion",1–2 months' rent,Moved somewhere with a much longer commute,,,Dipped into savings to keep up,Delayed other financial goals,,Another 10% and I'm out,Agree,20–30%,Landlords taking advantage,Finding affordable houses that aren't boxed in on all sides with buildings less than 10m away,25 – 34,Early career,completed
I pay rent,"South (HSR, BTM, Jayanagar, JP Nagar)",Up to 10%,"I paid it, no discussion",9–10 months,,,,,Delayed other financial goals,,I'm already past my limit,Strongly agree,20–30%,Landlords taking advantage,The fact that you know that you will never get your advance back but yet you have to pay an hefty advance plus brokerage and all other moving in expenses and still you will be kicked out anytime they feel like,35 – 44,Senior career,completed
I pay rent,"Central (Indiranagar, Koramangala, MG Road area)",Up to 10%,"I paid it, no discussion",6–8 months,Moved somewhere with a much longer commute,Downgraded to a smaller/older place,,Dipped into savings to keep up,Delayed other financial goals,,I'd never leave over rent,Strongly agree,Under 20%,Landlords taking advantage,,25 – 34,Early career,completed
I pay rent,"South (HSR, BTM, Jayanagar, JP Nagar)",Up to 10%,"I paid it, no discussion",9–10 months,Moved somewhere with a much longer commute,,,Dipped into savings to keep up,Delayed other financial goals,,I'm already past my limit,Strongly agree,Over 50%,Landlords taking advantage,,25 – 34,Early career,completed
I pay rent,"West (Rajajinagar, Malleshwaram, Vijayanagar)",Haven't renewed / not applicable,Haven't faced a rent hike,6–8 months,,,,,,None of these,Another 25%,Agree,20–30%,Landlords taking advantage,,Under 25,Early career,completed
I pay rent,Outer / just outside city limits,Up to 10%,"I paid it, no discussion",3–5 months,,,,,,None of these,I'll pay whatever it takes to stay,Strongly disagree,Under 20%,IT salaries,Not many good options,35 – 44,Self-employed / run my own business,completed
I pay rent,"South (HSR, BTM, Jayanagar, JP Nagar)",11–20%,I negotiated it down,3–5 months,Moved somewhere with a much longer commute,,Took on flatmates I'd rather not have,,,,Another 25%,Strongly agree,30–40%,Landlords taking advantage,finding a place for single woman apart from sharing with another flatmate,25 – 34,Mid career,completed
I pay rent,"South (HSR, BTM, Jayanagar, JP Nagar)",Up to 10%,"I paid it, no discussion",3–5 months,,Downgraded to a smaller/older place,,,Delayed other financial goals,,I'd never leave over rent,Strongly agree,20–30%,Landlords taking advantage,"Finding an apartment with amenities, connectivity while being affordable and in the main city.",25 – 34,Not working right now,completed
I pay rent,Outer / just outside city limits,Haven't renewed / not applicable,"I paid it, no discussion",3–5 months,Moved somewhere with a much longer commute,,,Dipped into savings to keep up,,,Another 25%,Strongly agree,20–30%,IT salaries,getting money back from the current landlord at the end of your stay.,35 – 44,Mid career,completed
I pay rent,"Central (Indiranagar, Koramangala, MG Road area)",Up to 10%,I negotiated it down,6–8 months,,Downgraded to a smaller/older place,,Dipped into savings to keep up,Delayed other financial goals,,I'm already past my limit,Strongly agree,30–40%,IT salaries,"Insane deposits, high rents, and one-month rent cutoff for painting and extra charges for when you want to move. Also discrimination against religion and family type",25 – 34,Early career,completed
I pay rent,"East (Whitefield, Marathahalli, KR Puram)",Up to 10%,I negotiated it down,6–8 months,,,,Dipped into savings to keep up,,,Another 25%,Strongly agree,Under 20%,Not enough housing,Very limited societies due to unorganised and haphazard development unlike Noida and Gurgaon. There is skewness in rent between standalone buildings vs gated societies.,25 – 34,Mid career,completed
I pay rent,"Central (Indiranagar, Koramangala, MG Road area)",Haven't renewed / not applicable,Haven't faced a rent hike,3–5 months,,,,,Delayed other financial goals,,Another 25%,Strongly disagree,30–40%,IT salaries,,25 – 34,Early career,completed
I pay rent,"Central (Indiranagar, Koramangala, MG Road area)",Up to 10%,"I paid it, no discussion",6–8 months,,,,,,None of these,I'd never leave over rent,Strongly disagree,Under 20%,Not enough housing,"Finding the right flat, which is central, is well-kept, and has a good community. Search is the biggest trouble in central Bangalore. Most listings are fake.",45 – 54,Senior career,completed
I pay rent,"Central (Indiranagar, Koramangala, MG Road area)",Haven't renewed / not applicable,Haven't faced a rent hike,3–5 months,,,,Dipped into savings to keep up,Delayed other financial goals,,Another 10% and I'm out,Strongly agree,30–40%,Too many people moving here,,Under 25,Early career,completed
I pay rent,"Central (Indiranagar, Koramangala, MG Road area)",Up to 10%,"I paid it, no discussion",6–8 months,,,,,,None of these,I'd never leave over rent,Strongly disagree,Under 20%,Not enough housing,,Under 25,Early career,completed
I pay rent,"East (Whitefield, Marathahalli, KR Puram)",Up to 10%,"I paid it, no discussion",3–5 months,,,,,,None of these,I'd never leave over rent,Strongly agree,20–30%,Too many people moving here,"House hunting, with an extremely fragmented market that is mostly inaccessible unless you know the right broker",25 – 34,Early career,completed
I pay rent,"South (HSR, BTM, Jayanagar, JP Nagar)",Up to 10%,"I paid it, no discussion",1–2 months' rent,,,,,,None of these,I'll pay whatever it takes to stay,Strongly agree,Under 20%,Landlords taking advantage,Finding houses near place of work to ensure we're not spending hours in traffic,25 – 34,Mid career,completed
I pay rent,"South (HSR, BTM, Jayanagar, JP Nagar)",Up to 10%,"I pushed back, and they didn't budge",3–5 months,,,,Dipped into savings to keep up,,,Another 25%,Strongly agree,20–30%,Landlords taking advantage,,25 – 34,Mid career,completed
I pay rent,"East (Whitefield, Marathahalli, KR Puram)",More than 40%,"I paid it, no discussion",More than 10 months,,,Took on flatmates I'd rather not have,,,,I'm already past my limit,Agree,40–50%,Landlords taking advantage,,25 – 34,Mid career,completed
I pay rent,"Central (Indiranagar, Koramangala, MG Road area)",Up to 10%,"I paid it, no discussion",3–5 months,,Downgraded to a smaller/older place,,Dipped into savings to keep up,Delayed other financial goals,,I'd never leave over rent,Agree,20–30%,Brokers,Deposit being eaten up,25 – 34,Mid career,completed
I pay rent,"South (HSR, BTM, Jayanagar, JP Nagar)",Up to 10%,"I pushed back, and they didn't budge",6–8 months,,,,Dipped into savings to keep up,,,Another 10% and I'm out,Strongly agree,Under 20%,Landlords taking advantage,,25 – 34,Mid career,completed
I pay rent,"East (Whitefield, Marathahalli, KR Puram)",Up to 10%,"I paid it, no discussion",3–5 months,,Downgraded to a smaller/older place,,Dipped into savings to keep up,Delayed other financial goals,,Another 25%,Strongly agree,20–30%,Landlords taking advantage,The quality of homes (and locality) you get even after paying exorbitant rents. And the prohibitive deposit. How do landlords expect renters to have several lakhs just lying around for them to lock in?,35 – 44,Mid career,completed
I pay rent,"East (Whitefield, Marathahalli, KR Puram)",Up to 10%,"I paid it, no discussion",6–8 months,,,,,,None of these,Another 25%,Agree,Under 20%,Too many people moving here,,25 – 34,Mid career,completed
I pay rent,"East (Whitefield, Marathahalli, KR Puram)",Up to 10%,"I pushed back, and they didn't budge",3–5 months,,,Took on flatmates I'd rather not have,,,,I'm already past my limit,Strongly agree,20–30%,Landlords taking advantage,,25 – 34,Mid career,completed
I pay rent,"Central (Indiranagar, Koramangala, MG Road area)",It didn't go up,I negotiated it down,3–5 months,,,,,,None of these,Another 25%,Strongly agree,Under 20%,IT salaries,The demand for good places is too high. The landlords love to take advantage. Any argument ends up being 'but you all earn lacs per month why are you negotiating for this few thousands or few tens of thousands....',Under 25,Early career,completed
I pay rent,"North (Hebbal, Yelahanka, Airport side)",It didn't go up,Haven't faced a rent hike,1–2 months' rent,,,,,,None of these,I'll pay whatever it takes to stay,Agree,20–30%,Too many people moving here,,Under 25,Early career,completed
I pay rent,"South (HSR, BTM, Jayanagar, JP Nagar)",11–20%,"I pushed back, and they didn't budge",6–8 months,Moved somewhere with a much longer commute,,,,,,I'm already past my limit,Strongly agree,30–40%,Landlords taking advantage,"Brokers, landlords and deposits",35 – 44,Mid career,completed
I pay rent,"Central (Indiranagar, Koramangala, MG Road area)",11–20%,"I paid it, no discussion",6–8 months,,,,,,None of these,Another 25%,Disagree,20–30%,IT salaries,"I'm lucky, I've got a great landlord that only hikes rent every 3 years from a relatively low base. But, that's an outlier. Part of the problem is the VC market flooding the high end in BLR, part of it is the generic problem India has with more people who own two houses than people who own one. We don't have a middle class, and that's particularly problematic in cities.",25 – 34,Self-employed / run my own business,completed
I pay rent,"South (HSR, BTM, Jayanagar, JP Nagar)",11–20%,"I pushed back, and they didn't budge",6–8 months,,,,,Delayed other financial goals,,I'm already past my limit,Strongly agree,30–40%,Landlords taking advantage,,25 – 34,Mid career,completed
I pay rent,"East (Whitefield, Marathahalli, KR Puram)",11–20%,"I pushed back, and they didn't budge",3–5 months,,,Took on flatmates I'd rather not have,Dipped into savings to keep up,Delayed other financial goals,,Another 10% and I'm out,Strongly agree,20–30%,Landlords taking advantage,"Language barrier, when they know you are in need they take advantage.",25 – 34,Early career,completed
I pay rent,"Central (Indiranagar, Koramangala, MG Road area)",11–20%,"I paid it, no discussion",6–8 months,Moved somewhere with a much longer commute,,,,,,Another 10% and I'm out,Strongly agree,20–30%,Landlords taking advantage,,25 – 34,Mid career,completed
I pay rent,"South (HSR, BTM, Jayanagar, JP Nagar)",Up to 10%,"I paid it, no discussion",6–8 months,,,,,,None of these,I'd never leave over rent,Not sure,30–40%,IT salaries,,25 – 34,Mid career,completed
I pay rent,Outer / just outside city limits,Haven't renewed / not applicable,Haven't faced a rent hike,3–5 months,Moved somewhere with a much longer commute,,Took on flatmates I'd rather not have,,Delayed other financial goals,,I'm already past my limit,Strongly disagree,20–30%,Not enough housing,,25 – 34,Mid career,completed
I pay rent,"South (HSR, BTM, Jayanagar, JP Nagar)",It didn't go up,Haven't faced a rent hike,3–5 months,,,,,,None of these,I'll pay whatever it takes to stay,Not sure,Under 20%,Landlords taking advantage,Taking deposit back,35 – 44,Senior career,completed
I pay rent,"North (Hebbal, Yelahanka, Airport side)",Up to 10%,"I pushed back, and they didn't budge",3–5 months,,,,Dipped into savings to keep up,,,Another 25%,Strongly agree,Under 20%,IT salaries,Getting a good society without exorbitant rent,25 – 34,Mid career,completed
I pay rent,Outer / just outside city limits,Up to 10%,"I paid it, no discussion",6–8 months,Moved somewhere with a much longer commute,Downgraded to a smaller/older place,,,Delayed other financial goals,,Another 10% and I'm out,Strongly agree,Under 20%,Too many people moving here,The annual hikes,25 – 34,Early career,completed
I pay rent,"Central (Indiranagar, Koramangala, MG Road area)",Up to 10%,"I paid it, no discussion",6–8 months,,Downgraded to a smaller/older place,,,,,I'd never leave over rent,Strongly agree,20–30%,IT salaries,"Same flat with limited facilities, rates have gone up, rent blindly increased, without looking at whether your flat has that facilities or features",35 – 44,Mid career,completed
I pay rent,"East (Whitefield, Marathahalli, KR Puram)",Up to 10%,"I pushed back, and they didn't budge",3–5 months,,Downgraded to a smaller/older place,,Dipped into savings to keep up,Delayed other financial goals,,Another 25%,Strongly agree,30–40%,Landlords taking advantage,Finding a good landlord.,25 – 34,Mid career,completed
I pay rent,"East (Whitefield, Marathahalli, KR Puram)",11–20%,"I pushed back, and they didn't budge",3–5 months,Moved somewhere with a much longer commute,Downgraded to a smaller/older place,,,,,I'm already past my limit,Strongly agree,20–30%,Too many people moving here,,35 – 44,Mid career,completed
I pay rent,"Central (Indiranagar, Koramangala, MG Road area)",Up to 10%,I negotiated it down,3–5 months,,,,,Delayed other financial goals,,I'll pay whatever it takes to stay,Agree,Under 20%,Too many people moving here,,25 – 34,Self-employed / run my own business,completed
I pay rent,Outer / just outside city limits,Haven't renewed / not applicable,Haven't faced a rent hike,3–5 months,Moved somewhere with a much longer commute,,,,,,Another 25%,Strongly agree,Under 20%,Too many people moving here,Getting places with decent facilities in affordable rent,25 – 34,Early career,completed
I pay rent,"South (HSR, BTM, Jayanagar, JP Nagar)",Up to 10%,"I paid it, no discussion",3–5 months,,,,,,None of these,I'd never leave over rent,Strongly agree,Under 20%,Landlords taking advantage,Places closer to office is shit expensive and travelling is a pain too,25 – 34,Not working right now,completed
I pay rent,"South (HSR, BTM, Jayanagar, JP Nagar)",More than 40%,"I pushed back, and they didn't budge",More than 10 months,,,,Dipped into savings to keep up,,,Another 25%,Strongly agree,40–50%,Landlords taking advantage,Lack of trust towards non Kannadiga Bangalore landlords are having.,35 – 44,Mid career,completed
I pay rent,"South (HSR, BTM, Jayanagar, JP Nagar)",Up to 10%,"I pushed back, and they didn't budge",3–5 months,Moved somewhere with a much longer commute,Downgraded to a smaller/older place,,,Delayed other financial goals,,Another 25%,Agree,Under 20%,Brokers,Finding a property that matches your basic needs of light and space at a decent price,25 – 34,Mid career,completed
I pay rent,"Central (Indiranagar, Koramangala, MG Road area)",It didn't go up,Haven't faced a rent hike,1–2 months' rent,,,,,,None of these,Another 10% and I'm out,Strongly agree,Under 20%,Landlords taking advantage,,35 – 44,Senior career,completed
I pay rent,"South (HSR, BTM, Jayanagar, JP Nagar)",Up to 10%,"I paid it, no discussion",3–5 months,,,,,,None of these,Another 10% and I'm out,Strongly agree,Under 20%,Landlords taking advantage,"It has stopped feeling like you're renting an apartment, but feels more like you're paying someone else's home loan EMI. The deposits charged are in correlation to the rent, and with exorbitant rents, it's a double-edged sword. Also think given tax concessions for rent, higher-salaried IT folks don't mind paying this rent, increasing the rent pricing for all. Pay higher in rent, pay less in taxes, and maintain a higher standard of living because you can afford to. (it's a twisted logic, but I think there's something there).",25 – 34,Mid career,completed
I pay rent,"East (Whitefield, Marathahalli, KR Puram)",Haven't renewed / not applicable,Haven't faced a rent hike,1–2 months' rent,,,,,,None of these,I'd never leave over rent,Disagree,Under 20%,Brokers,Price gauging for outsiders; Outsiders not considering to live alternative comfortable non-society apartments; broken relationship due to greedy landlords; just-need-a-quick-buck brokers,25 – 34,Mid career,completed
I pay rent,"North (Hebbal, Yelahanka, Airport side)",Up to 10%,"I paid it, no discussion",3–5 months,Moved somewhere with a much longer commute,,,,,,Another 25%,Not sure,20–30%,Something else,Areas near offices are unaffordable and unliveable. Staying in affordable areas makes you spend eternity on Bangalore roads. Metro connectivity would put BSNL to shame.,25 – 34,Mid career,completed
I pay rent,"South (HSR, BTM, Jayanagar, JP Nagar)",It didn't go up,"I paid it, no discussion",3–5 months,,Downgraded to a smaller/older place,Took on flatmates I'd rather not have,,,,I'm already past my limit,Not sure,Under 20%,Too many people moving here,Judgy landlords,35 – 44,Senior career,completed
I pay rent,"Central (Indiranagar, Koramangala, MG Road area)",Up to 10%,"I paid it, no discussion",3–5 months,Moved somewhere with a much longer commute,Downgraded to a smaller/older place,,Dipped into savings to keep up,Delayed other financial goals,,I'm already past my limit,Strongly agree,40–50%,Landlords taking advantage,,25 – 34,Mid career,completed
I pay rent,"East (Whitefield, Marathahalli, KR Puram)",It didn't go up,Haven't faced a rent hike,3–5 months,,,,Dipped into savings to keep up,Delayed other financial goals,,Another 10% and I'm out,Strongly agree,Under 20%,Landlords taking advantage,Finding a place that justifies the asking rent. Low rent places are all concrete barnacles and high end places are way too overpriced for the facilities they come with,25 – 34,Mid career,completed
I pay rent,"North (Hebbal, Yelahanka, Airport side)",11–20%,I negotiated it down,3–5 months,,,,,Delayed other financial goals,None of these,Another 25%,Strongly agree,Under 20%,Landlords taking advantage,"Painting charges, enormous deposits, high rents, high maintenance",25 – 34,Mid career,completed
I pay rent,"South (HSR, BTM, Jayanagar, JP Nagar)",Haven't renewed / not applicable,Haven't faced a rent hike,3–5 months,Moved somewhere with a much longer commute,,,,,,I'd never leave over rent,Strongly agree,Under 20%,Landlords taking advantage,"The random deposit which the owners demand, makes no sense. Am I responsible for the children’s education/marriage?",25 – 34,Mid career,completed
I pay rent,Outer / just outside city limits,Up to 10%,"I paid it, no discussion",1–2 months' rent,,,,,Delayed other financial goals,,I'm already past my limit,Strongly agree,20–30%,Something else,1 month rent is deducted at leaving for painting walls,35 – 44,Senior career,completed
I pay rent,"East (Whitefield, Marathahalli, KR Puram)",Haven't renewed / not applicable,Haven't faced a rent hike,1–2 months' rent,,Downgraded to a smaller/older place,,,Delayed other financial goals,,Another 25%,Not sure,Under 20%,Too many people moving here,"If its close, its dilapidated/not luxurious/not clean enough. All parameters do not line up",Under 25,Early career,completed
I pay rent,"Central (Indiranagar, Koramangala, MG Road area)",11–20%,"I pushed back, and they didn't budge",3–5 months,,,,,Delayed other financial goals,,I'm already past my limit,Strongly agree,20–30%,Landlords taking advantage,"Even if the rents are sky high, the houses aren't nearly good enough to match it. Yes tech bros have inflated rents as well, but landlords need to come back to earth about the kind of places they are renting as well when it comes to the amount of rent they are charging",25 – 34,Mid career,completed
I pay rent,"Central (Indiranagar, Koramangala, MG Road area)",Haven't renewed / not applicable,Haven't faced a rent hike,3–5 months,Moved somewhere with a much longer commute,Downgraded to a smaller/older place,,,,,Another 25%,Agree,20–30%,Not enough housing,,Under 25,Early career,completed
I pay rent,"West (Rajajinagar, Malleshwaram, Vijayanagar)",11–20%,I walked/moved out over it,6–8 months,Moved somewhere with a much longer commute,Downgraded to a smaller/older place,,,Delayed other financial goals,,I'm already past my limit,Strongly agree,20–30%,Too many people moving here,Security Deposit without interest or return gurrantee,25 – 34,Mid career,completed
I pay rent,Outer / just outside city limits,Haven't renewed / not applicable,I negotiated it down,6–8 months,,,,,,None of these,Another 10% and I'm out,Strongly agree,20–30%,IT salaries,Sky high rents,25 – 34,Early career,completed
I pay rent,"East (Whitefield, Marathahalli, KR Puram)",Up to 10%,"I paid it, no discussion",3–5 months,Moved somewhere with a much longer commute,Downgraded to a smaller/older place,Took on flatmates I'd rather not have,Dipped into savings to keep up,Delayed other financial goals,,I'm already past my limit,Strongly agree,40–50%,Landlords taking advantage,,25 – 34,Early career,completed
I pay rent,"South (HSR, BTM, Jayanagar, JP Nagar)",Haven't renewed / not applicable,Haven't faced a rent hike,6–8 months,Moved somewhere with a much longer commute,Downgraded to a smaller/older place,,,,,I'd never leave over rent,Strongly agree,Under 20%,Landlords taking advantage,Not sure about getting back our deposits,25 – 34,Mid career,completed
I pay rent,"East (Whitefield, Marathahalli, KR Puram)",Up to 10%,"I pushed back, and they didn't budge",3–5 months,,Downgraded to a smaller/older place,Took on flatmates I'd rather not have,,,,Another 10% and I'm out,Strongly agree,Under 20%,Landlords taking advantage,Brokerage and avoiding frauds,Under 25,Early career,completed
I pay rent,"Central (Indiranagar, Koramangala, MG Road area)",11–20%,"I paid it, no discussion",6–8 months,,Downgraded to a smaller/older place,Took on flatmates I'd rather not have,,Delayed other financial goals,,I'd never leave over rent,Strongly agree,Under 20%,Landlords taking advantage,Finding a decent house that is livable and not far from the office location,25 – 34,Mid career,completed
I pay rent,"South (HSR, BTM, Jayanagar, JP Nagar)",Up to 10%,"I paid it, no discussion",3–5 months,,,,,,None of these,I'd never leave over rent,Agree,Under 20%,Brokers,"1. You lose a month's rent from your deposit for ""painting charges""

2. You lose another month's of rent in brokerage

3. You need to pay a significant deposit amount which you will lose 2/3rd of when you move out later. 

4. You need to move with the job, so you never know when you'll have to move out again.",25 – 34,Mid career,completed
I pay rent,"Central (Indiranagar, Koramangala, MG Road area)",Up to 10%,"I paid it, no discussion",3–5 months,,,,,,None of these,Another 25%,Strongly agree,Under 20%,Too many people moving here,Quality for the rent being paid. Almost all the 'good' flats have to be sourced via a broker. Moving in/moving out charges by the association,35 – 44,Senior career,completed
I pay rent,"Central (Indiranagar, Koramangala, MG Road area)",It didn't go up,"I paid it, no discussion",3–5 months,,,,,,None of these,Another 25%,Not sure,20–30%,Landlords taking advantage,,25 – 34,Self-employed / run my own business,completed
I pay rent,"Central (Indiranagar, Koramangala, MG Road area)",Up to 10%,"I paid it, no discussion",3–5 months,,Downgraded to a smaller/older place,,Dipped into savings to keep up,Delayed other financial goals,,I'll pay whatever it takes to stay,Strongly agree,20–30%,Landlords taking advantage,Lack of supply of apartments and poor negotiation power with tenants,35 – 44,Mid career,completed
I pay rent,"North (Hebbal, Yelahanka, Airport side)",Up to 10%,"I paid it, no discussion",3–5 months,,,,Dipped into savings to keep up,,,Another 25%,Strongly agree,20–30%,Landlords taking advantage,Finding a decent place without a broker,25 – 34,Mid career,completed
I pay rent,"East (Whitefield, Marathahalli, KR Puram)",11–20%,I negotiated it down,3–5 months,,Downgraded to a smaller/older place,,Dipped into savings to keep up,Delayed other financial goals,,Another 10% and I'm out,Strongly agree,30–40%,Too many people moving here,"The overheads - they are significant and unpredictable. The tenant takes care of repairs, electricity and gas, maintenance and at the end of a lease - also of repainting and replacements. The switching cost of homes for a family including landlord deductions, packing and moving and associated expenses has started touching 6 figures.",25 – 34,Mid career,completed
I pay rent,"North (Hebbal, Yelahanka, Airport side)",Haven't renewed / not applicable,Haven't faced a rent hike,3–5 months,,,,Dipped into savings to keep up,Delayed other financial goals,,I'd never leave over rent,Strongly agree,20–30%,Landlords taking advantage,Finding a nice landlord… its a relationship that needs to be beyond transactional,25 – 34,Early career,completed
I pay rent,"Central (Indiranagar, Koramangala, MG Road area)",Haven't renewed / not applicable,Haven't faced a rent hike,3–5 months,,,,,,None of these,Another 10% and I'm out,Strongly agree,Under 20%,Landlords taking advantage,"The security deposits are unreasonable. When I was looking for a 1RK in Rajajinagar, even for rents under 10k, owners were asking for deposits over 1 lakh.",25 – 34,Self-employed / run my own business,completed
I pay rent,"South (HSR, BTM, Jayanagar, JP Nagar)",More than 40%,I walked/moved out over it,3–5 months,Moved somewhere with a much longer commute,Downgraded to a smaller/older place,,,Delayed other financial goals,,I'm already past my limit,Strongly agree,Under 20%,Landlords taking advantage,,25 – 34,Mid career,completed
I pay rent,"Central (Indiranagar, Koramangala, MG Road area)",Up to 10%,I walked/moved out over it,1–2 months' rent,,Downgraded to a smaller/older place,,,,,I'm already past my limit,Not sure,20–30%,Landlords taking advantage,"Finding a place with proper facilities, if things are good, deposit is a lot, there will be some trade off.",25 – 34,Early career,completed
I pay rent,"Central (Indiranagar, Koramangala, MG Road area)",11–20%,"I pushed back, and they didn't budge",3–5 months,,,Took on flatmates I'd rather not have,Dipped into savings to keep up,Delayed other financial goals,,I'm already past my limit,Strongly agree,20–30%,Landlords taking advantage,Landlords and their whimsical rules,25 – 34,Mid career,completed
I pay rent,"Central (Indiranagar, Koramangala, MG Road area)",Up to 10%,"I paid it, no discussion",3–5 months,,Downgraded to a smaller/older place,,,Delayed other financial goals,,I'm already past my limit,Strongly agree,Under 20%,Landlords taking advantage,"Taking time to decide - the ""good"" places or even the ""decent"" places go off so quickly you don't have time to weigh options - like you did even 3 years ago. Most of the brokers I've interacted with are scammers who sell up the house to you and then the landlord adds rules to the place once you move in. Not to forget it COSTS so much to just live a life in the city.",25 – 34,Mid career,completed
I pay rent,"South (HSR, BTM, Jayanagar, JP Nagar)",Up to 10%,I negotiated it down,1–2 months' rent,,,,,,None of these,Another 25%,Strongly agree,Under 20%,Too many people moving here,The rents are unreasonable most of the time. And this is to do with property rates which is just purely based of certain mafia who owns the lands and builders.,25 – 34,Mid career,completed
I pay rent,"South (HSR, BTM, Jayanagar, JP Nagar)",Up to 10%,"I pushed back, and they didn't budge",6–8 months,,Downgraded to a smaller/older place,,,,,Another 25%,Strongly agree,20–30%,Landlords taking advantage,,Under 25,Early career,completed
I pay rent,"Central (Indiranagar, Koramangala, MG Road area)",Up to 10%,"I pushed back, and they didn't budge",6–8 months,,,Took on flatmates I'd rather not have,,,,I'm already past my limit,Strongly agree,20–30%,Too many people moving here,,25 – 34,Mid career,completed
I pay rent,"East (Whitefield, Marathahalli, KR Puram)",11–20%,"I paid it, no discussion",3–5 months,,,,,,None of these,I'd never leave over rent,Strongly agree,20–30%,Landlords taking advantage,Finding good propertly at affordable price,25 – 34,Mid career,completed
I pay rent,"Central (Indiranagar, Koramangala, MG Road area)",Haven't renewed / not applicable,Haven't faced a rent hike,3–5 months,,,,,,None of these,Another 10% and I'm out,Strongly agree,20–30%,IT salaries,Seamlessly able to find and visit homes in a particular area,25 – 34,Early career,completed
I pay rent,"East (Whitefield, Marathahalli, KR Puram)",Haven't renewed / not applicable,Haven't faced a rent hike,1–2 months' rent,,,,,Delayed other financial goals,,Another 10% and I'm out,Strongly agree,20–30%,Too many people moving here,Finding a house that’s close to work,Under 25,Early career,completed
I pay rent,"East (Whitefield, Marathahalli, KR Puram)",Up to 10%,"I paid it, no discussion",6–8 months,,,,,,None of these,I'd never leave over rent,Agree,Under 20%,Too many people moving here,,35 – 44,Senior career,completed
I pay rent,"South (HSR, BTM, Jayanagar, JP Nagar)",11–20%,I walked/moved out over it,3–5 months,Moved somewhere with a much longer commute,,,,,,Another 10% and I'm out,Strongly agree,30–40%,Landlords taking advantage,,25 – 34,Mid career,completed
I pay rent,"Central (Indiranagar, Koramangala, MG Road area)",Up to 10%,"I pushed back, and they didn't budge",3–5 months,,,,,Delayed other financial goals,,Another 10% and I'm out,Strongly agree,20–30%,Landlords taking advantage,No checks on landlords whatsoever and no legal redressal for tenants.,35 – 44,Mid career,completed
I pay rent,"Central (Indiranagar, Koramangala, MG Road area)",Haven't renewed / not applicable,Haven't faced a rent hike,3–5 months,,,,,Delayed other financial goals,,I'd never leave over rent,Strongly agree,20–30%,IT salaries,"The number of hoops you have to jump through just to live comfortably. The said comfort comes at a cost of stress — financial and emotional, both — which renders the gained “comfort” more or less obsolete.",25 – 34,Mid career,completed
I pay rent,"Central (Indiranagar, Koramangala, MG Road area)",Up to 10%,I negotiated it down,1–2 months' rent,,,Took on flatmates I'd rather not have,,,,I'd never leave over rent,Strongly agree,Under 20%,Landlords taking advantage,"Finding a place as a bachelor, especially if you are from a marginalized community.",25 – 34,Mid career,completed
I pay rent,"South (HSR, BTM, Jayanagar, JP Nagar)",Up to 10%,"I paid it, no discussion",6–8 months,Moved somewhere with a much longer commute,,,Dipped into savings to keep up,Delayed other financial goals,,I'll pay whatever it takes to stay,Not sure,20–30%,Landlords taking advantage,,45 – 54,Self-employed / run my own business,completed
I pay rent,"South (HSR, BTM, Jayanagar, JP Nagar)",Up to 10%,"I paid it, no discussion",3–5 months,,,,Dipped into savings to keep up,Delayed other financial goals,,Another 10% and I'm out,Strongly agree,20–30%,Landlords taking advantage,"Finding a reasonably priced house in a good locality (read safe) is difficult. Especially in gated communities. On top of that, landlords often demand security deposits of 4 to 5 months' rent and impose unusual conditions, such as asking for your work experience, restricting friends or family from staying for extended periods, and withholding up to 1.5 months' rent from the security deposit when you move out.",25 – 34,Mid career,completed
I pay rent,"South (HSR, BTM, Jayanagar, JP Nagar)",Up to 10%,"I paid it, no discussion",3–5 months,,,Took on flatmates I'd rather not have,,Delayed other financial goals,,I'm already past my limit,Strongly agree,20–30%,Landlords taking advantage,"I feel this is true for every Indian city but the fact is, it doesn't matter if there are rental regulations because in reality if one tries to bring up the legalities or illegalities of renting, then landlords will simply ask them to find another house. That's why they get to dictate their terms. 

For instance, in Bangalore landlords are still asking for an exorbitant security deposit despite the new regulation. Secondly, generally landlords demand rent in cash to evade taxes. Thirdly, they enforce rules on food habits, castes and religion and there's nothing one can do about any of this. The entire housing system is titled in favour of the landed.",35 – 44,Senior career,completed
I pay rent,"Central (Indiranagar, Koramangala, MG Road area)",Up to 10%,"I pushed back, and they didn't budge",3–5 months,,Downgraded to a smaller/older place,,,,,I'm already past my limit,Strongly agree,Over 50%,Not enough housing,,25 – 34,Early career,completed
I pay rent,"North (Hebbal, Yelahanka, Airport side)",11–20%,"I pushed back, and they didn't budge",6–8 months,,,,,Delayed other financial goals,,I'm already past my limit,Disagree,Under 20%,Too many people moving here,,25 – 34,Mid career,completed
I pay rent,"North (Hebbal, Yelahanka, Airport side)",Up to 10%,"I pushed back, and they didn't budge",6–8 months,Moved somewhere with a much longer commute,,Took on flatmates I'd rather not have,Dipped into savings to keep up,Delayed other financial goals,,I'll pay whatever it takes to stay,Strongly agree,20–30%,IT salaries,difficulty finding decent enough houses. balconies and well-ventilated flats becoming a commodity instead of a necessity. insanely high security that we might never get back. high prices for what reason idk.,25 – 34,Self-employed / run my own business,completed
I pay rent,"North (Hebbal, Yelahanka, Airport side)",21–40%,"I pushed back, and they didn't budge",3–5 months,,,,,Delayed other financial goals,,I'd never leave over rent,Strongly agree,20–30%,Too many people moving here,Deposits,Under 25,Self-employed / run my own business,completed
I pay rent,"East (Whitefield, Marathahalli, KR Puram)",21–40%,"I pushed back, and they didn't budge",3–5 months,,,,,,None of these,I'd never leave over rent,Strongly disagree,20–30%,IT salaries,"On account of traffic, you want to stay close to the workplace but that is getting extremely difficult",35 – 44,Mid career,completed
I pay rent,"East (Whitefield, Marathahalli, KR Puram)",Up to 10%,"I paid it, no discussion",3–5 months,,,,,,None of these,Another 25%,Strongly agree,Under 20%,Landlords taking advantage,Many landlords require rent to be paid out in cash and do not provide any receipts,25 – 34,Early career,completed
I pay rent,"Central (Indiranagar, Koramangala, MG Road area)",Haven't renewed / not applicable,I walked/moved out over it,3–5 months,,,,,Delayed other financial goals,,Another 10% and I'm out,Strongly agree,20–30%,Landlords taking advantage,,25 – 34,Mid career,completed
I pay rent,"East (Whitefield, Marathahalli, KR Puram)",Haven't renewed / not applicable,Haven't faced a rent hike,1–2 months' rent,,,Took on flatmates I'd rather not have,Dipped into savings to keep up,,,I'm already past my limit,Strongly agree,20–30%,Too many people moving here,Deposit amount and lack of fair marketplace,Under 25,Early career,completed
I pay rent,"Central (Indiranagar, Koramangala, MG Road area)",It didn't go up,Haven't faced a rent hike,3–5 months,,,,,,None of these,I'd never leave over rent,Disagree,Under 20%,Landlords taking advantage,job market is volatile but rent is a fixed monthly expense,35 – 44,Senior career,completed
I pay rent,"East (Whitefield, Marathahalli, KR Puram)",Up to 10%,I negotiated it down,3–5 months,,,,,Delayed other financial goals,,I'll pay whatever it takes to stay,Strongly agree,20–30%,Landlords taking advantage,"Brokers have captured the market and they are inflating the rent. On exit the owners deduct 1 month+ rent as painting charges. It is a lose lose for tenants. If you move, you pay 2 month of extra rent for security deduction and brokerage. If you don't you are stuck with the owners.",25 – 34,Mid career,completed
I pay rent,"East (Whitefield, Marathahalli, KR Puram)",Up to 10%,"I paid it, no discussion",3–5 months,Moved somewhere with a much longer commute,Downgraded to a smaller/older place,Took on flatmates I'd rather not have,,,,Another 25%,Strongly agree,20–30%,IT salaries,"It's hard to get any decent houses with lift, etc. without a broker. And when rents are high, paying one month rent as brokerage makes it punishing. Especially because deposits are minimum 1 lakh and are often 3 lakh and above for 2 bhks. And the mandatory ""1 month rent will be deducted as painting charges"" clause in all rent agreements is unfair. If someone needs to rent a house for just one year, they end up paying rent for 11 months + 2 months (brokerage &  painting charges). The house owners sometimes deduct charges over this for repairs, etc. 

And in gated communities, there are people who informally do brokerage work who take money even if you found the house through a message on a group shared by the house owner -- my sister ended up paying 30K to a lady who had the key and showed the house to them despite coming across the house through a message from the owner in a WhatsApp group. And in fancy gated communities, it becomes a matter of pride and embarassment to push back or fight such a thing. 

Also, I've seen house owners openly telling my muslim friend no and one even followed it up with ""there are terrorist problems these days"".",25 – 34,Mid career,completed
I pay rent,"South (HSR, BTM, Jayanagar, JP Nagar)",11–20%,I negotiated it down,1–2 months' rent,,Downgraded to a smaller/older place,,Dipped into savings to keep up,Delayed other financial goals,,I'd never leave over rent,Strongly agree,20–30%,Landlords taking advantage,"I stay in a PG, but the rent has randomly hiked 3-4 times within a year, which made no sense",25 – 34,Early career,completed
I pay rent,"Central (Indiranagar, Koramangala, MG Road area)",11–20%,"I paid it, no discussion",6–8 months,,,,,,None of these,I'll pay whatever it takes to stay,Strongly agree,Under 20%,Landlords taking advantage,,Under 25,Early career,completed
I pay rent,"South (HSR, BTM, Jayanagar, JP Nagar)",Up to 10%,"I paid it, no discussion",6–8 months,,,,,Delayed other financial goals,,Another 25%,Strongly agree,20–30%,Landlords taking advantage,Getting fresh air and natural light are a premium,25 – 34,Mid career,completed
I pay rent,"South (HSR, BTM, Jayanagar, JP Nagar)",Up to 10%,"I paid it, no discussion",3–5 months,,,,,,None of these,I'd never leave over rent,Strongly agree,Under 20%,Landlords taking advantage,Landlords are selective. Can stop entertaining based on LinkedIn profiles.,35 – 44,Mid career,completed
I pay rent,"Central (Indiranagar, Koramangala, MG Road area)",Up to 10%,"I paid it, no discussion",6–8 months,,Downgraded to a smaller/older place,,,,,I'll pay whatever it takes to stay,Strongly agree,Under 20%,Landlords taking advantage,Finding leads in good societies.,25 – 34,Mid career,completed
I pay rent,"East (Whitefield, Marathahalli, KR Puram)",Up to 10%,"I paid it, no discussion",1–2 months' rent,,Downgraded to a smaller/older place,Took on flatmates I'd rather not have,,Delayed other financial goals,,Another 25%,Strongly agree,20–30%,Landlords taking advantage,Sky high rents for basic apartments near office - no cap on rent increases or enforcement on landlords to cap deposits etc.,25 – 34,Early career,completed
I pay rent,"East (Whitefield, Marathahalli, KR Puram)",Up to 10%,I negotiated it down,1–2 months' rent,,,,,,None of these,I'd never leave over rent,Disagree,Under 20%,Not enough housing,"Renting is okay, free market, voluntary negotiation between buyer and sellers. Sellers have higher power due to Black Money involved in buying property, government policy on building codes, FSI and poor infrastructure in most places.",25 – 34,Mid career,completed
I pay rent,"South (HSR, BTM, Jayanagar, JP Nagar)",11–20%,I negotiated it down,3–5 months,,,,,,None of these,Another 25%,Agree,Under 20%,Too many people moving here,,25 – 34,Mid career,completed
I pay rent,"Central (Indiranagar, Koramangala, MG Road area)",Up to 10%,I walked/moved out over it,3–5 months,,Downgraded to a smaller/older place,,Dipped into savings to keep up,,,I'd never leave over rent,Disagree,20–30%,Too many people moving here,,35 – 44,Mid career,completed
I pay rent,"South (HSR, BTM, Jayanagar, JP Nagar)",11–20%,"I pushed back, and they didn't budge",3–5 months,,,,,Delayed other financial goals,,Another 25%,Not sure,20–30%,Not enough housing,Owners can dictate all terms (5 month deposit and 1 month painting charge is unheard of anywhere else in India). Rent are just high.,25 – 34,Mid career,completed
I pay rent,"Central (Indiranagar, Koramangala, MG Road area)",Up to 10%,I negotiated it down,3–5 months,,,,Dipped into savings to keep up,,,I'd never leave over rent,Agree,20–30%,IT salaries,,Under 25,Early career,completed
I pay rent,"South (HSR, BTM, Jayanagar, JP Nagar)",Up to 10%,I walked/moved out over it,3–5 months,,,Took on flatmates I'd rather not have,Dipped into savings to keep up,,,I'm already past my limit,Agree,20–30%,Landlords taking advantage,,25 – 34,Early career,completed
I pay rent,"South (HSR, BTM, Jayanagar, JP Nagar)",Up to 10%,I negotiated it down,6–8 months,,,,,Delayed other financial goals,,Another 25%,Agree,20–30%,Too many people moving here,,,Not working right now,completed
I pay rent,"Central (Indiranagar, Koramangala, MG Road area)",Up to 10%,"I paid it, no discussion",More than 10 months,,,Took on flatmates I'd rather not have,,,,Another 25%,Strongly agree,Under 20%,Too many people moving here,"The deposit, the water, and power backup",35 – 44,Mid career,completed
I pay rent,"Central (Indiranagar, Koramangala, MG Road area)",Up to 10%,"I paid it, no discussion",3–5 months,,,,,Delayed other financial goals,,Another 10% and I'm out,,Under 20%,Landlords taking advantage,Broker,35 – 44,Mid career,completed
I pay rent,"Central (Indiranagar, Koramangala, MG Road area)",Up to 10%,"I paid it, no discussion",3–5 months,,,,,Delayed other financial goals,None of these,I'd never leave over rent,Strongly agree,20–30%,Landlords taking advantage,Insane rates for no facilities,25 – 34,Early career,completed
I pay rent,Outer / just outside city limits,Up to 10%,"I paid it, no discussion",9–10 months,,,,,,None of these,I'd never leave over rent,Agree,20–30%,Too many people moving here,,55 and above,Not working right now,completed
I pay rent,"South (HSR, BTM, Jayanagar, JP Nagar)",Up to 10%,I negotiated it down,3–5 months,,Downgraded to a smaller/older place,Took on flatmates I'd rather not have,,,,I'd never leave over rent,Strongly agree,Under 20%,IT salaries,,Under 25,Early career,completed
I pay rent,"East (Whitefield, Marathahalli, KR Puram)",Up to 10%,"I paid it, no discussion",3–5 months,,,,Dipped into savings to keep up,Delayed other financial goals,,Another 25%,Strongly agree,20–30%,Too many people moving here,Rents are extremely high and landlords are very finicky. Deposits are the highest across the country.,25 – 34,Mid career,completed
I pay rent,"South (HSR, BTM, Jayanagar, JP Nagar)",21–40%,"I pushed back, and they didn't budge",3–5 months,,,,Dipped into savings to keep up,,,I'm already past my limit,Strongly agree,20–30%,Something else,Finding a house owner with empathy who understands not everyone is making 24LPA+,25 – 34,Early career,completed
I pay rent,"South (HSR, BTM, Jayanagar, JP Nagar)",Up to 10%,"I paid it, no discussion",3–5 months,,,,,,None of these,I'd never leave over rent,Strongly agree,Under 20%,Too many people moving here,finding the right balance between location and affordable rent,45 – 54,Self-employed / run my own business,completed
I pay rent,"East (Whitefield, Marathahalli, KR Puram)",Up to 10%,"I paid it, no discussion",3–5 months,,,,,,None of these,Another 10% and I'm out,Agree,Under 20%,Too many people moving here,Finding a flat in a gated society,25 – 34,Mid career,completed
I pay rent,"South (HSR, BTM, Jayanagar, JP Nagar)",Up to 10%,"I paid it, no discussion",1–2 months' rent,,,,Dipped into savings to keep up,Delayed other financial goals,,Another 10% and I'm out,Strongly agree,30–40%,Too many people moving here,Finding well maintained homes,45 – 54,Senior career,completed
I pay rent,"East (Whitefield, Marathahalli, KR Puram)",Up to 10%,"I pushed back, and they didn't budge",3–5 months,,,,,Delayed other financial goals,,I'd never leave over rent,Strongly agree,Under 20%,Landlords taking advantage,,35 – 44,Mid career,completed
I pay rent,"East (Whitefield, Marathahalli, KR Puram)",Up to 10%,"I paid it, no discussion",9–10 months,,Downgraded to a smaller/older place,,,Delayed other financial goals,,I'll pay whatever it takes to stay,Strongly agree,20–30%,Landlords taking advantage,Rent amount,35 – 44,Mid career,completed
I pay rent,"East (Whitefield, Marathahalli, KR Puram)",,I negotiated it down,3–5 months,,,,,,,I'd never leave over rent,Strongly agree,,Something else,,45 – 54,,completed
I pay rent,"South (HSR, BTM, Jayanagar, JP Nagar)",It didn't go up,,6–8 months,,Downgraded to a smaller/older place,,,,,Another 25%,Strongly agree,,Too many people moving here,No negotiation power for the tenant. Landlord do most of the talking & dictate,35 – 44,,completed
I pay rent,"Central (Indiranagar, Koramangala, MG Road area)",Up to 10%,"I paid it, no discussion",3–5 months,,Downgraded to a smaller/older place,,,Delayed other financial goals,,Another 10% and I'm out,Strongly agree,20–30%,Landlords taking advantage,"If I want a new house that has a modular kitchen and attached bathroom, I need to pay at least 50-70% of my take-home salary. In my budget, all I can afford is dingy houses that are not at all maintained, the kitchen is just there, no sunlight coming in - all this in Indiranagar. We just cannot afford a good life.",25 – 34,,completed
I pay rent,"Central (Indiranagar, Koramangala, MG Road area)",,"I paid it, no discussion",3–5 months,,,,,,,I'm already past my limit,Agree,40–50%,Landlords taking advantage,Being single is a costly affair in Bangalore.,25 – 34,Early career,completed
I pay rent,"South (HSR, BTM, Jayanagar, JP Nagar)",21–40%,I walked/moved out over it,6–8 months,Moved somewhere with a much longer commute,,,,Delayed other financial goals,,Another 10% and I'm out,Strongly agree,Under 20%,Too many people moving here,Security Deposit,35 – 44,Mid career,completed
I pay rent,"North (Hebbal, Yelahanka, Airport side)",Up to 10%,"I paid it, no discussion",1–2 months' rent,,,,,,None of these,I'm already past my limit,Strongly agree,20–30%,Landlords taking advantage,,Under 25,Early career,completed
I pay rent,"South (HSR, BTM, Jayanagar, JP Nagar)",Up to 10%,"I pushed back, and they didn't budge",3–5 months,,,,,,,Another 25%,Strongly agree,20–30%,Landlords taking advantage,Rent + Maintenance+ water bill + electricity,25 – 34,Mid career,completed
I pay rent,"East (Whitefield, Marathahalli, KR Puram)",Up to 10%,"I paid it, no discussion",3–5 months,,,,,,None of these,I'd never leave over rent,Disagree,Under 20%,,Finding good apartments worth the rent being quoted,35 – 44,,completed
I pay rent,"South (HSR, BTM, Jayanagar, JP Nagar)",11–20%,"I pushed back, and they didn't budge",6–8 months,,,Took on flatmates I'd rather not have,,,,Another 25%,Agree,Under 20%,Landlords taking advantage,"We have been ghosted by brokers.🥲
Rents are so high but localities don’t have a decent road. It’s a bubble inside the society. 
Want a society for safety but places like Hsr and Kora have so few of them and will never rent to bachelors at right prices. 
40k for 1 bhk is insanity!",25 – 34,Mid career,completed
I pay rent,"Central (Indiranagar, Koramangala, MG Road area)",Up to 10%,I negotiated it down,3–5 months,,,,,,None of these,Another 25%,Strongly agree,Under 20%,Landlords taking advantage,Finding a well ventilated flat at a reasonable price WITHOUT a broker,25 – 34,Mid career,completed
I pay rent,"South (HSR, BTM, Jayanagar, JP Nagar)",It didn't go up,I negotiated it down,9–10 months,,,,,Delayed other financial goals,,Another 10% and I'm out,Strongly agree,Under 20%,Landlords taking advantage,High rents for no rhyme or reason. A 3 bed ground floor unit with zero ventilation and sunlight goes for 60 to 70k. Why? Also it’s in a 30 yo property. Question the owner and the simple answer is. When you can’t afford why wasting my time. 2 bed rents are north of 45k. Again no reason.,35 – 44,Not working right now,completed
I pay rent,"East (Whitefield, Marathahalli, KR Puram)",Up to 10%,I negotiated it down,3–5 months,,,,,,None of these,I'd never leave over rent,Agree,Under 20%,Not enough housing,"Anything close to prominent work areas are too too expensive, so you have to increase travel time to ensure rentals are okay as well as society and appartment are good enough",25 – 34,Senior career,completed
I pay rent,"East (Whitefield, Marathahalli, KR Puram)",It didn't go up,I walked/moved out over it,3–5 months,Moved somewhere with a much longer commute,Downgraded to a smaller/older place,Took on flatmates I'd rather not have,,,,I'd never leave over rent,Strongly agree,20–30%,IT salaries,"A centralized digital resource to finding apartments. There are many channels (Facebook groups, WhatsApp groups, Websites like Housing.com,  NoBroker,  MagicBricks), both paid and free, in which most listings are unreliable. They will either turn out to be scams, or landlords will arbitrarily change prices/terms of the agreement.

Another tough part is being a non-IT service employee and looking for houses. Everybody just assumes our salaries are on par, but most of us don't make enough money to live comfortably in a metro city. (To illustrate that: our incomes 4-5 years into our career still fall below the lowest tax bracket -- i.e. we're exempt) Renting makes up a much larger portion of our income than it does for IT workers with salaries exceeding 1 lakh a month.",25 – 34,Mid career,completed
I pay rent,"East (Whitefield, Marathahalli, KR Puram)",Up to 10%,"I paid it, no discussion",6–8 months,,,,,,None of these,I'd never leave over rent,Agree,,Too many people moving here,,35 – 44,,completed
I pay rent,"East (Whitefield, Marathahalli, KR Puram)",Up to 10%,I negotiated it down,1–2 months' rent,,Downgraded to a smaller/older place,,,Delayed other financial goals,,Another 25%,Strongly agree,20–30%,Landlords taking advantage,"The hardest part is usually the upfront cost: most landlords ask for 6–10 months' rent as a security deposit, which is brutal for a big city.

Beyond that, tenants struggle with:
- Broker fees on top of the deposit
- Frequent rent hikes at renewal (often 10%+ per year)
- Limited stock in prime tech-corridor areas (Koramangala, Indiranagar, Whitefield) near work, so long commutes are common
- Landlords being picky about food/lifestyle preferences (veg-only buildings, bachelor restrictions)",25 – 34,Mid career,completed
I pay rent,"East (Whitefield, Marathahalli, KR Puram)",Up to 10%,I negotiated it down,1–2 months' rent,,,,,Delayed other financial goals,,Another 10% and I'm out,Strongly agree,Under 20%,Landlords taking advantage,"Rising rents overall: rents have climbed sharply post-pandemic as people returned to office and demand outpaced new supply, especially in tech corridors like Whitefield, Sarjapur Road, and HSR Layout.
	•	Traffic-driven location lock-in: because commutes are so bad, people end up paying a premium to live close to work, which shrinks their options and bargaining power.
	•	Water and power issues: many newer apartment complexes on the outskirts rely on tanker water supply, and tenants often don’t find out about shortages until after moving in.
	•	Lack of standardized rental agreements: verbal promises about maintenance, deposit return, or notice periods often don’t hold up, and tenants have little legal recourse compared to more formalized rental markets elsewhere.
	•	Deposit refund disputes: getting the full security deposit back at move-out is a common pain point — landlords deduct for “wear and tear” that’s disputed.
	•	Furnished vs. unfurnished confusion: listings aren’t always accurate, so what’s advertised as “semi-furnished” varies wildly, leading to surprises during viewings.
	•	Broker-dominated market: many good listings never make it to portals like NoBroker or 99acres because brokers keep them exclusive, so word-of-mouth and local Facebook/WhatsApp groups often work better than apps.",25 – 34,Mid career,completed
I pay rent,"Central (Indiranagar, Koramangala, MG Road area)",21–40%,I walked/moved out over it,,,,,Dipped into savings to keep up,,,Another 10% and I'm out,Strongly agree,20–30%,Landlords taking advantage,Landlords have just no concern and keep raising rents. My landlord asked for a 22% increase.,45 – 54,,completed
I pay rent,"Central (Indiranagar, Koramangala, MG Road area)",Up to 10%,,3–5 months,Moved somewhere with a much longer commute,Downgraded to a smaller/older place,Took on flatmates I'd rather not have,,Delayed other financial goals,,Another 10% and I'm out,Strongly agree,20–30%,Landlords taking advantage,Cost and landlords monopoly,25 – 34,,completed
I pay rent,"East (Whitefield, Marathahalli, KR Puram)",Up to 10%,"I paid it, no discussion",1–2 months' rent,Moved somewhere with a much longer commute,Downgraded to a smaller/older place,,,,,I'll pay whatever it takes to stay,Strongly agree,Under 20%,Landlords taking advantage,"Being at the mercy of landlords or societies in aspects like rules, dos and don'ts, rent hikes, parking etc.",35 – 44,Mid career,completed
I pay rent,"East (Whitefield, Marathahalli, KR Puram)",Up to 10%,"I paid it, no discussion",3–5 months,,,,Dipped into savings to keep up,Delayed other financial goals,,Another 10% and I'm out,,20–30%,Too many people moving here,Finding good place with uninterrupted water supply and dealing with brokers.,25 – 34,Mid career,completed
I pay rent,"East (Whitefield, Marathahalli, KR Puram)",Up to 10%,I negotiated it down,3–5 months,Moved somewhere with a much longer commute,,,,,,Another 10% and I'm out,Strongly agree,30–40%,Too many people moving here,The market is cornered by brokers. Need better price discovery mechanics.,25 – 34,Mid career,completed
I pay rent,Outer / just outside city limits,Up to 10%,I negotiated it down,3–5 months,,,,,,None of these,Another 25%,Strongly disagree,30–40%,Not enough housing,Discoverability and expectation gaps,35 – 44,Mid career,completed
I pay rent,Outer / just outside city limits,Up to 10%,"I paid it, no discussion",6–8 months,Moved somewhere with a much longer commute,,,,,,Another 10% and I'm out,Strongly agree,20–30%,Landlords taking advantage,"The fact that you dont have an option but to do what the landlord says, if you disagree you'd be homeless. So it's a take it or leave it for renters.",25 – 34,Mid career,completed
I pay rent,"East (Whitefield, Marathahalli, KR Puram)",11–20%,"I paid it, no discussion",1–2 months' rent,,,,,,None of these,I'll pay whatever it takes to stay,Strongly agree,Under 20%,Too many people moving here,"Need to find near office to manage traffic, which means higher rents and cost of living and lower standard of living.",25 – 34,Mid career,completed
I pay rent,"Central (Indiranagar, Koramangala, MG Road area)",,"I paid it, no discussion",3–5 months,,Downgraded to a smaller/older place,,,,,Another 10% and I'm out,Strongly agree,Under 20%,Too many people moving here,,25 – 34,Self-employed / run my own business,completed
I pay rent,"South (HSR, BTM, Jayanagar, JP Nagar)",Up to 10%,"I paid it, no discussion",3–5 months,,,,,,None of these,I'd never leave over rent,Disagree,Under 20%,IT salaries,Hard to find a good house near to office location,25 – 34,Senior career,completed
I pay rent,"East (Whitefield, Marathahalli, KR Puram)",,"I paid it, no discussion",9–10 months,,,,,Delayed other financial goals,,I'm already past my limit,Strongly agree,20–30%,IT salaries,"Extremely high security deposit, probably the worst in the globe",35 – 44,Mid career,completed
I pay rent,"East (Whitefield, Marathahalli, KR Puram)",,I negotiated it down,1–2 months' rent,,,,Dipped into savings to keep up,,,I'll pay whatever it takes to stay,Agree,Under 20%,Too many people moving here,,25 – 34,,completed
I pay rent,"South (HSR, BTM, Jayanagar, JP Nagar)",,Haven't faced a rent hike,3–5 months,Moved somewhere with a much longer commute,,,,,,Another 10% and I'm out,Strongly agree,,Too many people moving here,,25 – 34,,completed
I pay rent,"Central (Indiranagar, Koramangala, MG Road area)",Up to 10%,I negotiated it down,3–5 months,,,,,,None of these,I'd never leave over rent,Not sure,Under 20%,Too many people moving here,,25 – 34,Early career,completed
I pay rent,"East (Whitefield, Marathahalli, KR Puram)",Up to 10%,"I paid it, no discussion",6–8 months,,,,,,None of these,I'd never leave over rent,Disagree,Under 20%,Too many people moving here,,25 – 34,Mid career,completed
I pay rent,"South (HSR, BTM, Jayanagar, JP Nagar)",Up to 10%,"I pushed back, and they didn't budge",3–5 months,Moved somewhere with a much longer commute,Downgraded to a smaller/older place,,,,,Another 10% and I'm out,,20–30%,Landlords taking advantage,"Finding a clean suitable place; not being taken advantage of by local brokers and landlords; travelling to, visiting each flat and dealing with multiple brokers",35 – 44,Mid career,completed
I pay rent,"Central (Indiranagar, Koramangala, MG Road area)",Up to 10%,"I paid it, no discussion",3–5 months,Moved somewhere with a much longer commute,Downgraded to a smaller/older place,,,,,I'm already past my limit,Strongly agree,Under 20%,Landlords taking advantage,,25 – 34,,completed
I pay rent,"Central (Indiranagar, Koramangala, MG Road area)",Up to 10%,"I paid it, no discussion",3–5 months,,,,Dipped into savings to keep up,Delayed other financial goals,,Another 10% and I'm out,Agree,Under 20%,IT salaries,Finding a good place for bachelor,25 – 34,Mid career,completed
I pay rent,"Central (Indiranagar, Koramangala, MG Road area)",Up to 10%,"I paid it, no discussion",3–5 months,Moved somewhere with a much longer commute,Downgraded to a smaller/older place,,,,,Another 25%,Strongly agree,20–30%,Landlords taking advantage,"Rising costs across the board - rent + house help costs + cook + maintenance. It's just extremely expensive. Higher salaries in certain pockets (Indiranagar, MG Road, etc.) make it impossible for someone with lower salaries to live there",Under 25,Early career,completed
I pay rent,"East (Whitefield, Marathahalli, KR Puram)",Up to 10%,"I paid it, no discussion",6–8 months,,,,,,None of these,Another 10% and I'm out,Not sure,20–30%,IT salaries,"reasonable rent, manageable traffic and amenities - all together",35 – 44,Self-employed / run my own business,completed
I pay rent,"East (Whitefield, Marathahalli, KR Puram)",11–20%,I walked/moved out over it,3–5 months,,,,,,,I'm already past my limit,Strongly agree,20–30%,Landlords taking advantage,"High rent - say 50k for an average 2bhk has been normalised. You get nothing extra. The same garbage outside the apartment, the same issues. 

The landlords and brokers have become arrogant and started judging people based on religion, job profile or the state where they come from. 

The landlords assume that if you are not IT, you can’t afford rents and hence they choose not to show the house. 

A stronger rule will change it and people should stop paying ridiculous amounts as rents.",25 – 34,,completed
I pay rent,"East (Whitefield, Marathahalli, KR Puram)",Up to 10%,I negotiated it down,9–10 months,,,,,,None of these,I'll pay whatever it takes to stay,Strongly agree,Under 20%,Too many people moving here,,,Self-employed / run my own business,completed
I pay rent,"West (Rajajinagar, Malleshwaram, Vijayanagar)",Haven't renewed / not applicable,Haven't faced a rent hike,3–5 months,,,,,Delayed other financial goals,,I'm already past my limit,Strongly agree,20–30%,Too many people moving here,,25 – 34,Mid career,completed
I pay rent,"Central (Indiranagar, Koramangala, MG Road area)",It didn't go up,"I paid it, no discussion",,Moved somewhere with a much longer commute,,,Dipped into savings to keep up,Delayed other financial goals,,I'll pay whatever it takes to stay,Disagree,,Brokers,Finding the right house,35 – 44,Mid career,completed
I pay rent,"East (Whitefield, Marathahalli, KR Puram)",Up to 10%,"I paid it, no discussion",3–5 months,,,,Dipped into savings to keep up,,,I'm already past my limit,Strongly agree,Under 20%,IT salaries,Money,25 – 34,Early career,completed
I pay rent,"West (Rajajinagar, Malleshwaram, Vijayanagar)",Up to 10%,,More than 10 months,Moved somewhere with a much longer commute,Downgraded to a smaller/older place,,,,,I'd never leave over rent,Strongly agree,30–40%,,,25 – 34,,completed
I pay rent,"East (Whitefield, Marathahalli, KR Puram)",Haven't renewed / not applicable,"I paid it, no discussion",6–8 months,Moved somewhere with a much longer commute,Downgraded to a smaller/older place,,,Delayed other financial goals,,Another 25%,Disagree,20–30%,Not enough housing,"Lack of abundant ""good"" options",25 – 34,Mid career,completed
I pay rent,"Central (Indiranagar, Koramangala, MG Road area)",Haven't renewed / not applicable,Haven't faced a rent hike,3–5 months,Moved somewhere with a much longer commute,,,,Delayed other financial goals,,I'd never leave over rent,Strongly agree,20–30%,IT salaries,Finding a space with decent lighting and air ventilation.,25 – 34,Early career,completed
I pay rent,"Central (Indiranagar, Koramangala, MG Road area)",It didn't go up,Haven't faced a rent hike,1–2 months' rent,,Downgraded to a smaller/older place,,,,,Another 25%,Agree,Under 20%,Landlords taking advantage,Finding reasonable (rent vs facilities) homes in moderately connected areas,25 – 34,,completed
I pay rent,"East (Whitefield, Marathahalli, KR Puram)",11–20%,"I pushed back, and they didn't budge",1–2 months' rent,,,,,,None of these,Another 25%,Not sure,Under 20%,IT salaries,,35 – 44,Mid career,completed
I pay rent,"Central (Indiranagar, Koramangala, MG Road area)",Up to 10%,"I paid it, no discussion",6–8 months,,,,,,None of these,Another 25%,Strongly disagree,Under 20%,Something else,"The hardest part is that the public infra is not good enough, so you are forced to pay rent close to office, that means hot rental pockets due to localized demand/supply.",35 – 44,Senior career,completed
I pay rent,"South (HSR, BTM, Jayanagar, JP Nagar)",Up to 10%,"I paid it, no discussion",3–5 months,,Downgraded to a smaller/older place,,,,,I'd never leave over rent,Agree,Under 20%,Landlords taking advantage,Brokerage menace; Rental hikes should be capped; Apartments should disband move-in and move-out charges.,25 – 34,Mid career,completed
I pay rent,"Central (Indiranagar, Koramangala, MG Road area)",Up to 10%,"I paid it, no discussion",6–8 months,Moved somewhere with a much longer commute,Downgraded to a smaller/older place,Took on flatmates I'd rather not have,,,,I'm already past my limit,Strongly agree,Under 20%,Brokers,,25 – 34,Early career,completed
I pay rent,"East (Whitefield, Marathahalli, KR Puram)",Up to 10%,"I pushed back, and they didn't budge",3–5 months,,,,Dipped into savings to keep up,,,Another 10% and I'm out,Strongly agree,20–30%,Landlords taking advantage,"If Metro was like NCR, no one will mind staying far...but with school, office and traffic leaves us with little choice",45 – 54,Senior career,completed
I pay rent,"Central (Indiranagar, Koramangala, MG Road area)",Up to 10%,"I pushed back, and they didn't budge",3–5 months,Moved somewhere with a much longer commute,,,,Delayed other financial goals,,I'll pay whatever it takes to stay,Strongly disagree,30–40%,Too many people moving here,,35 – 44,Mid career,completed
I pay rent,"South (HSR, BTM, Jayanagar, JP Nagar)",,I negotiated it down,9–10 months,,Downgraded to a smaller/older place,,,,,Another 25%,,20–30%,Landlords taking advantage,The uncertainty of sudden increases because of the greed of both home owners and brokers.,35 – 44,Self-employed / run my own business,completed
I pay rent,"South (HSR, BTM, Jayanagar, JP Nagar)",Up to 10%,"I paid it, no discussion",3–5 months,Moved somewhere with a much longer commute,,,,Delayed other financial goals,,I'm already past my limit,Agree,20–30%,Not enough housing,,25 – 34,Senior career,completed
I pay rent,"South (HSR, BTM, Jayanagar, JP Nagar)",11–20%,,1–2 months' rent,Moved somewhere with a much longer commute,,,,,,Another 25%,Strongly agree,Over 50%,Too many people moving here,,Under 25,,completed
I pay rent,"West (Rajajinagar, Malleshwaram, Vijayanagar)",Up to 10%,"I paid it, no discussion",9–10 months,,,,Dipped into savings to keep up,Delayed other financial goals,,Another 25%,Agree,Under 20%,Too many people moving here,,25 – 34,Senior career,completed
I pay rent,"Central (Indiranagar, Koramangala, MG Road area)",It didn't go up,"I paid it, no discussion",6–8 months,,,,,,None of these,I'd never leave over rent,Agree,Under 20%,Not enough housing,"There isn’t any. Check out Chennai, Kochi, Delhi to know how a tenant is under a microscope before  deal is done.",55 and above,Self-employed / run my own business,completed
I pay rent,"Central (Indiranagar, Koramangala, MG Road area)",Up to 10%,"I paid it, no discussion",6–8 months,,,,,,None of these,I'd never leave over rent,Disagree,,IT salaries,,35 – 44,Mid career,completed
I pay rent,"Central (Indiranagar, Koramangala, MG Road area)",Up to 10%,I negotiated it down,3–5 months,,,,,Delayed other financial goals,,I'm already past my limit,Strongly agree,20–30%,Landlords taking advantage,,35 – 44,Senior career,completed
I pay rent,"South (HSR, BTM, Jayanagar, JP Nagar)",Up to 10%,"I paid it, no discussion",6–8 months,Moved somewhere with a much longer commute,,,,,,I'd never leave over rent,Disagree,Under 20%,Too many people moving here,,35 – 44,Mid career,completed
I pay rent,"South (HSR, BTM, Jayanagar, JP Nagar)",Up to 10%,"I pushed back, and they didn't budge",6–8 months,Moved somewhere with a much longer commute,Downgraded to a smaller/older place,,Dipped into savings to keep up,Delayed other financial goals,,Another 25%,Agree,30–40%,Landlords taking advantage,,25 – 34,Early career,completed
I pay rent,"Central (Indiranagar, Koramangala, MG Road area)",It didn't go up,Haven't faced a rent hike,3–5 months,,Downgraded to a smaller/older place,,,,,I'm already past my limit,Strongly agree,Under 20%,Landlords taking advantage,Very high deposits and hooliganism/groupism by landlords,25 – 34,Mid career,completed
I pay rent,"South (HSR, BTM, Jayanagar, JP Nagar)",Up to 10%,"I paid it, no discussion",1–2 months' rent,,,,Dipped into savings to keep up,,,I'll pay whatever it takes to stay,Agree,Under 20%,Too many people moving here,,25 – 34,Mid career,completed
I pay rent,Outer / just outside city limits,Up to 10%,"I paid it, no discussion",1–2 months' rent,,,,,Delayed other financial goals,,Another 10% and I'm out,,Under 20%,,Lack of Amenities for the given rent,25 – 34,Mid career,completed
I pay rent,"South (HSR, BTM, Jayanagar, JP Nagar)",Up to 10%,"I pushed back, and they didn't budge",3–5 months,,Downgraded to a smaller/older place,,,,,I'm already past my limit,Strongly agree,30–40%,Landlords taking advantage,,45 – 54,Senior career,completed
I pay rent,"North (Hebbal, Yelahanka, Airport side)",Up to 10%,"I paid it, no discussion",6–8 months,,,,,,None of these,I'd never leave over rent,Not sure,Under 20%,Landlords taking advantage,Landlords expecting usurious rents and paying little head to rights of tenants,45 – 54,Self-employed / run my own business,completed
I pay rent,"Central (Indiranagar, Koramangala, MG Road area)",Up to 10%,I negotiated it down,3–5 months,,,,Dipped into savings to keep up,,,I'll pay whatever it takes to stay,,Under 20%,Landlords taking advantage,"Security deposit. The rent itself is very high and 4x or 6x of that rent is just too much to give in one go.

To be honest it's all landlords taking advantage since there are more takers they simply raise the rent. It's pure greed. It's causes the city to become expensive. These people are at the core of it and they don't even know it. It's a vicious cycle that they start. 

Rent up -> business prices and salary ask up -> stuff and services increase in price -> everything becomes expensive for everyone even landlords -> rent increase because the heat comes back to the landlords.",35 – 44,Self-employed / run my own business,completed
I pay rent,"South (HSR, BTM, Jayanagar, JP Nagar)",It didn't go up,Haven't faced a rent hike,3–5 months,,,,,,None of these,I'll pay whatever it takes to stay,Strongly agree,Under 20%,Too many people moving here,,35 – 44,Self-employed / run my own business,completed
I pay rent,"South (HSR, BTM, Jayanagar, JP Nagar)",Up to 10%,"I paid it, no discussion",9–10 months,,,,,,None of these,,Agree,Under 20%,Something else,Competing with food preference,45 – 54,Mid career,completed
I pay rent,"Central (Indiranagar, Koramangala, MG Road area)",More than 40%,,More than 10 months,,,,,,,I'll pay whatever it takes to stay,Strongly agree,,Landlords taking advantage,"Arbitrary nature of rents in a location with no standardization of amenities, facilities, or even in some cases, area",45 – 54,Senior career,completed
I pay rent,"Central (Indiranagar, Koramangala, MG Road area)",Up to 10%,"I paid it, no discussion",3–5 months,,Downgraded to a smaller/older place,,,,,I'd never leave over rent,Strongly agree,20–30%,Landlords taking advantage,Rents are just too high,45 – 54,Senior career,completed
I pay rent,"East (Whitefield, Marathahalli, KR Puram)",Up to 10%,"I pushed back, and they didn't budge",3–5 months,,,,,Delayed other financial goals,,I'm already past my limit,Agree,30–40%,IT salaries,"The security amount to shift anywhere is insane. I’m bound to stay at this current flat for the last 3 years because the shifting security, the brokerage are insane. The tenant honestly doesn’t have much say in any of this- my landlord has put a clause in my agreement that when I move out, I have to give up a months rent for repairs and repainting. So effectively, for me to move out to a different house with lower rent, is not any cheaper. So I end up taking the 10% hikes every year.",25 – 34,Mid career,completed
I pay rent,Outer / just outside city limits,Up to 10%,I negotiated it down,3–5 months,Moved somewhere with a much longer commute,,,,Delayed other financial goals,,I'd never leave over rent,Strongly agree,Under 20%,Too many people moving here,"Finding decently priced house closer to office and other essential amenities. The biggest problem is the crumbling infrastructure. I can live farther away but traffic is a nightmare (orr commuter- office in mahadevpura, stays in ecity)!!",25 – 34,Mid career,completed
I pay rent,"South (HSR, BTM, Jayanagar, JP Nagar)",11–20%,I negotiated it down,6–8 months,,,,,,None of these,I'll pay whatever it takes to stay,Agree,Under 20%,Too many people moving here,"Cheap, affordable rent. No mechanism to control rental increase",45 – 54,Mid career,completed
I pay rent,Outer / just outside city limits,Up to 10%,"I paid it, no discussion",1–2 months' rent,Moved somewhere with a much longer commute,,,,,,Another 25%,Strongly agree,Under 20%,IT salaries,Matching expectations of home owners in terms of rent and conditions,25 – 34,Early career,completed
I pay rent,"East (Whitefield, Marathahalli, KR Puram)",21–40%,"I pushed back, and they didn't budge",3–5 months,,,,,,None of these,Another 25%,Agree,,Not enough housing,,25 – 34,,completed
I pay rent,"North (Hebbal, Yelahanka, Airport side)",Up to 10%,"I pushed back, and they didn't budge",6–8 months,Moved somewhere with a much longer commute,,,,,,Another 25%,,20–30%,,,25 – 34,Mid career,completed
I pay rent,"South (HSR, BTM, Jayanagar, JP Nagar)",21–40%,"I pushed back, and they didn't budge",6–8 months,,,,,,None of these,I'd never leave over rent,Agree,Under 20%,Landlords taking advantage,"I still consider myself lucky to have good amenities for the rent I'm paying. Others pay exorbitant rent just to stay near their offices and other hotspots, which doesn't make sense for me. The salaries people have, and the pressure they live with, they are always willing to throw money at things (for fancy houses and hot areas, just like founders and VCs) than actually adjust a bit (particularly live a little far from office with better amenities at same or lower price).",25 – 34,Not working right now,completed
I pay rent,"North (Hebbal, Yelahanka, Airport side)",Up to 10%,I negotiated it down,3–5 months,,,,,Delayed other financial goals,,I'll pay whatever it takes to stay,Agree,Under 20%,Landlords taking advantage,"Even the local, no amenities, independent houses wants rent like premimum community apartments with all amenities and security. Landlords have no differentiation.",35 – 44,Senior career,completed
I pay rent,"Central (Indiranagar, Koramangala, MG Road area)",Up to 10%,"I paid it, no discussion",3–5 months,,,,,,None of these,Another 25%,Not sure,Under 20%,Landlords taking advantage,,25 – 34,Mid career,completed
I pay rent,"East (Whitefield, Marathahalli, KR Puram)",Up to 10%,I negotiated it down,1–2 months' rent,,,,,,None of these,Another 10% and I'm out,Agree,Under 20%,Too many people moving here,Right society,45 – 54,,completed
I pay rent,"North (Hebbal, Yelahanka, Airport side)",Haven't renewed / not applicable,Haven't faced a rent hike,3–5 months,Moved somewhere with a much longer commute,Downgraded to a smaller/older place,,,Delayed other financial goals,,I'd never leave over rent,Agree,Under 20%,Too many people moving here,finding the right place,25 – 34,Mid career,completed
I pay rent,"Central (Indiranagar, Koramangala, MG Road area)",It didn't go up,Haven't faced a rent hike,3–5 months,,,Took on flatmates I'd rather not have,,,,Another 25%,Agree,Under 20%,Too many people moving here,,25 – 34,Self-employed / run my own business,completed
I pay rent,"Central (Indiranagar, Koramangala, MG Road area)",Haven't renewed / not applicable,Haven't faced a rent hike,6–8 months,,,,Dipped into savings to keep up,Delayed other financial goals,,I'm already past my limit,Strongly agree,40–50%,Landlords taking advantage,Decent homes for affordable prices and bad maintenance,25 – 34,Early career,completed
I pay rent,"East (Whitefield, Marathahalli, KR Puram)",Up to 10%,"I pushed back, and they didn't budge",3–5 months,,,,,Delayed other financial goals,,I'd never leave over rent,Disagree,20–30%,Not enough housing,Brokerage,35 – 44,Mid career,completed
I pay rent,"Central (Indiranagar, Koramangala, MG Road area)",Up to 10%,,6–8 months,,,,,Delayed other financial goals,,I'm already past my limit,,20–30%,Not enough housing,,35 – 44,,completed
I pay rent,"South (HSR, BTM, Jayanagar, JP Nagar)",Up to 10%,"I paid it, no discussion",3–5 months,,,,Dipped into savings to keep up,,,I'd never leave over rent,Strongly agree,Under 20%,Landlords taking advantage,Finding a good place you make it home,35 – 44,,completed
I pay rent,"South (HSR, BTM, Jayanagar, JP Nagar)",Up to 10%,"I paid it, no discussion",9–10 months,,,,,,None of these,Another 25%,Strongly agree,Under 20%,IT salaries,Scarcity of supply. Especially in jayanagar.,35 – 44,Self-employed / run my own business,completed
I pay rent,"North (Hebbal, Yelahanka, Airport side)",Haven't renewed / not applicable,"I paid it, no discussion",3–5 months,Moved somewhere with a much longer commute,,,,,,I'd never leave over rent,Strongly disagree,20–30%,Too many people moving here,"nothing really versus owning a home, if that's the Q; BLR is just too noisy, too much traffic, etc. Its a BLR problem not a renting problem",Under 25,Early career,completed
I pay rent,"North (Hebbal, Yelahanka, Airport side)",,I negotiated it down,,,,,,,None of these,I'm already past my limit,,20–30%,,"There is always a set of people who are paying very high rent,which pushes the market far ahead of what it need to be",45 – 54,Senior career,completed
I pay rent,"East (Whitefield, Marathahalli, KR Puram)",,I negotiated it down,3–5 months,,,,,,None of these,I'm already past my limit,,Under 20%,,Getting the right sized apartment near the office,25 – 34,Mid career,completed
I pay rent,"West (Rajajinagar, Malleshwaram, Vijayanagar)",Up to 10%,"I paid it, no discussion",3–5 months,,,,,,,Another 25%,Strongly agree,Under 20%,Landlords taking advantage,,25 – 34,,completed
I pay rent,"Central (Indiranagar, Koramangala, MG Road area)",Up to 10%,I negotiated it down,3–5 months,,,,Dipped into savings to keep up,Delayed other financial goals,,I'd never leave over rent,Strongly agree,20–30%,Landlords taking advantage,Not getting a value for money on the rent,35 – 44,Self-employed / run my own business,completed
I pay rent,"Central (Indiranagar, Koramangala, MG Road area)",11–20%,I negotiated it down,3–5 months,,,Took on flatmates I'd rather not have,,,,I'd never leave over rent,Strongly agree,Under 20%,Too many people moving here,"Even after paying a good amount of money, most houses are poorly constructed. You end up viewing at least 20 flats before finalizing one and even then, you have to compromise on either the locality, ventilation, apartment size, or something else.",25 – 34,Early career,completed
I pay rent,"East (Whitefield, Marathahalli, KR Puram)",21–40%,I walked/moved out over it,6–8 months,Moved somewhere with a much longer commute,,,,Delayed other financial goals,,Another 25%,Agree,20–30%,Too many people moving here,"Finding the right neighborhood, with the right configuration of flat, too many variables to optimize on",25 – 34,Mid career,completed
I pay rent,"South (HSR, BTM, Jayanagar, JP Nagar)",Up to 10%,I negotiated it down,3–5 months,,,,,,None of these,Another 10% and I'm out,Strongly agree,Under 20%,Too many people moving here,Getting a good landlord and a good deal,45 – 54,Mid career,completed
I pay rent,Outer / just outside city limits,21–40%,"I pushed back, and they didn't budge",3–5 months,,,,,,None of these,Another 10% and I'm out,Agree,Under 20%,Not enough housing,"Landlords have all the power. Even in premium residential societies, there's discrimination against renters and owners. There's no protection for the security deposit.",35 – 44,Mid career,completed
I pay rent,"Central (Indiranagar, Koramangala, MG Road area)",Up to 10%,"I paid it, no discussion",9–10 months,,,,,,None of these,I'll pay whatever it takes to stay,,Under 20%,Not enough housing,The ability to get another flat in case your current landlord chucks you out because there are limited housing available in central bengaluru,35 – 44,Senior career,completed
I pay rent,"East (Whitefield, Marathahalli, KR Puram)",Up to 10%,I negotiated it down,3–5 months,Moved somewhere with a much longer commute,Downgraded to a smaller/older place,Took on flatmates I'd rather not have,,,,I'm already past my limit,Strongly agree,20–30%,Landlords taking advantage,No good place available for a decent price,25 – 34,Early career,completed
I pay rent,"West (Rajajinagar, Malleshwaram, Vijayanagar)",Haven't renewed / not applicable,"I paid it, no discussion",9–10 months,Moved somewhere with a much longer commute,,,,Delayed other financial goals,,Another 10% and I'm out,Strongly agree,Under 20%,Too many people moving here,To be able to find a good house and decent owners. Landlords are very difficult. They have their own rules and it becomes difficult to find good people.,25 – 34,Mid career,completed
I pay rent,"South (HSR, BTM, Jayanagar, JP Nagar)",It didn't go up,Haven't faced a rent hike,9–10 months,Moved somewhere with a much longer commute,Downgraded to a smaller/older place,,,,,Another 25%,Not sure,Under 20%,Landlords taking advantage,,25 – 34,Mid career,completed
I pay rent,"East (Whitefield, Marathahalli, KR Puram)",Up to 10%,"I pushed back, and they didn't budge",3–5 months,,,,Dipped into savings to keep up,Delayed other financial goals,,Another 10% and I'm out,Agree,Under 20%,Brokers,Logic,35 – 44,Student,completed
I pay rent,"Central (Indiranagar, Koramangala, MG Road area)",Up to 10%,"I paid it, no discussion",3–5 months,,,,,,None of these,I'd never leave over rent,Strongly agree,20–30%,IT salaries,Houses don't justify the rent,35 – 44,Senior career,completed
I pay rent,"South (HSR, BTM, Jayanagar, JP Nagar)",,"I paid it, no discussion",,,,,Dipped into savings to keep up,,,Another 25%,Strongly agree,Under 20%,Too many people moving here,,25 – 34,,completed
I pay rent,"East (Whitefield, Marathahalli, KR Puram)",Haven't renewed / not applicable,Haven't faced a rent hike,3–5 months,Moved somewhere with a much longer commute,,,,,,I'd never leave over rent,Disagree,Under 20%,Too many people moving here,,55 and above,,completed
I pay rent,"Central (Indiranagar, Koramangala, MG Road area)",More than 40%,"I paid it, no discussion",6–8 months,,,,,,None of these,Another 10% and I'm out,Strongly agree,Under 20%,IT salaries,jhhj,35 – 44,Mid career,completed
I pay rent,"South (HSR, BTM, Jayanagar, JP Nagar)",More than 40%,"I pushed back, and they didn't budge",6–8 months,,,,,,None of these,I'd never leave over rent,Not sure,20–30%,Too many people moving here,,25 – 34,Mid career,completed
I pay rent,"East (Whitefield, Marathahalli, KR Puram)",11–20%,I negotiated it down,3–5 months,Moved somewhere with a much longer commute,Downgraded to a smaller/older place,,,,,Another 10% and I'm out,Strongly agree,30–40%,IT salaries,,45 – 54,Self-employed / run my own business,completed
I pay rent,"Central (Indiranagar, Koramangala, MG Road area)",Up to 10%,"I paid it, no discussion",3–5 months,,,,,,None of these,Another 25%,Strongly agree,20–30%,IT salaries,"Despite paying high rent, not getting enough ROI for the rent. Eg: Less space, minimal amenities, Far away from office",35 – 44,Mid career,completed
I pay rent,"Central (Indiranagar, Koramangala, MG Road area)",Haven't renewed / not applicable,I negotiated it down,6–8 months,,,Took on flatmates I'd rather not have,,Delayed other financial goals,,I'd never leave over rent,Strongly agree,20–30%,Too many people moving here,Finding friendly housing societies for bachelors and pet owners,25 – 34,Mid career,completed
I pay rent,"Central (Indiranagar, Koramangala, MG Road area)",Up to 10%,I negotiated it down,3–5 months,,,,,,None of these,Another 25%,Strongly agree,Under 20%,IT salaries,Getting a decent house to live in a decent society which is not too old.,25 – 34,Mid career,completed
I pay rent,"East (Whitefield, Marathahalli, KR Puram)",Up to 10%,"I paid it, no discussion",6–8 months,,,,,,None of these,I'd never leave over rent,Strongly agree,,IT salaries,Moving in and out,45 – 54,Senior career,completed
I pay rent,"North (Hebbal, Yelahanka, Airport side)",Haven't renewed / not applicable,"I pushed back, and they didn't budge",3–5 months,Moved somewhere with a much longer commute,Downgraded to a smaller/older place,,,,,Another 25%,Strongly disagree,Under 20%,Too many people moving here,"The rules are still landlord friendly. In areas like Delhi/NCR you don't have clauses like one month rent deduction, 6 month security  deposits",25 – 34,Mid career,completed
I pay rent,"South (HSR, BTM, Jayanagar, JP Nagar)",Up to 10%,"I pushed back, and they didn't budge",3–5 months,,Downgraded to a smaller/older place,,,,,Another 10% and I'm out,Strongly agree,Under 20%,Not enough housing,,25 – 34,,completed
I pay rent,"Central (Indiranagar, Koramangala, MG Road area)",It didn't go up,I negotiated it down,1–2 months' rent,Moved somewhere with a much longer commute,,Took on flatmates I'd rather not have,,,,Another 10% and I'm out,Strongly agree,20–30%,Too many people moving here,The prices!,35 – 44,Senior career,completed
I pay rent,"North (Hebbal, Yelahanka, Airport side)",,"I paid it, no discussion",More than 10 months,,,,,,None of these,I'd never leave over rent,Strongly agree,,Too many people moving here,Rent levels,45 – 54,Senior career,completed
I pay rent,"Central (Indiranagar, Koramangala, MG Road area)",Up to 10%,"I paid it, no discussion",3–5 months,,Downgraded to a smaller/older place,,,Delayed other financial goals,None of these,Another 25%,Strongly agree,20–30%,IT salaries,Finding house without broker. And broker takes one month's rent. Nobroker is pretty useless in areas like Indiranagar.,25 – 34,Mid career,completed
I pay rent,"East (Whitefield, Marathahalli, KR Puram)",It didn't go up,"I paid it, no discussion",3–5 months,,,,,,None of these,Another 25%,Strongly agree,Under 20%,IT salaries,,25 – 34,Mid career,completed
I pay rent,"South (HSR, BTM, Jayanagar, JP Nagar)",Up to 10%,"I paid it, no discussion",1–2 months' rent,,,,,,None of these,I'll pay whatever it takes to stay,Agree,Under 20%,IT salaries,"Finding a place with balcony, unblocked window without a premium",25 – 34,Early career,completed
I pay rent,"East (Whitefield, Marathahalli, KR Puram)",Up to 10%,"I paid it, no discussion",6–8 months,,,,Dipped into savings to keep up,,,I'll pay whatever it takes to stay,Agree,20–30%,Not enough housing,Deposits and ever increasing rents.,25 – 34,Mid career,completed
I pay rent,"Central (Indiranagar, Koramangala, MG Road area)",More than 40%,,More than 10 months,,,,,,,Another 10% and I'm out,,20–30%,,The scarcity premium that comes from lack of standard housing stock in central Bangalore,35 – 44,Senior career,completed
I pay rent,"Central (Indiranagar, Koramangala, MG Road area)",Up to 10%,"I pushed back, and they didn't budge",3–5 months,,,Took on flatmates I'd rather not have,,,,Another 25%,,20–30%,Too many people moving here,The high Security Deposit,Under 25,,completed
I pay rent,"West (Rajajinagar, Malleshwaram, Vijayanagar)",Haven't renewed / not applicable,Haven't faced a rent hike,9–10 months,,,,,Delayed other financial goals,,I'll pay whatever it takes to stay,Strongly agree,Under 20%,Landlords taking advantage,,25 – 34,,completed
I pay rent,"East (Whitefield, Marathahalli, KR Puram)",Up to 10%,I negotiated it down,6–8 months,,,,,,None of these,I'd never leave over rent,Agree,Under 20%,Too many people moving here,Discovery of homes,25 – 34,Senior career,completed
I pay rent,"West (Rajajinagar, Malleshwaram, Vijayanagar)",,"I paid it, no discussion",3–5 months,Moved somewhere with a much longer commute,Downgraded to a smaller/older place,,,,,I'd never leave over rent,Strongly agree,20–30%,Not enough housing,High deposits and no certainty of deposits being returned,35 – 44,,completed
I pay rent,"East (Whitefield, Marathahalli, KR Puram)",Up to 10%,"I paid it, no discussion",6–8 months,,,,,,None of these,I'd never leave over rent,Agree,Under 20%,Too many people moving here,Finding a good place (place + facilities+ interiors) in your budget,25 – 34,Mid career,completed
I pay rent,"East (Whitefield, Marathahalli, KR Puram)",Up to 10%,"I pushed back, and they didn't budge",3–5 months,Moved somewhere with a much longer commute,,,,Delayed other financial goals,,Another 10% and I'm out,Strongly agree,20–30%,Landlords taking advantage,"Rent is too high…no value for money… only because of earning opportunity is keeping me here otherwise no other reason can keep me here…if I get any opportunity, i will move out…I have been to Mumbai before and there things are much better, even though he rent is ok but people and other livening things are better….given same salary, I will be more than happy to move out as soon as possible..",35 – 44,Mid career,completed
I pay rent,"West (Rajajinagar, Malleshwaram, Vijayanagar)",Up to 10%,"I paid it, no discussion",More than 10 months,,,,Dipped into savings to keep up,Delayed other financial goals,,I'd never leave over rent,Strongly agree,20–30%,IT salaries,,25 – 34,Self-employed / run my own business,completed
I pay rent,"Central (Indiranagar, Koramangala, MG Road area)",Up to 10%,"I paid it, no discussion",3–5 months,,,,,,None of these,Another 25%,Strongly agree,Under 20%,Landlords taking advantage,Finding the right home,35 – 44,Mid career,completed
I pay rent,"South (HSR, BTM, Jayanagar, JP Nagar)",Up to 10%,"I paid it, no discussion",6–8 months,,,,Dipped into savings to keep up,,,Another 25%,Strongly agree,20–30%,Too many people moving here,Exorbitant rental prices,35 – 44,,completed
I pay rent,Outer / just outside city limits,Up to 10%,"I paid it, no discussion",1–2 months' rent,,,,,Delayed other financial goals,,Another 25%,Strongly agree,Under 20%,Landlords taking advantage,,25 – 34,Early career,completed
I pay rent,"East (Whitefield, Marathahalli, KR Puram)",Haven't renewed / not applicable,Haven't faced a rent hike,6–8 months,,,,,,None of these,I'd never leave over rent,Disagree,20–30%,Too many people moving here,Good quality villas are extremely tough to get and are expensive,45 – 54,Senior career,completed
I pay rent,"Central (Indiranagar, Koramangala, MG Road area)",Up to 10%,,3–5 months,,,,,,None of these,,Strongly agree,Under 20%,Too many people moving here,Finding good places nearby,25 – 34,,completed
I pay rent,"East (Whitefield, Marathahalli, KR Puram)",Up to 10%,"I paid it, no discussion",6–8 months,,,,Dipped into savings to keep up,Delayed other financial goals,,Another 10% and I'm out,Strongly agree,Under 20%,IT salaries,Tenants have no say and have to comply to anything and everything to get a decent flat,25 – 34,Early career,completed
I pay rent,"South (HSR, BTM, Jayanagar, JP Nagar)",Up to 10%,"I pushed back, and they didn't budge",1–2 months' rent,,,,,Delayed other financial goals,,I'll pay whatever it takes to stay,,20–30%,Not enough housing,,35 – 44,Mid career,completed
I pay rent,"East (Whitefield, Marathahalli, KR Puram)",More than 40%,I walked/moved out over it,3–5 months,,,,Dipped into savings to keep up,Delayed other financial goals,,I'd never leave over rent,Agree,Under 20%,IT salaries,Finding a good community near desired location,35 – 44,Mid career,completed
I pay rent,"West (Rajajinagar, Malleshwaram, Vijayanagar)",Up to 10%,"I paid it, no discussion",6–8 months,Moved somewhere with a much longer commute,,,,,,I'd never leave over rent,Strongly agree,20–30%,Too many people moving here,Uncertainty. Might have to move out not just bcoz you don’t want to pay the rent but bcoz landlord suddenly came back to city or something else. It’s particularly difficult when your kid is in school and you have house help etc setup and the move is simply a nightmare,35 – 44,Self-employed / run my own business,completed
I pay rent,"East (Whitefield, Marathahalli, KR Puram)",Up to 10%,,3–5 months,,,,,,None of these,I'd never leave over rent,Agree,20–30%,Too many people moving here,"When the owner asks to change , need to house hunt , deal with agents , deal with monetary pinch of moving things and settling again",35 – 44,Mid career,completed
I pay rent,"Central (Indiranagar, Koramangala, MG Road area)",Up to 10%,"I paid it, no discussion",3–5 months,,Downgraded to a smaller/older place,,,Delayed other financial goals,,Another 25%,Strongly agree,Under 20%,,,25 – 34,,completed
I pay rent,"East (Whitefield, Marathahalli, KR Puram)",Up to 10%,"I paid it, no discussion",3–5 months,,,,Dipped into savings to keep up,,,I'm already past my limit,Strongly agree,20–30%,Landlords taking advantage,I tend to think landlords should stop thinking about tenants as an ATM and move towards being hosts. Tenants on the other hand should look at the accomodation as their own and do whatever it takes to keep it in pristine condition. This needs teamwork and it maybe a business but above all else its a basic human need. Or maybe lets just buy sleeping bags and start camping.,25 – 34,Early career,completed
I pay rent,"Central (Indiranagar, Koramangala, MG Road area)",11–20%,I negotiated it down,3–5 months,,,,,,None of these,I'm already past my limit,Strongly agree,20–30%,Landlords taking advantage,Old homes and big rent,35 – 44,,completed
I pay rent,"East (Whitefield, Marathahalli, KR Puram)",11–20%,,3–5 months,,,,,,,I'd never leave over rent,,Under 20%,IT salaries,,,Mid career,completed
I pay rent,"Central (Indiranagar, Koramangala, MG Road area)",Up to 10%,"I pushed back, and they didn't budge",6–8 months,,,,Dipped into savings to keep up,,,I'm already past my limit,Strongly agree,20–30%,Not enough housing,,25 – 34,Early career,completed
I pay rent,"East (Whitefield, Marathahalli, KR Puram)",21–40%,"I pushed back, and they didn't budge",3–5 months,,,,Dipped into savings to keep up,Delayed other financial goals,,Another 25%,Agree,20–30%,Not enough housing,Not getting value for money,25 – 34,Mid career,completed
I pay rent,"Central (Indiranagar, Koramangala, MG Road area)",More than 40%,"I paid it, no discussion",3–5 months,,,,Dipped into savings to keep up,,,I'm already past my limit,Agree,30–40%,Not enough housing,"I've lived in the same neighbourhood for 26 years. The neighbourhood's been getting attention for its ""kind"" community (Which is wiftly disappearing because it's being seen as an experience, not as something residents need to contribute to) over the past decade, is gentrified, rents have gone up 80% in the last 5 years. When it's time to move next, I'll need  to shift out of here just to keep rent manageable.",45 – 54,Self-employed / run my own business,completed
I pay rent,"Central (Indiranagar, Koramangala, MG Road area)",Up to 10%,"I paid it, no discussion",3–5 months,,,,Dipped into savings to keep up,,,I'm already past my limit,Strongly agree,20–30%,Not enough housing,,35 – 44,Self-employed / run my own business,completed
I pay rent,"South (HSR, BTM, Jayanagar, JP Nagar)",Up to 10%,"I pushed back, and they didn't budge",6–8 months,Moved somewhere with a much longer commute,Downgraded to a smaller/older place,,,Delayed other financial goals,,I'm already past my limit,Strongly agree,20–30%,Too many people moving here,deposit and the attitude of landlords who think they can charge whatever they want and outsiders will have to pay,25 – 34,Early career,completed
I pay rent,"North (Hebbal, Yelahanka, Airport side)",,I negotiated it down,,,Downgraded to a smaller/older place,,,,,Another 10% and I'm out,Strongly agree,20–30%,Landlords taking advantage,"There are very few places without unreasonable conditions like no bachelors, no pets, only married couples eyc",45 – 54,Mid career,completed
I pay rent,"Central (Indiranagar, Koramangala, MG Road area)",Up to 10%,I negotiated it down,3–5 months,,,,,Delayed other financial goals,,Another 25%,Strongly agree,20–30%,Too many people moving here,"Finding a good house (light, ventilation etc) with no landlord interference, and also dealing with the brokers (you will almost never get to view a house without a broker being involved).",25 – 34,Mid career,completed
I pay rent,Outer / just outside city limits,11–20%,"I pushed back, and they didn't budge",6–8 months,,,,,,None of these,I'd never leave over rent,Disagree,20–30%,Not enough housing,Finding value for money homes as everything seems overpriced,35 – 44,Self-employed / run my own business,completed
I pay rent,"East (Whitefield, Marathahalli, KR Puram)",Up to 10%,I walked/moved out over it,3–5 months,,Downgraded to a smaller/older place,,,,,Another 10% and I'm out,Strongly agree,40–50%,Too many people moving here,Find a good flat in budget,25 – 34,Early career,completed
I pay rent,"East (Whitefield, Marathahalli, KR Puram)",Up to 10%,"I paid it, no discussion",3–5 months,,,,,,,I'd never leave over rent,Agree,,Too many people moving here,,25 – 34,,completed
I pay rent,"South (HSR, BTM, Jayanagar, JP Nagar)",Up to 10%,"I paid it, no discussion",3–5 months,,Downgraded to a smaller/older place,,,,,I'll pay whatever it takes to stay,Strongly agree,Under 20%,Too many people moving here,There is no value in the rental market. The house is not worth the rent.,25 – 34,Mid career,completed
I pay rent,"Central (Indiranagar, Koramangala, MG Road area)",,"I pushed back, and they didn't budge",3–5 months,,,,,Delayed other financial goals,,I'll pay whatever it takes to stay,,Under 20%,,Hard to find a place with reasonable travel time to office,35 – 44,,completed
I pay rent,"East (Whitefield, Marathahalli, KR Puram)",Up to 10%,"I paid it, no discussion",1–2 months' rent,,Downgraded to a smaller/older place,,,Delayed other financial goals,,Another 25%,Strongly agree,20–30%,Landlords taking advantage,Rent amount =/= Facility. Around the IT corridor the race of converting old PGs into exorbitantly high priced 1BHKs (or compact 1RKs) with burdened with same PG issues has been a revelation to many people coming from Northern or Western part of India.,35 – 44,Mid career,completed
I pay rent,"North (Hebbal, Yelahanka, Airport side)",Up to 10%,I negotiated it down,6–8 months,Moved somewhere with a much longer commute,Downgraded to a smaller/older place,Took on flatmates I'd rather not have,,,,I'd never leave over rent,Strongly agree,20–30%,Landlords taking advantage,"The deposit at the start, which really should only be a month or two of a deposit. 6 months or more is criminal because it’s money we don’t have.",25 – 34,Mid career,completed
I pay rent,"Central (Indiranagar, Koramangala, MG Road area)",Haven't renewed / not applicable,Haven't faced a rent hike,3–5 months,,Downgraded to a smaller/older place,,Dipped into savings to keep up,Delayed other financial goals,,Another 25%,Strongly agree,Under 20%,IT salaries,"High deposits, bare minimum facilities even with exorbitant rents, finding inventory without a broker",25 – 34,Mid career,completed
I pay rent,"West (Rajajinagar, Malleshwaram, Vijayanagar)",,"I paid it, no discussion",,,,,Dipped into savings to keep up,,,I'm already past my limit,,Under 20%,,Beyond limit,35 – 44,Early career,completed
I pay rent,"North (Hebbal, Yelahanka, Airport side)",Up to 10%,"I paid it, no discussion",6–8 months,Moved somewhere with a much longer commute,Downgraded to a smaller/older place,,,Delayed other financial goals,,I'd never leave over rent,Agree,Under 20%,IT salaries,,35 – 44,Mid career,completed
I pay rent,"East (Whitefield, Marathahalli, KR Puram)",Up to 10%,"I paid it, no discussion",3–5 months,,,,,,None of these,Another 25%,Strongly disagree,Under 20%,Not enough housing,,35 – 44,Senior career,completed
I pay rent,"Central (Indiranagar, Koramangala, MG Road area)",21–40%,"I paid it, no discussion",9–10 months,,,,Dipped into savings to keep up,,,I'm already past my limit,Agree,20–30%,Brokers,Exorbitant rents,55 and above,Self-employed / run my own business,completed
I pay rent,"South (HSR, BTM, Jayanagar, JP Nagar)",Haven't renewed / not applicable,Haven't faced a rent hike,6–8 months,,,,,,None of these,Another 25%,Disagree,Under 20%,IT salaries,Great locality and spacious housing is very expensive,25 – 34,Mid career,completed
I pay rent,"Central (Indiranagar, Koramangala, MG Road area)",It didn't go up,,6–8 months,,,Took on flatmates I'd rather not have,,,,I'd never leave over rent,Strongly agree,20–30%,IT salaries,Finding a good apartment with a good layout,25 – 34,Mid career,completed
I pay rent,Outer / just outside city limits,Up to 10%,"I pushed back, and they didn't budge",3–5 months,Moved somewhere with a much longer commute,,Took on flatmates I'd rather not have,Dipped into savings to keep up,Delayed other financial goals,,I'm already past my limit,,30–40%,Landlords taking advantage,Really terribly behaved landlords,25 – 34,Early career,completed
I pay rent,"South (HSR, BTM, Jayanagar, JP Nagar)",Up to 10%,"I paid it, no discussion",3–5 months,,,,,,None of these,I'd never leave over rent,Strongly disagree,Under 20%,IT salaries,Finding a good place,35 – 44,Senior career,completed
I pay rent,"Central (Indiranagar, Koramangala, MG Road area)",Up to 10%,I negotiated it down,3–5 months,,,Took on flatmates I'd rather not have,,,,I'll pay whatever it takes to stay,Strongly disagree,Under 20%,Not enough housing,,35 – 44,,completed
I pay rent,"Central (Indiranagar, Koramangala, MG Road area)",11–20%,"I paid it, no discussion",3–5 months,,,Took on flatmates I'd rather not have,Dipped into savings to keep up,Delayed other financial goals,,I'm already past my limit,Strongly agree,30–40%,Landlords taking advantage,"The entire thing: Brokers taking a month's rent as a cut, landlord not giving the entire deposit during the time of vacating, removing again a month's in the name of renovation even when the damages are minimal. Deposit seems to be the hardest part but it's the overall aspect. Tenets are usually not able to push back on the rent increase because there's a risk of being thrown out as others in dire need are ready to pay that rent price.",25 – 34,Early career,completed
I pay rent,"South (HSR, BTM, Jayanagar, JP Nagar)",Up to 10%,"I pushed back, and they didn't budge",1–2 months' rent,,,,,,None of these,Another 25%,Strongly agree,Under 20%,Landlords taking advantage,,25 – 34,,completed
I pay rent,"East (Whitefield, Marathahalli, KR Puram)",It didn't go up,Haven't faced a rent hike,3–5 months,,Downgraded to a smaller/older place,,,,,Another 25%,Agree,30–40%,Something else,,35 – 44,,completed
I pay rent,"Central (Indiranagar, Koramangala, MG Road area)",Up to 10%,"I paid it, no discussion",3–5 months,,,,,,None of these,I'd never leave over rent,Strongly agree,Under 20%,Too many people moving here,I’ve never really struggled. I’ve been in the same house since I moved here and it’s great because I have a lovely landlady.,35 – 44,Self-employed / run my own business,completed
I pay rent,"South (HSR, BTM, Jayanagar, JP Nagar)",,"I paid it, no discussion",,,,,,,None of these,I'll pay whatever it takes to stay,,20–30%,Too many people moving here,,55 and above,Senior career,completed
I pay rent,"South (HSR, BTM, Jayanagar, JP Nagar)",Up to 10%,"I pushed back, and they didn't budge",3–5 months,,Downgraded to a smaller/older place,,Dipped into savings to keep up,Delayed other financial goals,,I'd never leave over rent,Strongly agree,30–40%,Landlords taking advantage,,35 – 44,,completed
I pay rent,"East (Whitefield, Marathahalli, KR Puram)",Up to 10%,"I paid it, no discussion",3–5 months,,,Took on flatmates I'd rather not have,,,,I'm already past my limit,Strongly agree,20–30%,Landlords taking advantage,With the same rent I can live better somewhere,25 – 34,Mid career,completed
I pay rent,"North (Hebbal, Yelahanka, Airport side)",Haven't renewed / not applicable,Haven't faced a rent hike,6–8 months,,,,Dipped into savings to keep up,,,I'm already past my limit,Strongly agree,20–30%,IT salaries,,45 – 54,,completed
I pay rent,"Central (Indiranagar, Koramangala, MG Road area)",21–40%,,6–8 months,,,,,,,I'm already past my limit,,20–30%,Landlords taking advantage,"There are no rental laws protecting renters and the courts do not bother creating a system for handling such disputes. My landlord has a politician brother he had the property registered in the name of his sister. When I left the apartment my entire 1 lakh deposit was kept inspite of the fact that when I was leaving I got the entire house painted because they were quoting me double the amount I was getting the painting for. When I told her I will sue if they don't send me back the money, as they are clearly violating the rental agreement she said go ahead. So I went to register a case in the police station, they called the lady on the phone, spoke for 5 mins in Kannada and then refused to file a case. Tried another dozen things, but with a myriad of other things to take care of, i stopped trying to get my money back.",25 – 34,Mid career,completed
I pay rent,"East (Whitefield, Marathahalli, KR Puram)",21–40%,I negotiated it down,1–2 months' rent,,Downgraded to a smaller/older place,,,,,I'd never leave over rent,Disagree,Under 20%,Something else,,25 – 34,Early career,completed
I pay rent,"Central (Indiranagar, Koramangala, MG Road area)",Up to 10%,"I paid it, no discussion",6–8 months,,,,,,None of these,Another 25%,,Under 20%,Landlords taking advantage,,45 – 54,,completed
I pay rent,"South (HSR, BTM, Jayanagar, JP Nagar)",Haven't renewed / not applicable,"I paid it, no discussion",More than 10 months,Moved somewhere with a much longer commute,,,,,,Another 25%,Not sure,Under 20%,,"landlords do not return the deposits. tenants get a step figure treatment. a lot of discrimination. brokers don't pay taxes. in the name of painting, even normal wear and tear repairs are done by landlords. landlords are so hungry that they don't even provide parking facilities and construct buildings with 10-15 units for rent. idiots",35 – 44,,completed
I pay rent,"South (HSR, BTM, Jayanagar, JP Nagar)",Up to 10%,"I paid it, no discussion",3–5 months,,,,,Delayed other financial goals,None of these,I'll pay whatever it takes to stay,Strongly agree,,Landlords taking advantage,Paying exorbitant maintenance charges as most apartments do Not have good facilities even after paying rent,25 – 34,Mid career,completed
I pay rent,"South (HSR, BTM, Jayanagar, JP Nagar)",Up to 10%,"I paid it, no discussion",3–5 months,,,,,,None of these,I'd never leave over rent,Strongly agree,Under 20%,Too many people moving here,,25 – 34,Early career,completed
I pay rent,Outer / just outside city limits,21–40%,,3–5 months,Moved somewhere with a much longer commute,,,,,,Another 25%,Strongly agree,,IT salaries,Finding a good house worth of the rent being paid,25 – 34,,completed
I pay rent,"Central (Indiranagar, Koramangala, MG Road area)",Up to 10%,I negotiated it down,1–2 months' rent,,,,,,,Another 25%,Strongly agree,Under 20%,Landlords taking advantage,"Good flats or decent flats are way too expensive, regardless of whether they are located in a gated community or not. This is because as plethora of private three floor buildings with very shitty housing for your options of getting a decent limit that you have to be willing to pay the premium of either living in a gated community and dealing with everything else that comes with it or pay for a better accommodation. For areas like Kormangala or Indira Nagar, you have to pay to live in the area and housing will barely matter.",,Senior career,completed
I pay rent,"East (Whitefield, Marathahalli, KR Puram)",11–20%,"I pushed back, and they didn't budge",More than 10 months,,Downgraded to a smaller/older place,,,,,Another 10% and I'm out,Strongly agree,20–30%,,Rules which they put,25 – 34,Senior career,completed
I pay rent,"South (HSR, BTM, Jayanagar, JP Nagar)",Up to 10%,"I pushed back, and they didn't budge",3–5 months,Moved somewhere with a much longer commute,,,,Delayed other financial goals,,I'd never leave over rent,Strongly agree,Under 20%,Too many people moving here,Entire societies being monopolised by 1-2 brokers.,25 – 34,Mid career,completed
I pay rent,"Central (Indiranagar, Koramangala, MG Road area)",,I negotiated it down,6–8 months,,,,,,None of these,I'm already past my limit,,Under 20%,,Value received vs rent,35 – 44,,completed
I pay rent,"Central (Indiranagar, Koramangala, MG Road area)",Up to 10%,I walked/moved out over it,6–8 months,,Downgraded to a smaller/older place,,,,,Another 10% and I'm out,Strongly agree,30–40%,IT salaries,Landlords raising rent because there are people willing to pay it,25 – 34,Mid career,completed
I pay rent,"Central (Indiranagar, Koramangala, MG Road area)",Haven't renewed / not applicable,"I paid it, no discussion",6–8 months,,,,,,None of these,I'd never leave over rent,Strongly agree,Under 20%,,,25 – 34,Early career,completed
I pay rent,"East (Whitefield, Marathahalli, KR Puram)",Up to 10%,"I paid it, no discussion",3–5 months,,,,,,None of these,I'd never leave over rent,Strongly agree,Under 20%,Landlords taking advantage,Getting a decent home which doesn't break the pockets,25 – 34,,completed
I pay rent,"Central (Indiranagar, Koramangala, MG Road area)",Up to 10%,"I pushed back, and they didn't budge",1–2 months' rent,Moved somewhere with a much longer commute,,,,,,Another 10% and I'm out,Agree,20–30%,Not enough housing,Frequent rent hikes and low bargaining power (survey flow test),25 – 34,Mid career,completed
I pay rent,"Central (Indiranagar, Koramangala, MG Road area)",Haven't renewed / not applicable,Haven't faced a rent hike,3–5 months,,,,Dipped into savings to keep up,Delayed other financial goals,,Another 10% and I'm out,,20–30%,Too many people moving here,,Under 25,,completed
I pay rent,"South (HSR, BTM, Jayanagar, JP Nagar)",Up to 10%,"I paid it, no discussion",3–5 months,Moved somewhere with a much longer commute,,,,Delayed other financial goals,,I'll pay whatever it takes to stay,,20–30%,Too many people moving here,Finding good houses and the opacity,25 – 34,Mid career,completed
I pay rent,"Central (Indiranagar, Koramangala, MG Road area)",Haven't renewed / not applicable,Haven't faced a rent hike,1–2 months' rent,,,,,,None of these,I'd never leave over rent,Strongly agree,20–30%,Too many people moving here,,25 – 34,Mid career,completed
I pay rent,"Central (Indiranagar, Koramangala, MG Road area)",Haven't renewed / not applicable,Haven't faced a rent hike,,,,,,,None of these,Another 25%,Strongly agree,,Landlords taking advantage,,Under 25,,completed
I pay rent,"Central (Indiranagar, Koramangala, MG Road area)",Haven't renewed / not applicable,Haven't faced a rent hike,1–2 months' rent,,,,Dipped into savings to keep up,Delayed other financial goals,,I'd never leave over rent,Strongly agree,20–30%,Landlords taking advantage,"Finding a place that fits all criteria -- location, price, maintenance, security etc. I have comparatively low rent considering the location and security afforded, but the maintenance of the flat is quite poorly done.",25 – 34,Early career,completed